Year,Sex,Age,Value
2009,,,3.8
2009,,00-17 years,4.7
2009,,18-24 years,4.7
2009,,25-54 years,3.4
2009,,55-66 years,3.8
2009,,67+ years,2.5
2009,Males,,3.7
2009,Males,00-17 years,4.6
2009,Males,18-24 years,3.3
2009,Males,25-54 years,3.3
2009,Males,55-66 years,4.3
2009,Males,67+ years,2.7
2009,Females,,4.0
2009,Females,00-17 years,4.8
2009,Females,18-24 years,6.4
2009,Females,25-54 years,3.6
2009,Females,55-66 years,3.2
2009,Females,67+ years,2.4
2010,,,3.6
2010,,00-17 years,3.6
2010,,18-24 years,3.6
2010,,25-54 years,3.6
2010,,55-66 years,3.6
2010,,67+ years,3.6
2010,Males,,3.6
2010,Males,00-17 years,3.6
2010,Males,18-24 years,3.6
2010,Males,25-54 years,3.6
2010,Males,55-66 years,3.6
2010,Males,67+ years,3.6
2010,Females,,3.6
2010,Females,00-17 years,3.6
2010,Females,18-24 years,3.6
2010,Females,25-54 years,3.6
2010,Females,55-66 years,3.6
2010,Females,67+ years,3.6
2011,,,3.9
2011,,00-17 years,3.9
2011,,18-24 years,3.9
2011,,25-54 years,3.9
2011,,55-66 years,3.9
2011,,67+ years,3.9
2011,Males,,3.9
2011,Males,00-17 years,3.9
2011,Males,18-24 years,3.9
2011,Males,25-54 years,3.9
2011,Males,55-66 years,3.9
2011,Males,67+ years,3.9
2011,Females,,3.9
2011,Females,00-17 years,3.9
2011,Females,18-24 years,3.9
2011,Females,25-54 years,3.9
2011,Females,55-66 years,3.9
2011,Females,67+ years,3.9
2012,,,4.2
2012,,00-17 years,4.2
2012,,18-24 years,4.2
2012,,25-54 years,4.2
2012,,55-66 years,4.2
2012,,67+ years,4.2
2012,Males,,4.2
2012,Males,00-17 years,4.2
2012,Males,18-24 years,4.2
2012,Males,25-54 years,4.2
2012,Males,55-66 years,4.2
2012,Males,67+ years,4.2
2012,Females,,4.2
2012,Females,00-17 years,4.2
2012,Females,18-24 years,4.2
2012,Females,25-54 years,4.2
2012,Females,55-66 years,4.2
2012,Females,67+ years,4.2
2013,,,4.2
2013,,00-17 years,4.2
2013,,18-24 years,4.2
2013,,25-54 years,4.2
2013,,55-66 years,4.2
2013,,67+ years,4.2
2013,Males,,4.2
2013,Males,00-17 years,4.2
2013,Males,18-24 years,4.2
2013,Males,25-54 years,4.2
2013,Males,55-66 years,4.2
2013,Males,67+ years,4.2
2013,Females,,4.2
2013,Females,00-17 years,4.2
2013,Females,18-24 years,4.2
2013,Females,25-54 years,4.2
2013,Females,55-66 years,4.2
2013,Females,67+ years,4.2
2014,,,4.0
2014,,00-17 years,4.0
2014,,18-24 years,4.0
2014,,25-54 years,4.0
2014,,55-66 years,4.0
2014,,67+ years,4.0
2014,Males,,4.0
2014,Males,00-17 years,4.0
2014,Males,18-24 years,4.0
2014,Males,25-54 years,4.0
2014,Males,55-66 years,4.0
2014,Males,67+ years,4.0
2014,Females,,4.0
2014,Females,00-17 years,4.0
2014,Females,18-24 years,4.0
2014,Females,25-54 years,4.0
2014,Females,55-66 years,4.0
2014,Females,67+ years,4.0
2015,,,3.8
2015,,00-17 years,3.8
2015,,18-24 years,3.8
2015,,25-54 years,3.8
2015,,55-66 years,3.8
2015,,67+ years,3.8
2015,Males,,3.8
2015,Males,00-17 years,3.8
2015,Males,18-24 years,3.8
2015,Males,25-54 years,3.8
2015,Males,55-66 years,3.8
2015,Males,67+ years,3.8
2015,Females,,3.8
2015,Females,00-17 years,3.8
2015,Females,18-24 years,3.8
2015,Females,25-54 years,3.8
2015,Females,55-66 years,3.8
2015,Females,67+ years,3.8
2016,,,3.4
2016,,00-17 years,3.4
2016,,18-24 years,3.4
2016,,25-54 years,3.4
2016,,55-66 years,3.4
2016,,67+ years,3.4
2016,Males,,3.4
2016,Males,00-17 years,3.4
2016,Males,18-24 years,3.4
2016,Males,25-54 years,3.4
2016,Males,55-66 years,3.4
2016,Males,67+ years,3.4
2016,Females,,3.4
2016,Females,00-17 years,3.4
2016,Females,18-24 years,3.4
2016,Females,25-54 years,3.4
2016,Females,55-66 years,3.4
2016,Females,67+ years,3.4
2017,,,3.3
2017,,00-17 years,3.3
2017,,18-24 years,3.3
2017,,25-54 years,3.3
2017,,55-66 years,3.3
2017,,67+ years,3.3
2017,Males,,3.3
2017,Males,00-17 years,3.3
2017,Males,18-24 years,3.3
2017,Males,25-54 years,3.3
2017,Males,55-66 years,3.3
2017,Males,67+ years,3.3
2017,Females,,3.3
2017,Females,00-17 years,3.3
2017,Females,18-24 years,3.3
2017,Females,25-54 years,3.3
2017,Females,55-66 years,3.3
2017,Females,67+ years,3.3
2018,,,3.0
2018,,00-17 years,3.0
2018,,18-24 years,3.0
2018,,25-54 years,3.0
2018,,55-66 years,3.0
2018,,67+ years,3.0
2018,Males,,3.0
2018,Males,00-17 years,3.0
2018,Males,18-24 years,3.0
2018,Males,25-54 years,3.0
2018,Males,55-66 years,3.0
2018,Males,67+ years,3.0
2018,Females,,3.0
2018,Females,00-17 years,3.0
2018,Females,18-24 years,3.0
2018,Females,25-54 years,3.0
2018,Females,55-66 years,3.0
2018,Females,67+ years,3.0
2019,,,2.7
2019,,00-17 years,2.7
2019,,18-24 years,2.7
2019,,25-54 years,2.7
2019,,55-66 years,2.7
2019,,67+ years,2.7
2019,Males,,2.7
2019,Males,00-17 years,2.7
2019,Males,18-24 years,2.7
2019,Males,25-54 years,2.7
2019,Males,55-66 years,2.7
2019,Males,67+ years,2.7
2019,Females,,2.7
2019,Females,00-17 years,2.7
2019,Females,18-24 years,2.7
2019,Females,25-54 years,2.7
2019,Females,55-66 years,2.7
2019,Females,67+ years,2.7
2020,,,2.4
2020,,00-17 years,2.4
2020,,18-24 years,2.4
2020,,25-54 years,2.4
2020,,55-66 years,2.4
2020,,67+ years,2.4
2020,Males,,2.4
2020,Males,00-17 years,2.4
2020,Males,18-24 years,2.4
2020,Males,25-54 years,2.4
2020,Males,55-66 years,2.4
2020,Males,67+ years,2.4
2020,Females,,2.4
2020,Females,00-17 years,2.4
2020,Females,18-24 years,2.4
2020,Females,25-54 years,2.4
2020,Females,55-66 years,2.4
2020,Females,67+ years,2.4
2021,,,2.7
2021,,00-17 years,2.7
2021,,18-24 years,2.7
2021,,25-54 years,2.7
2021,,55-66 years,2.7
2021,,67+ years,2.7
2021,Males,,2.7
2021,Males,00-17 years,2.7
2021,Males,18-24 years,2.7
2021,Males,25-54 years,2.7
2021,Males,55-66 years,2.7
2021,Males,67+ years,2.7
2021,Females,,2.7
2021,Females,00-17 years,2.7
2021,Females,18-24 years,2.7
2021,Females,25-54 years,2.7
2021,Females,55-66 years,2.7
2021,Females,67+ years,2.7
