Year,Units,data.wastemanagement,Value
2012,data.prosent,,
2012,data.prosent,data.incineration,69.8
2012,data.prosent,data.landfill,14.2
2012,data.prosent,data.recycling,13.7
2012,data.prosent,data.extraordinarypolluting,2.3
2012,data.tons,,43866.0
2012,data.tons,data.incineration,30638.0
2012,data.tons,data.landfill,6222.0
2012,data.tons,data.recycling,6008.0
2012,data.tons,data.extraordinarypolluting,998.0
2013,data.prosent,,
2013,data.prosent,data.incineration,67.3
2013,data.prosent,data.landfill,15.4
2013,data.prosent,data.recycling,15.6
2013,data.prosent,data.extraordinarypolluting,1.6
2013,data.tons,,45300.0
2013,data.tons,data.incineration,30490.0
2013,data.tons,data.landfill,6993.0
2013,data.tons,data.recycling,7084.0
2013,data.tons,data.extraordinarypolluting,733.0
2014,data.prosent,,
2014,data.prosent,data.incineration,65.4
2014,data.prosent,data.landfill,16.6
2014,data.prosent,data.recycling,15.4
2014,data.prosent,data.extraordinarypolluting,2.6
2014,data.tons,,51079.0
2014,data.tons,data.incineration,33396.0
2014,data.tons,data.landfill,8487.0
2014,data.tons,data.recycling,7869.0
2014,data.tons,data.extraordinarypolluting,1327.0
2015,data.prosent,,
2015,data.prosent,data.incineration,66.7
2015,data.prosent,data.landfill,12.5
2015,data.prosent,data.recycling,18.8
2015,data.prosent,data.extraordinarypolluting,2.0
2015,data.tons,,49902.0
2015,data.tons,data.incineration,33282.0
2015,data.tons,data.landfill,6237.0
2015,data.tons,data.recycling,9385.0
2015,data.tons,data.extraordinarypolluting,998.0
2016,data.prosent,,
2016,data.prosent,data.incineration,64.9
2016,data.prosent,data.landfill,16.8
2016,data.prosent,data.recycling,16.3
2016,data.prosent,data.extraordinarypolluting,2.0
2016,data.tons,,51885.0
2016,data.tons,data.incineration,33677.0
2016,data.tons,data.landfill,8691.0
2016,data.tons,data.recycling,8482.0
2016,data.tons,data.extraordinarypolluting,1035.0
