Year,Measure,Frequency of Chlorophyll-a concentration,Value
2005,"Chlorophyll-a deviations, remote sensing (%)",,4.89118
2006,"Chlorophyll-a deviations, remote sensing (%)",,3.70124
2007,"Chlorophyll-a deviations, remote sensing (%)",,3.06608
2008,"Chlorophyll-a deviations, remote sensing (%)",,5.38985
2009,"Chlorophyll-a deviations, remote sensing (%)",,8.33331
2010,"Chlorophyll-a deviations, remote sensing (%)",,10.04076
2011,"Chlorophyll-a deviations, remote sensing (%)",,11.6396
2012,"Chlorophyll-a deviations, remote sensing (%)",,3.69643
2013,"Chlorophyll-a deviations, remote sensing (%)",,6.30942
2014,"Chlorophyll-a deviations, remote sensing (%)",,7.05934
2015,"Chlorophyll-a deviations, remote sensing (%)",,4.37811
2016,"Chlorophyll-a deviations, remote sensing (%)",,2.52618
2017,"Chlorophyll-a deviations, remote sensing (%)",,4.39161
2018,"Chlorophyll-a anomaly, remote sensing (%)",High frequency,5.31634
2018,"Chlorophyll-a anomaly, remote sensing (%)",Moderate frequency,4.91874
2018,"Chlorophyll-a deviations, remote sensing (%)",,3.87649
2019,"Chlorophyll-a anomaly, remote sensing (%)",High frequency,4.5185
2019,"Chlorophyll-a anomaly, remote sensing (%)",Moderate frequency,5.19455
2019,"Chlorophyll-a deviations, remote sensing (%)",,6.09887
2020,"Chlorophyll-a anomaly, remote sensing (%)",,5.90088
2020,"Chlorophyll-a anomaly, remote sensing (%)",High frequency,5.17124
2020,"Chlorophyll-a deviations, remote sensing (%)",Moderate frequency,6.08639
2021,"Chlorophyll-a deviations, remote sensing (%)",,3.59289
