Year,Main source,Source,Value
1990,,,
1990,Fuel combustion,,0.7
1990,Fuel combustion,Energy industries,0.1
1990,Fuel combustion,Manufacturing industries and construction,0.1
1990,Fuel combustion,Transport sector,0.1
1990,Fuel combustion,Other sectors,0.4
1990,International Bunkers,,
1990,International Bunkers,Aviation,
1990,International Bunkers,Navigation,
1991,,,0.6
1991,Fuel combustion,,0.6
1991,Fuel combustion,Energy industries,0.1
1991,Fuel combustion,Manufacturing industries and construction,0.1
1991,Fuel combustion,Transport sector,0.1
1991,Fuel combustion,Other sectors,0.4
1991,International Bunkers,,0.0
1991,International Bunkers,Aviation,0.0
1991,International Bunkers,Navigation,
1992,,,0.7
1992,Fuel combustion,,0.6
1992,Fuel combustion,Energy industries,0.1
1992,Fuel combustion,Manufacturing industries and construction,0.0
1992,Fuel combustion,Transport sector,0.1
1992,Fuel combustion,Other sectors,0.4
1992,International Bunkers,,0.1
1992,International Bunkers,Aviation,0.0
1992,International Bunkers,Navigation,0.1
1993,,,0.7
1993,Fuel combustion,,0.5
1993,Fuel combustion,Energy industries,0.1
1993,Fuel combustion,Manufacturing industries and construction,0.0
1993,Fuel combustion,Transport sector,0.1
1993,Fuel combustion,Other sectors,0.3
1993,International Bunkers,,0.1
1993,International Bunkers,Aviation,0.0
1993,International Bunkers,Navigation,0.1
1994,,,0.7
1994,Fuel combustion,,0.5
1994,Fuel combustion,Energy industries,0.1
1994,Fuel combustion,Manufacturing industries and construction,0.0
1994,Fuel combustion,Transport sector,0.1
1994,Fuel combustion,Other sectors,0.3
1994,International Bunkers,,0.1
1994,International Bunkers,Aviation,0.0
1994,International Bunkers,Navigation,0.1
1995,,,0.7
1995,Fuel combustion,,0.5
1995,Fuel combustion,Energy industries,0.1
1995,Fuel combustion,Manufacturing industries and construction,0.0
1995,Fuel combustion,Transport sector,0.1
1995,Fuel combustion,Other sectors,0.3
1995,International Bunkers,,0.1
1995,International Bunkers,Aviation,0.0
1995,International Bunkers,Navigation,0.1
1996,,,0.7
1996,Fuel combustion,,0.6
1996,Fuel combustion,Energy industries,0.1
1996,Fuel combustion,Manufacturing industries and construction,0.0
1996,Fuel combustion,Transport sector,0.1
1996,Fuel combustion,Other sectors,0.3
1996,International Bunkers,,0.1
1996,International Bunkers,Aviation,0.0
1996,International Bunkers,Navigation,0.1
1997,,,0.7
1997,Fuel combustion,,0.6
1997,Fuel combustion,Energy industries,0.1
1997,Fuel combustion,Manufacturing industries and construction,0.0
1997,Fuel combustion,Transport sector,0.1
1997,Fuel combustion,Other sectors,0.3
1997,International Bunkers,,0.1
1997,International Bunkers,Aviation,0.0
1997,International Bunkers,Navigation,0.1
1998,,,0.7
1998,Fuel combustion,,0.6
1998,Fuel combustion,Energy industries,0.1
1998,Fuel combustion,Manufacturing industries and construction,0.1
1998,Fuel combustion,Transport sector,0.1
1998,Fuel combustion,Other sectors,0.4
1998,International Bunkers,,0.1
1998,International Bunkers,Aviation,0.0
1998,International Bunkers,Navigation,0.1
1999,,,0.8
1999,Fuel combustion,,0.6
1999,Fuel combustion,Energy industries,0.1
1999,Fuel combustion,Manufacturing industries and construction,0.1
1999,Fuel combustion,Transport sector,0.1
1999,Fuel combustion,Other sectors,0.4
1999,International Bunkers,,0.1
1999,International Bunkers,Aviation,0.0
1999,International Bunkers,Navigation,0.1
2000,,,0.8
2000,Fuel combustion,,0.7
2000,Fuel combustion,Energy industries,0.1
2000,Fuel combustion,Manufacturing industries and construction,0.1
2000,Fuel combustion,Transport sector,0.1
2000,Fuel combustion,Other sectors,0.4
2000,International Bunkers,,0.1
2000,International Bunkers,Aviation,0.0
2000,International Bunkers,Navigation,0.1
2001,,,1.0
2001,Fuel combustion,,0.8
2001,Fuel combustion,Energy industries,0.2
2001,Fuel combustion,Manufacturing industries and construction,0.1
2001,Fuel combustion,Transport sector,0.1
2001,Fuel combustion,Other sectors,0.5
2001,International Bunkers,,0.1
2001,International Bunkers,Aviation,0.0
2001,International Bunkers,Navigation,0.1
2002,,,0.9
2002,Fuel combustion,,0.8
2002,Fuel combustion,Energy industries,0.1
2002,Fuel combustion,Manufacturing industries and construction,0.1
2002,Fuel combustion,Transport sector,0.1
2002,Fuel combustion,Other sectors,0.5
2002,International Bunkers,,0.1
2002,International Bunkers,Aviation,0.0
2002,International Bunkers,Navigation,0.1
2003,,,0.9
2003,Fuel combustion,,0.8
2003,Fuel combustion,Energy industries,0.1
2003,Fuel combustion,Manufacturing industries and construction,0.1
2003,Fuel combustion,Transport sector,0.1
2003,Fuel combustion,Other sectors,0.5
2003,International Bunkers,,0.1
2003,International Bunkers,Aviation,0.0
2003,International Bunkers,Navigation,0.1
2004,,,0.9
2004,Fuel combustion,,0.8
2004,Fuel combustion,Energy industries,0.1
2004,Fuel combustion,Manufacturing industries and construction,0.1
2004,Fuel combustion,Transport sector,0.1
2004,Fuel combustion,Other sectors,0.5
2004,International Bunkers,,0.1
2004,International Bunkers,Aviation,0.0
2004,International Bunkers,Navigation,0.1
2005,,,0.9
2005,Fuel combustion,,0.8
2005,Fuel combustion,Energy industries,0.1
2005,Fuel combustion,Manufacturing industries and construction,0.1
2005,Fuel combustion,Transport sector,0.1
2005,Fuel combustion,Other sectors,0.5
2005,International Bunkers,,0.1
2005,International Bunkers,Aviation,0.0
2005,International Bunkers,Navigation,0.1
2006,,,0.8
2006,Fuel combustion,,0.8
2006,Fuel combustion,Energy industries,0.1
2006,Fuel combustion,Manufacturing industries and construction,0.1
2006,Fuel combustion,Transport sector,0.1
2006,Fuel combustion,Other sectors,0.5
2006,International Bunkers,,0.0
2006,International Bunkers,Aviation,0.0
2006,International Bunkers,Navigation,0.0
2007,,,0.8
2007,Fuel combustion,,0.8
2007,Fuel combustion,Energy industries,0.1
2007,Fuel combustion,Manufacturing industries and construction,0.1
2007,Fuel combustion,Transport sector,0.1
2007,Fuel combustion,Other sectors,0.5
2007,International Bunkers,,0.0
2007,International Bunkers,Aviation,0.0
2007,International Bunkers,Navigation,0.0
2008,,,0.8
2008,Fuel combustion,,0.7
2008,Fuel combustion,Energy industries,0.1
2008,Fuel combustion,Manufacturing industries and construction,0.1
2008,Fuel combustion,Transport sector,0.1
2008,Fuel combustion,Other sectors,0.4
2008,International Bunkers,,0.0
2008,International Bunkers,Aviation,0.0
2008,International Bunkers,Navigation,0.0
2009,,,0.8
2009,Fuel combustion,,0.8
2009,Fuel combustion,Energy industries,0.1
2009,Fuel combustion,Manufacturing industries and construction,0.0
2009,Fuel combustion,Transport sector,0.1
2009,Fuel combustion,Other sectors,0.5
2009,International Bunkers,,0.1
2009,International Bunkers,Aviation,0.0
2009,International Bunkers,Navigation,0.1
2010,,,0.9
2010,Fuel combustion,,0.8
2010,Fuel combustion,Energy industries,0.2
2010,Fuel combustion,Manufacturing industries and construction,0.0
2010,Fuel combustion,Transport sector,0.1
2010,Fuel combustion,Other sectors,0.5
2010,International Bunkers,,0.0
2010,International Bunkers,Aviation,0.0
2010,International Bunkers,Navigation,0.0
2011,,,0.8
2011,Fuel combustion,,0.7
2011,Fuel combustion,Energy industries,0.1
2011,Fuel combustion,Manufacturing industries and construction,0.0
2011,Fuel combustion,Transport sector,0.1
2011,Fuel combustion,Other sectors,0.4
2011,International Bunkers,,0.0
2011,International Bunkers,Aviation,0.0
2011,International Bunkers,Navigation,0.0
2012,,,0.9
2012,Fuel combustion,,0.8
2012,Fuel combustion,Energy industries,0.1
2012,Fuel combustion,Manufacturing industries and construction,0.0
2012,Fuel combustion,Transport sector,0.1
2012,Fuel combustion,Other sectors,0.5
2012,International Bunkers,,0.1
2012,International Bunkers,Aviation,0.0
2012,International Bunkers,Navigation,0.1
2013,,,0.8
2013,Fuel combustion,,0.8
2013,Fuel combustion,Energy industries,0.1
2013,Fuel combustion,Manufacturing industries and construction,0.0
2013,Fuel combustion,Transport sector,0.1
2013,Fuel combustion,Other sectors,0.5
2013,International Bunkers,,0.0
2013,International Bunkers,Aviation,0.0
2013,International Bunkers,Navigation,0.0
2014,,,0.8
2014,Fuel combustion,,0.8
2014,Fuel combustion,Energy industries,0.1
2014,Fuel combustion,Manufacturing industries and construction,0.1
2014,Fuel combustion,Transport sector,0.1
2014,Fuel combustion,Other sectors,0.5
2014,International Bunkers,,0.0
2014,International Bunkers,Aviation,0.0
2014,International Bunkers,Navigation,0.0
2015,,,0.8
2015,Fuel combustion,,0.8
2015,Fuel combustion,Energy industries,0.1
2015,Fuel combustion,Manufacturing industries and construction,0.1
2015,Fuel combustion,Transport sector,0.1
2015,Fuel combustion,Other sectors,0.5
2015,International Bunkers,,0.0
2015,International Bunkers,Aviation,0.0
2015,International Bunkers,Navigation,0.0
2016,,,0.8
2016,Fuel combustion,,0.8
2016,Fuel combustion,Energy industries,0.1
2016,Fuel combustion,Manufacturing industries and construction,0.1
2016,Fuel combustion,Transport sector,0.1
2016,Fuel combustion,Other sectors,0.5
2016,International Bunkers,,0.0
2016,International Bunkers,Aviation,0.0
2016,International Bunkers,Navigation,0.0
2017,,,1.0
2017,Fuel combustion,,0.9
2017,Fuel combustion,Energy industries,0.1
2017,Fuel combustion,Manufacturing industries and construction,0.1
2017,Fuel combustion,Transport sector,0.2
2017,Fuel combustion,Other sectors,0.6
2017,International Bunkers,,0.1
2017,International Bunkers,Aviation,0.0
2017,International Bunkers,Navigation,0.1
2018,,,1.1
2018,Fuel combustion,,1.0
2018,Fuel combustion,Energy industries,0.1
2018,Fuel combustion,Manufacturing industries and construction,0.1
2018,Fuel combustion,Transport sector,0.2
2018,Fuel combustion,Other sectors,0.7
2018,International Bunkers,,0.1
2018,International Bunkers,Aviation,0.0
2018,International Bunkers,Navigation,0.1
2019,,,1.1
2019,Fuel combustion,,1.1
2019,Fuel combustion,Energy industries,0.2
2019,Fuel combustion,Manufacturing industries and construction,0.1
2019,Fuel combustion,Transport sector,0.2
2019,Fuel combustion,Other sectors,0.7
2019,International Bunkers,,0.0
2019,International Bunkers,Aviation,0.0
2019,International Bunkers,Navigation,0.0
2020,,,1.2
2020,Fuel combustion,,1.1
2020,Fuel combustion,Energy industries,0.2
2020,Fuel combustion,Manufacturing industries and construction,0.1
2020,Fuel combustion,Transport sector,0.2
2020,Fuel combustion,Other sectors,0.7
2020,International Bunkers,,0.1
2020,International Bunkers,Aviation,0.0
2020,International Bunkers,Navigation,0.1
