Year,Series,Units,occupation,Value
2010,Density and distribution,Full-time equivalent,Medical doctors,116.9
2010,Density and distribution,Full-time equivalent,Nursing and midwifery personnel,629.8
2010,Density and distribution,Full-time equivalent,Pharmacists,62.0
2010,Density and distribution,Full-time equivalent,Dentists,39.0
2011,Density and distribution,Full-time equivalent,Medical doctors,117.5
2011,Density and distribution,Full-time equivalent,Nursing and midwifery personnel,625.8
2011,Density and distribution,Full-time equivalent,Pharmacists,56.0
2011,Density and distribution,Full-time equivalent,Dentists,39.0
2012,Density and distribution,Full-time equivalent,Medical doctors,121.4
2012,Density and distribution,Full-time equivalent,Nursing and midwifery personnel,627.1
2012,Density and distribution,Full-time equivalent,Pharmacists,58.0
2012,Density and distribution,Full-time equivalent,Dentists,44.0
2013,Density and distribution,Full-time equivalent,Medical doctors,127.0
2013,Density and distribution,Full-time equivalent,Nursing and midwifery personnel,621.9
2013,Density and distribution,Full-time equivalent,Pharmacists,57.7
2013,Density and distribution,Full-time equivalent,Dentists,44.0
2014,Density and distribution,Full-time equivalent,Medical doctors,130.1
2014,Density and distribution,Full-time equivalent,Nursing and midwifery personnel,613.3
2014,Density and distribution,Full-time equivalent,Pharmacists,61.0
2014,Density and distribution,Full-time equivalent,Dentists,46.0
2015,Density and distribution,Full-time equivalent,Medical doctors,135.9
2015,Density and distribution,Full-time equivalent,Nursing and midwifery personnel,631.8
2015,Density and distribution,Full-time equivalent,Pharmacists,64.7
2016,Density and distribution,Full-time equivalent,Medical doctors,139.1
2016,Density and distribution,Full-time equivalent,Nursing and midwifery personnel,653.6
2016,Density and distribution,Full-time equivalent,Pharmacists,63.7
2017,Density and distribution,Full-time equivalent,Medical doctors,137.0
2017,Density and distribution,Full-time equivalent,Nursing and midwifery personnel,642.2
2017,Density and distribution,Full-time equivalent,Pharmacists,68.9
2018,Density and distribution,Full-time equivalent,Medical doctors,149.1
2018,Density and distribution,Full-time equivalent,Nursing and midwifery personnel,681.6
2018,Density and distribution,Full-time equivalent,Pharmacists,65.6
2019,Density and distribution,Full-time equivalent,Medical doctors,154.4
2019,Density and distribution,Full-time equivalent,Nursing and midwifery personnel,689.0
2019,Density and distribution,Full-time equivalent,Pharmacists,69.1
2020,Density and distribution,Full-time equivalent,Medical doctors,158.6
2020,Density and distribution,Full-time equivalent,Nursing and midwifery personnel,688.0
2020,Density and distribution,Full-time equivalent,Pharmacists,66.7
2020,Density and distribution,Full-time equivalent,Dentists,51.0
2021,Density and distribution,Full-time equivalent,Medical doctors,169.3
2021,Density and distribution,Full-time equivalent,Nursing and midwifery personnel,711.7
2021,Density and distribution,Full-time equivalent,Pharmacists,67.8
2021,Density and distribution,Full-time equivalent,Dentists,51.0
2010,Density and distribution,"Per 10,000 population",Medical doctors,24.1239836559495
2010,Density and distribution,"Per 10,000 population",Nursing and midwifery personnel,129.968219901771
2010,Density and distribution,"Per 10,000 population",Pharmacists,12.7945850014446
2010,Density and distribution,"Per 10,000 population",Dentists,8.0482066944571
2011,Density and distribution,"Per 10,000 population",Medical doctors,24.3256112456783
2011,Density and distribution,"Per 10,000 population",Nursing and midwifery personnel,129.557170362089
2011,Density and distribution,"Per 10,000 population",Pharmacists,11.5934828064509
2011,Density and distribution,"Per 10,000 population",Dentists,8.0740326687783
2012,Density and distribution,"Per 10,000 population",Medical doctors,25.2385605288871
2012,Density and distribution,"Per 10,000 population",Nursing and midwifery personnel,130.371509947818
2012,Density and distribution,"Per 10,000 population",Pharmacists,12.0579613729444
2012,Density and distribution,"Per 10,000 population",Dentists,9.1474189725785
2013,Density and distribution,"Per 10,000 population",Medical doctors,26.4178809531239
2013,Density and distribution,"Per 10,000 population",Nursing and midwifery personnel,129.364410746045
2013,Density and distribution,"Per 10,000 population",Pharmacists,12.0024545747657
2013,Density and distribution,"Per 10,000 population",Dentists,9.1526516687988
2014,Density and distribution,"Per 10,000 population",Medical doctors,26.9051804363561
2014,Density and distribution,"Per 10,000 population",Nursing and midwifery personnel,126.832799090063
2014,Density and distribution,"Per 10,000 population",Pharmacists,12.6150346396443
2014,Density and distribution,"Per 10,000 population",Dentists,9.5129769413711
2015,Density and distribution,"Per 10,000 population",Medical doctors,27.8238437442418
2015,Density and distribution,"Per 10,000 population",Nursing and midwifery personnel,129.353233830846
2015,Density and distribution,"Per 10,000 population",Pharmacists,13.2465245787523
2016,Density and distribution,"Per 10,000 population",Medical doctors,28.1351132686084
2016,Density and distribution,"Per 10,000 population",Nursing and midwifery personnel,132.200647249191
2016,Density and distribution,"Per 10,000 population",Pharmacists,12.8843042071197
2017,Density and distribution,"Per 10,000 population",Medical doctors,27.3343974461293
2017,Density and distribution,"Per 10,000 population",Nursing and midwifery personnel,128.132482043097
2017,Density and distribution,"Per 10,000 population",Pharmacists,13.7470071827614
2018,Density and distribution,"Per 10,000 population",Medical doctors,29.3174980828598
2018,Density and distribution,"Per 10,000 population",Nursing and midwifery personnel,134.022848378788
2018,Density and distribution,"Per 10,000 population",Pharmacists,12.898912637395
2019,Density and distribution,"Per 10,000 population",Medical doctors,29.8816539418043
2019,Density and distribution,"Per 10,000 population",Nursing and midwifery personnel,133.344945375021
2019,Density and distribution,"Per 10,000 population",Pharmacists,13.3732013431262
2020,Density and distribution,"Per 10,000 population",Medical doctors,30.2279484638256
2020,Density and distribution,"Per 10,000 population",Nursing and midwifery personnel,131.12754440802
2020,Density and distribution,"Per 10,000 population",Pharmacists,12.7125104825799
2020,Density and distribution,"Per 10,000 population",Dentists,9.7202104139666
2021,Density and distribution,"Per 10,000 population",Medical doctors,31.8230091822445
2021,Density and distribution,"Per 10,000 population",Nursing and midwifery personnel,133.776938186671
2021,Density and distribution,"Per 10,000 population",Pharmacists,12.7442411255533
2021,Density and distribution,"Per 10,000 population",Dentists,9.5863760678941
