Year,Mát,Value
1998,"Vøruhandil við umheimin, ársins prísir (% av BTÚ)",73.1
1998,Fingnar veitingar (reiðupeningur ella feingi) (% av BTÚ),4.2
1998,Rakstrarviðskifti gjaldsjavnans (% av BTÚ),19.2
1998,"Beinleiðis íløgur, netto (% av BTÚ)",..
1998,"Íløgur í virðisbrøv, netto (mió USD)",..
1998,Samlaða gjaldoyragoymslan í mánaðum av innflutningi,..
1998,Samlað skuldarafturgjalding (% av útflutningi),..
1998,"Uttanlandsskuld, brutto (% av BTI)",..
1998,"Gjaldoyrakursur, DKK/USD (ársmiðal)",669.7
1998,Árligur vøkstur av peninganøgdini (%),..
1998,Peninganøgdin í mun til gjaldoyragoymslu,..
1998,Mishildin lán í mun til útlán áðrenn niðurskrivingar (%),..
1998,Kapitalur í mun til ognir,..
1998,Skattainntøkur samanlagt (% av BTÚ),44.4
1998,Fíggjarkrav netto fyri (% av BTÚ),31.3
1998,Almenn skuld (% av BTÚ),..
1998,Árligur vøkstur av BTÚ (%),..
1998,Árligur vøkstur av bruttoíløgum (%),..
1998,Árligur vøkstur av nýtsluútreiðslum hjá húsarhaldum (%),..
1998,Árligur vøkstur av almennum nýtsluútreiðslum (%),..
1998,Árligur vøkstur av útflutningi av vørum og tænastum (%),..
1998,Árligur vøkstur av innflutningi av vørum og tænastum (%),..
1998,"Árligur prísvøkstur, brúkaraprístalið (%)",4.7
1998,"Arbeiðsloysið (arbeiðsleys í prosent av arbeiðsfjøld, 15-74 ár)",..
1999,"Vøruhandil við umheimin, ársins prísir (% av BTÚ)",82.2
1999,Fingnar veitingar (reiðupeningur ella feingi) (% av BTÚ),4.3
1999,Rakstrarviðskifti gjaldsjavnans (% av BTÚ),14.8
1999,"Beinleiðis íløgur, netto (% av BTÚ)",..
1999,"Íløgur í virðisbrøv, netto (mió USD)",..
1999,Samlaða gjaldoyragoymslan í mánaðum av innflutningi,..
1999,Samlað skuldarafturgjalding (% av útflutningi),..
1999,"Uttanlandsskuld, brutto (% av BTI)",..
1999,"Gjaldoyrakursur, DKK/USD (ársmiðal)",698.3
1999,Árligur vøkstur av peninganøgdini (%),..
1999,Peninganøgdin í mun til gjaldoyragoymslu,..
1999,Mishildin lán í mun til útlán áðrenn niðurskrivingar (%),..
1999,Kapitalur í mun til ognir,..
1999,Skattainntøkur samanlagt (% av BTÚ),45.9
1999,Fíggjarkrav netto fyri (% av BTÚ),14.8
1999,Almenn skuld (% av BTÚ),..
1999,Árligur vøkstur av BTÚ (%),5.8
1999,Árligur vøkstur av bruttoíløgum (%),14.5
1999,Árligur vøkstur av nýtsluútreiðslum hjá húsarhaldum (%),9.8
1999,Árligur vøkstur av almennum nýtsluútreiðslum (%),9.4
1999,Árligur vøkstur av útflutningi av vørum og tænastum (%),11.1
1999,Árligur vøkstur av innflutningi av vørum og tænastum (%),22.3
1999,"Árligur prísvøkstur, brúkaraprístalið (%)",5.1
1999,"Arbeiðsloysið (arbeiðsleys í prosent av arbeiðsfjøld, 15-74 ár)",..
2000,"Vøruhandil við umheimin, ársins prísir (% av BTÚ)",93.0
2000,Fingnar veitingar (reiðupeningur ella feingi) (% av BTÚ),3.9
2000,Rakstrarviðskifti gjaldsjavnans (% av BTÚ),9.3
2000,"Beinleiðis íløgur, netto (% av BTÚ)",..
2000,"Íløgur í virðisbrøv, netto (mió USD)",..
2000,Samlaða gjaldoyragoymslan í mánaðum av innflutningi,..
2000,Samlað skuldarafturgjalding (% av útflutningi),..
2000,"Uttanlandsskuld, brutto (% av BTI)",..
2000,"Gjaldoyrakursur, DKK/USD (ársmiðal)",809.0
2000,Árligur vøkstur av peninganøgdini (%),..
2000,Peninganøgdin í mun til gjaldoyragoymslu,..
2000,Mishildin lán í mun til útlán áðrenn niðurskrivingar (%),..
2000,Kapitalur í mun til ognir,..
2000,Skattainntøkur samanlagt (% av BTÚ),45.0
2000,Fíggjarkrav netto fyri (% av BTÚ),9.3
2000,Almenn skuld (% av BTÚ),..
2000,Árligur vøkstur av BTÚ (%),9.4
2000,Árligur vøkstur av bruttoíløgum (%),42.3
2000,Árligur vøkstur av nýtsluútreiðslum hjá húsarhaldum (%),5.3
2000,Árligur vøkstur av almennum nýtsluútreiðslum (%),9.0
2000,Árligur vøkstur av útflutningi av vørum og tænastum (%),15.4
2000,Árligur vøkstur av innflutningi av vørum og tænastum (%),25.5
2000,"Árligur prísvøkstur, brúkaraprístalið (%)",4.9
2000,"Arbeiðsloysið (arbeiðsleys í prosent av arbeiðsfjøld, 15-74 ár)",..
2001,"Vøruhandil við umheimin, ársins prísir (% av BTÚ)",86.2
2001,Fingnar veitingar (reiðupeningur ella feingi) (% av BTÚ),3.2
2001,Rakstrarviðskifti gjaldsjavnans (% av BTÚ),12.5
2001,"Beinleiðis íløgur, netto (% av BTÚ)",..
2001,"Íløgur í virðisbrøv, netto (mió USD)",..
2001,Samlaða gjaldoyragoymslan í mánaðum av innflutningi,..
2001,Samlað skuldarafturgjalding (% av útflutningi),..
2001,"Uttanlandsskuld, brutto (% av BTI)",..
2001,"Gjaldoyrakursur, DKK/USD (ársmiðal)",831.9
2001,Árligur vøkstur av peninganøgdini (%),..
2001,Peninganøgdin í mun til gjaldoyragoymslu,..
2001,Mishildin lán í mun til útlán áðrenn niðurskrivingar (%),..
2001,Kapitalur í mun til ognir,..
2001,Skattainntøkur samanlagt (% av BTÚ),44.2
2001,Fíggjarkrav netto fyri (% av BTÚ),12.5
2001,Almenn skuld (% av BTÚ),..
2001,Árligur vøkstur av BTÚ (%),12.0
2001,Árligur vøkstur av bruttoíløgum (%),-5.3
2001,Árligur vøkstur av nýtsluútreiðslum hjá húsarhaldum (%),9.4
2001,Árligur vøkstur av almennum nýtsluútreiðslum (%),11.1
2001,Árligur vøkstur av útflutningi av vørum og tænastum (%),12.5
2001,Árligur vøkstur av innflutningi av vørum og tænastum (%),0.9
2001,"Árligur prísvøkstur, brúkaraprístalið (%)",2.7
2001,"Arbeiðsloysið (arbeiðsleys í prosent av arbeiðsfjøld, 15-74 ár)",..
2002,"Vøruhandil við umheimin, ársins prísir (% av BTÚ)",79.7
2002,Fingnar veitingar (reiðupeningur ella feingi) (% av BTÚ),3.0
2002,Rakstrarviðskifti gjaldsjavnans (% av BTÚ),10.1
2002,"Beinleiðis íløgur, netto (% av BTÚ)",..
2002,"Íløgur í virðisbrøv, netto (mió USD)",..
2002,Samlaða gjaldoyragoymslan í mánaðum av innflutningi,..
2002,Samlað skuldarafturgjalding (% av útflutningi),..
2002,"Uttanlandsskuld, brutto (% av BTI)",..
2002,"Gjaldoyrakursur, DKK/USD (ársmiðal)",788.1
2002,Árligur vøkstur av peninganøgdini (%),..
2002,Peninganøgdin í mun til gjaldoyragoymslu,..
2002,Mishildin lán í mun til útlán áðrenn niðurskrivingar (%),..
2002,Kapitalur í mun til ognir,..
2002,Skattainntøkur samanlagt (% av BTÚ),45.2
2002,Fíggjarkrav netto fyri (% av BTÚ),10.1
2002,Almenn skuld (% av BTÚ),..
2002,Árligur vøkstur av BTÚ (%),4.2
2002,Árligur vøkstur av bruttoíløgum (%),-6.7
2002,Árligur vøkstur av nýtsluútreiðslum hjá húsarhaldum (%),4.7
2002,Árligur vøkstur av almennum nýtsluútreiðslum (%),8.8
2002,Árligur vøkstur av útflutningi av vørum og tænastum (%),-0.8
2002,Árligur vøkstur av innflutningi av vørum og tænastum (%),-3.1
2002,"Árligur prísvøkstur, brúkaraprístalið (%)",0.5
2002,"Arbeiðsloysið (arbeiðsleys í prosent av arbeiðsfjøld, 15-74 ár)",..
2003,"Vøruhandil við umheimin, ársins prísir (% av BTÚ)",87.4
2003,Fingnar veitingar (reiðupeningur ella feingi) (% av BTÚ),3.4
2003,Rakstrarviðskifti gjaldsjavnans (% av BTÚ),-3.5
2003,"Beinleiðis íløgur, netto (% av BTÚ)",..
2003,"Íløgur í virðisbrøv, netto (mió USD)",..
2003,Samlaða gjaldoyragoymslan í mánaðum av innflutningi,..
2003,Samlað skuldarafturgjalding (% av útflutningi),..
2003,"Uttanlandsskuld, brutto (% av BTI)",61.6
2003,"Gjaldoyrakursur, DKK/USD (ársmiðal)",659.0
2003,Árligur vøkstur av peninganøgdini (%),..
2003,Peninganøgdin í mun til gjaldoyragoymslu,..
2003,Mishildin lán í mun til útlán áðrenn niðurskrivingar (%),..
2003,Kapitalur í mun til ognir,..
2003,Skattainntøkur samanlagt (% av BTÚ),45.3
2003,Fíggjarkrav netto fyri (% av BTÚ),-3.5
2003,Almenn skuld (% av BTÚ),..
2003,Árligur vøkstur av BTÚ (%),-1.9
2003,Árligur vøkstur av bruttoíløgum (%),32.8
2003,Árligur vøkstur av nýtsluútreiðslum hjá húsarhaldum (%),5.4
2003,Árligur vøkstur av almennum nýtsluútreiðslum (%),6.7
2003,Árligur vøkstur av útflutningi av vørum og tænastum (%),-6.3
2003,Árligur vøkstur av innflutningi av vørum og tænastum (%),21.9
2003,"Árligur prísvøkstur, brúkaraprístalið (%)",1.2
2003,"Arbeiðsloysið (arbeiðsleys í prosent av arbeiðsfjøld, 15-74 ár)",..
2004,"Vøruhandil við umheimin, ársins prísir (% av BTÚ)",71.6
2004,Fingnar veitingar (reiðupeningur ella feingi) (% av BTÚ),2.9
2004,Rakstrarviðskifti gjaldsjavnans (% av BTÚ),5.3
2004,"Beinleiðis íløgur, netto (% av BTÚ)",..
2004,"Íløgur í virðisbrøv, netto (mió USD)",..
2004,Samlaða gjaldoyragoymslan í mánaðum av innflutningi,..
2004,Samlað skuldarafturgjalding (% av útflutningi),..
2004,"Uttanlandsskuld, brutto (% av BTI)",60.3
2004,"Gjaldoyrakursur, DKK/USD (ársmiðal)",598.9
2004,Árligur vøkstur av peninganøgdini (%),..
2004,Peninganøgdin í mun til gjaldoyragoymslu,..
2004,Mishildin lán í mun til útlán áðrenn niðurskrivingar (%),..
2004,Kapitalur í mun til ognir,..
2004,Skattainntøkur samanlagt (% av BTÚ),43.8
2004,Fíggjarkrav netto fyri (% av BTÚ),5.3
2004,Almenn skuld (% av BTÚ),..
2004,Árligur vøkstur av BTÚ (%),3.6
2004,Árligur vøkstur av bruttoíløgum (%),-34.1
2004,Árligur vøkstur av nýtsluútreiðslum hjá húsarhaldum (%),7.2
2004,Árligur vøkstur av almennum nýtsluútreiðslum (%),6.0
2004,Árligur vøkstur av útflutningi av vørum og tænastum (%),-2.4
2004,Árligur vøkstur av innflutningi av vørum og tænastum (%),-15.6
2004,"Árligur prísvøkstur, brúkaraprístalið (%)",0.6
2004,"Arbeiðsloysið (arbeiðsleys í prosent av arbeiðsfjøld, 15-74 ár)",..
2005,"Vøruhandil við umheimin, ársins prísir (% av BTÚ)",75.6
2005,Fingnar veitingar (reiðupeningur ella feingi) (% av BTÚ),3.7
2005,Rakstrarviðskifti gjaldsjavnans (% av BTÚ),-5.7
2005,"Beinleiðis íløgur, netto (% av BTÚ)",..
2005,"Íløgur í virðisbrøv, netto (mió USD)",..
2005,Samlaða gjaldoyragoymslan í mánaðum av innflutningi,..
2005,Samlað skuldarafturgjalding (% av útflutningi),..
2005,"Uttanlandsskuld, brutto (% av BTI)",75.5
2005,"Gjaldoyrakursur, DKK/USD (ársmiðal)",600.3
2005,Árligur vøkstur av peninganøgdini (%),..
2005,Peninganøgdin í mun til gjaldoyragoymslu,..
2005,Mishildin lán í mun til útlán áðrenn niðurskrivingar (%),..
2005,Kapitalur í mun til ognir,..
2005,Skattainntøkur samanlagt (% av BTÚ),43.6
2005,Fíggjarkrav netto fyri (% av BTÚ),-5.7
2005,Almenn skuld (% av BTÚ),..
2005,Árligur vøkstur av BTÚ (%),2.8
2005,Árligur vøkstur av bruttoíløgum (%),11.8
2005,Árligur vøkstur av nýtsluútreiðslum hjá húsarhaldum (%),18.1
2005,Árligur vøkstur av almennum nýtsluútreiðslum (%),5.2
2005,Árligur vøkstur av útflutningi av vørum og tænastum (%),-1.7
2005,Árligur vøkstur av innflutningi av vørum og tænastum (%),21.0
2005,"Árligur prísvøkstur, brúkaraprístalið (%)",2.0
2005,"Arbeiðsloysið (arbeiðsleys í prosent av arbeiðsfjøld, 15-74 ár)",3.5
2006,"Vøruhandil við umheimin, ársins prísir (% av BTÚ)",71.0
2006,Fingnar veitingar (reiðupeningur ella feingi) (% av BTÚ),3.6
2006,Rakstrarviðskifti gjaldsjavnans (% av BTÚ),-3.1
2006,"Beinleiðis íløgur, netto (% av BTÚ)",..
2006,"Íløgur í virðisbrøv, netto (mió USD)",..
2006,Samlaða gjaldoyragoymslan í mánaðum av innflutningi,..
2006,Samlað skuldarafturgjalding (% av útflutningi),..
2006,"Uttanlandsskuld, brutto (% av BTI)",84.4
2006,"Gjaldoyrakursur, DKK/USD (ársmiðal)",594.7
2006,Árligur vøkstur av peninganøgdini (%),..
2006,Peninganøgdin í mun til gjaldoyragoymslu,..
2006,Mishildin lán í mun til útlán áðrenn niðurskrivingar (%),..
2006,Kapitalur í mun til ognir,..
2006,Skattainntøkur samanlagt (% av BTÚ),43.5
2006,Fíggjarkrav netto fyri (% av BTÚ),-3.1
2006,Almenn skuld (% av BTÚ),..
2006,Árligur vøkstur av BTÚ (%),13.9
2006,Árligur vøkstur av bruttoíløgum (%),49.5
2006,Árligur vøkstur av nýtsluútreiðslum hjá húsarhaldum (%),1.3
2006,Árligur vøkstur av almennum nýtsluútreiðslum (%),3.9
2006,Árligur vøkstur av útflutningi av vørum og tænastum (%),13.0
2006,Árligur vøkstur av innflutningi av vørum og tænastum (%),7.3
2006,"Árligur prísvøkstur, brúkaraprístalið (%)",1.5
2006,"Arbeiðsloysið (arbeiðsleys í prosent av arbeiðsfjøld, 15-74 ár)",1.8
2007,"Vøruhandil við umheimin, ársins prísir (% av BTÚ)",75.4
2007,Fingnar veitingar (reiðupeningur ella feingi) (% av BTÚ),3.8
2007,Rakstrarviðskifti gjaldsjavnans (% av BTÚ),-3.5
2007,"Beinleiðis íløgur, netto (% av BTÚ)",..
2007,"Íløgur í virðisbrøv, netto (mió USD)",..
2007,Samlaða gjaldoyragoymslan í mánaðum av innflutningi,..
2007,Samlað skuldarafturgjalding (% av útflutningi),..
2007,"Uttanlandsskuld, brutto (% av BTI)",108.2
2007,"Gjaldoyrakursur, DKK/USD (ársmiðal)",544.6
2007,Árligur vøkstur av peninganøgdini (%),..
2007,Peninganøgdin í mun til gjaldoyragoymslu,..
2007,Mishildin lán í mun til útlán áðrenn niðurskrivingar (%),..
2007,Kapitalur í mun til ognir,..
2007,Skattainntøkur samanlagt (% av BTÚ),44.9
2007,Fíggjarkrav netto fyri (% av BTÚ),-3.5
2007,Almenn skuld (% av BTÚ),..
2007,Árligur vøkstur av BTÚ (%),6.0
2007,Árligur vøkstur av bruttoíløgum (%),19.2
2007,Árligur vøkstur av nýtsluútreiðslum hjá húsarhaldum (%),1.2
2007,Árligur vøkstur av almennum nýtsluútreiðslum (%),8.3
2007,Árligur vøkstur av útflutningi av vørum og tænastum (%),7.0
2007,Árligur vøkstur av innflutningi av vørum og tænastum (%),9.5
2007,"Árligur prísvøkstur, brúkaraprístalið (%)",3.6
2007,"Arbeiðsloysið (arbeiðsleys í prosent av arbeiðsfjøld, 15-74 ár)",1.7
2008,"Vøruhandil við umheimin, ársins prísir (% av BTÚ)",73.8
2008,Fingnar veitingar (reiðupeningur ella feingi) (% av BTÚ),4.5
2008,Rakstrarviðskifti gjaldsjavnans (% av BTÚ),-4.8
2008,"Beinleiðis íløgur, netto (% av BTÚ)",..
2008,"Íløgur í virðisbrøv, netto (mió USD)",..
2008,Samlaða gjaldoyragoymslan í mánaðum av innflutningi,..
2008,Samlað skuldarafturgjalding (% av útflutningi),..
2008,"Uttanlandsskuld, brutto (% av BTI)",118.4
2008,"Gjaldoyrakursur, DKK/USD (ársmiðal)",509.9
2008,Árligur vøkstur av peninganøgdini (%),..
2008,Peninganøgdin í mun til gjaldoyragoymslu,..
2008,Mishildin lán í mun til útlán áðrenn niðurskrivingar (%),..
2008,Kapitalur í mun til ognir,..
2008,Skattainntøkur samanlagt (% av BTÚ),45.2
2008,Fíggjarkrav netto fyri (% av BTÚ),-4.8
2008,Almenn skuld (% av BTÚ),..
2008,Árligur vøkstur av BTÚ (%),-0.1
2008,Árligur vøkstur av bruttoíløgum (%),-18.1
2008,Árligur vøkstur av nýtsluútreiðslum hjá húsarhaldum (%),-2.1
2008,Árligur vøkstur av almennum nýtsluútreiðslum (%),10.7
2008,Árligur vøkstur av útflutningi av vørum og tænastum (%),8.8
2008,Árligur vøkstur av innflutningi av vørum og tænastum (%),-0.1
2008,"Árligur prísvøkstur, brúkaraprístalið (%)",6.3
2008,"Arbeiðsloysið (arbeiðsleys í prosent av arbeiðsfjøld, 15-74 ár)",2.4
2009,"Vøruhandil við umheimin, ársins prísir (% av BTÚ)",67.7
2009,Fingnar veitingar (reiðupeningur ella feingi) (% av BTÚ),5.3
2009,Rakstrarviðskifti gjaldsjavnans (% av BTÚ),-5.7
2009,"Beinleiðis íløgur, netto (% av BTÚ)",..
2009,"Íløgur í virðisbrøv, netto (mió USD)",..
2009,Samlaða gjaldoyragoymslan í mánaðum av innflutningi,..
2009,Samlað skuldarafturgjalding (% av útflutningi),..
2009,"Uttanlandsskuld, brutto (% av BTI)",140.4
2009,"Gjaldoyrakursur, DKK/USD (ársmiðal)",535.5
2009,Árligur vøkstur av peninganøgdini (%),..
2009,Peninganøgdin í mun til gjaldoyragoymslu,..
2009,Mishildin lán í mun til útlán áðrenn niðurskrivingar (%),..
2009,Kapitalur í mun til ognir,..
2009,Skattainntøkur samanlagt (% av BTÚ),43.7
2009,Fíggjarkrav netto fyri (% av BTÚ),-5.7
2009,Almenn skuld (% av BTÚ),..
2009,Árligur vøkstur av BTÚ (%),-3.0
2009,Árligur vøkstur av bruttoíløgum (%),-36.2
2009,Árligur vøkstur av nýtsluútreiðslum hjá húsarhaldum (%),5.4
2009,Árligur vøkstur av almennum nýtsluútreiðslum (%),3.8
2009,Árligur vøkstur av útflutningi av vørum og tænastum (%),-7.9
2009,Árligur vøkstur av innflutningi av vørum og tænastum (%),-10.3
2009,"Árligur prísvøkstur, brúkaraprístalið (%)",-1.1
2009,"Arbeiðsloysið (arbeiðsleys í prosent av arbeiðsfjøld, 15-74 ár)",3.9
2010,"Vøruhandil við umheimin, ársins prísir (% av BTÚ)",69.6
2010,Fingnar veitingar (reiðupeningur ella feingi) (% av BTÚ),5.4
2010,Rakstrarviðskifti gjaldsjavnans (% av BTÚ),4.1
2010,"Beinleiðis íløgur, netto (% av BTÚ)",..
2010,"Íløgur í virðisbrøv, netto (mió USD)",..
2010,Samlaða gjaldoyragoymslan í mánaðum av innflutningi,..
2010,Samlað skuldarafturgjalding (% av útflutningi),..
2010,"Uttanlandsskuld, brutto (% av BTI)",144.7
2010,"Gjaldoyrakursur, DKK/USD (ársmiðal)",562.6
2010,Árligur vøkstur av peninganøgdini (%),..
2010,Peninganøgdin í mun til gjaldoyragoymslu,..
2010,Mishildin lán í mun til útlán áðrenn niðurskrivingar (%),..
2010,Kapitalur í mun til ognir,..
2010,Skattainntøkur samanlagt (% av BTÚ),43.1
2010,Fíggjarkrav netto fyri (% av BTÚ),4.1
2010,Almenn skuld (% av BTÚ),..
2010,Árligur vøkstur av BTÚ (%),6.1
2010,Árligur vøkstur av bruttoíløgum (%),18.4
2010,Árligur vøkstur av nýtsluútreiðslum hjá húsarhaldum (%),-7.1
2010,Árligur vøkstur av almennum nýtsluútreiðslum (%),4.8
2010,Árligur vøkstur av útflutningi av vørum og tænastum (%),14.0
2010,Árligur vøkstur av innflutningi av vørum og tænastum (%),1.1
2010,"Árligur prísvøkstur, brúkaraprístalið (%)",0.4
2010,"Arbeiðsloysið (arbeiðsleys í prosent av arbeiðsfjøld, 15-74 ár)",6.4
2011,"Vøruhandil við umheimin, ársins prísir (% av BTÚ)",79.8
2011,Fingnar veitingar (reiðupeningur ella feingi) (% av BTÚ),6.1
2011,Rakstrarviðskifti gjaldsjavnans (% av BTÚ),12.1
2011,"Beinleiðis íløgur, netto (% av BTÚ)",..
2011,"Íløgur í virðisbrøv, netto (mió USD)",..
2011,Samlaða gjaldoyragoymslan í mánaðum av innflutningi,..
2011,Samlað skuldarafturgjalding (% av útflutningi),..
2011,"Uttanlandsskuld, brutto (% av BTI)",128.2
2011,"Gjaldoyrakursur, DKK/USD (ársmiðal)",536.2
2011,Árligur vøkstur av peninganøgdini (%),..
2011,Peninganøgdin í mun til gjaldoyragoymslu,..
2011,Mishildin lán í mun til útlán áðrenn niðurskrivingar (%),..
2011,Kapitalur í mun til ognir,..
2011,Skattainntøkur samanlagt (% av BTÚ),43.8
2011,Fíggjarkrav netto fyri (% av BTÚ),12.1
2011,Almenn skuld (% av BTÚ),..
2011,Árligur vøkstur av BTÚ (%),2.7
2011,Árligur vøkstur av bruttoíløgum (%),-14.6
2011,Árligur vøkstur av nýtsluútreiðslum hjá húsarhaldum (%),4.3
2011,Árligur vøkstur av almennum nýtsluútreiðslum (%),1.7
2011,Árligur vøkstur av útflutningi av vørum og tænastum (%),15.1
2011,Árligur vøkstur av innflutningi av vørum og tænastum (%),8.6
2011,"Árligur prísvøkstur, brúkaraprístalið (%)",2.3
2011,"Arbeiðsloysið (arbeiðsleys í prosent av arbeiðsfjøld, 15-74 ár)",5.3
2012,"Vøruhandil við umheimin, ársins prísir (% av BTÚ)",87.3
2012,Fingnar veitingar (reiðupeningur ella feingi) (% av BTÚ),6.5
2012,Rakstrarviðskifti gjaldsjavnans (% av BTÚ),-1.3
2012,"Beinleiðis íløgur, netto (% av BTÚ)",..
2012,"Íløgur í virðisbrøv, netto (mió USD)",..
2012,Samlaða gjaldoyragoymslan í mánaðum av innflutningi,..
2012,Samlað skuldarafturgjalding (% av útflutningi),..
2012,"Uttanlandsskuld, brutto (% av BTI)",131.9
2012,"Gjaldoyrakursur, DKK/USD (ársmiðal)",579.7
2012,Árligur vøkstur av peninganøgdini (%),..
2012,Peninganøgdin í mun til gjaldoyragoymslu,..
2012,Mishildin lán í mun til útlán áðrenn niðurskrivingar (%),..
2012,Kapitalur í mun til ognir,..
2012,Skattainntøkur samanlagt (% av BTÚ),43.0
2012,Fíggjarkrav netto fyri (% av BTÚ),-1.3
2012,Almenn skuld (% av BTÚ),..
2012,Árligur vøkstur av BTÚ (%),4.2
2012,Árligur vøkstur av bruttoíløgum (%),70.4
2012,Árligur vøkstur av nýtsluútreiðslum hjá húsarhaldum (%),7.9
2012,Árligur vøkstur av almennum nýtsluútreiðslum (%),1.8
2012,Árligur vøkstur av útflutningi av vørum og tænastum (%),4.8
2012,Árligur vøkstur av innflutningi av vørum og tænastum (%),26.4
2012,"Árligur prísvøkstur, brúkaraprístalið (%)",2.1
2012,"Arbeiðsloysið (arbeiðsleys í prosent av arbeiðsfjøld, 15-74 ár)",3.0
2013,"Vøruhandil við umheimin, ársins prísir (% av BTÚ)",82.7
2013,Fingnar veitingar (reiðupeningur ella feingi) (% av BTÚ),6.7
2013,Rakstrarviðskifti gjaldsjavnans (% av BTÚ),7.7
2013,"Beinleiðis íløgur, netto (% av BTÚ)",..
2013,"Íløgur í virðisbrøv, netto (mió USD)",..
2013,Samlaða gjaldoyragoymslan í mánaðum av innflutningi,..
2013,Samlað skuldarafturgjalding (% av útflutningi),..
2013,"Uttanlandsskuld, brutto (% av BTI)",134.3
2013,"Gjaldoyrakursur, DKK/USD (ársmiðal)",561.6
2013,Árligur vøkstur av peninganøgdini (%),..
2013,Peninganøgdin í mun til gjaldoyragoymslu,..
2013,Mishildin lán í mun til útlán áðrenn niðurskrivingar (%),..
2013,Kapitalur í mun til ognir,..
2013,Skattainntøkur samanlagt (% av BTÚ),40.2
2013,Fíggjarkrav netto fyri (% av BTÚ),7.7
2013,Almenn skuld (% av BTÚ),..
2013,Árligur vøkstur av BTÚ (%),7.5
2013,Árligur vøkstur av bruttoíløgum (%),-11.1
2013,Árligur vøkstur av nýtsluútreiðslum hjá húsarhaldum (%),1.5
2013,Árligur vøkstur av almennum nýtsluútreiðslum (%),2.9
2013,Árligur vøkstur av útflutningi av vørum og tænastum (%),13.4
2013,Árligur vøkstur av innflutningi av vørum og tænastum (%),-2.5
2013,"Árligur prísvøkstur, brúkaraprístalið (%)",-0.6
2013,"Arbeiðsloysið (arbeiðsleys í prosent av arbeiðsfjøld, 15-74 ár)",4.0
2014,"Vøruhandil við umheimin, ársins prísir (% av BTÚ)",76.7
2014,Fingnar veitingar (reiðupeningur ella feingi) (% av BTÚ),6.3
2014,Rakstrarviðskifti gjaldsjavnans (% av BTÚ),9.4
2014,"Beinleiðis íløgur, netto (% av BTÚ)",..
2014,"Íløgur í virðisbrøv, netto (mió USD)",..
2014,Samlaða gjaldoyragoymslan í mánaðum av innflutningi,..
2014,Samlað skuldarafturgjalding (% av útflutningi),..
2014,"Uttanlandsskuld, brutto (% av BTI)",131.8
2014,"Gjaldoyrakursur, DKK/USD (ársmiðal)",561.9
2014,Árligur vøkstur av peninganøgdini (%),..
2014,Peninganøgdin í mun til gjaldoyragoymslu,..
2014,Mishildin lán í mun til útlán áðrenn niðurskrivingar (%),..
2014,Kapitalur í mun til ognir,..
2014,Skattainntøkur samanlagt (% av BTÚ),39.8
2014,Fíggjarkrav netto fyri (% av BTÚ),9.4
2014,Almenn skuld (% av BTÚ),..
2014,Árligur vøkstur av BTÚ (%),8.3
2014,Árligur vøkstur av bruttoíløgum (%),9.7
2014,Árligur vøkstur av nýtsluútreiðslum hjá húsarhaldum (%),2.8
2014,Árligur vøkstur av almennum nýtsluútreiðslum (%),2.8
2014,Árligur vøkstur av útflutningi av vørum og tænastum (%),4.3
2014,Árligur vøkstur av innflutningi av vørum og tænastum (%),-2.6
2014,"Árligur prísvøkstur, brúkaraprístalið (%)",-1.0
2014,"Arbeiðsloysið (arbeiðsleys í prosent av arbeiðsfjøld, 15-74 ár)",3.2
2015,"Vøruhandil við umheimin, ársins prísir (% av BTÚ)",75.7
2015,Fingnar veitingar (reiðupeningur ella feingi) (% av BTÚ),6.0
2015,Rakstrarviðskifti gjaldsjavnans (% av BTÚ),8.5
2015,"Beinleiðis íløgur, netto (% av BTÚ)",..
2015,"Íløgur í virðisbrøv, netto (mió USD)",..
2015,Samlaða gjaldoyragoymslan í mánaðum av innflutningi,..
2015,Samlað skuldarafturgjalding (% av útflutningi),..
2015,"Uttanlandsskuld, brutto (% av BTI)",133.8
2015,"Gjaldoyrakursur, DKK/USD (ársmiðal)",672.7
2015,Árligur vøkstur av peninganøgdini (%),..
2015,Peninganøgdin í mun til gjaldoyragoymslu,..
2015,Mishildin lán í mun til útlán áðrenn niðurskrivingar (%),..
2015,Kapitalur í mun til ognir,..
2015,Skattainntøkur samanlagt (% av BTÚ),40.8
2015,Fíggjarkrav netto fyri (% av BTÚ),8.5
2015,Almenn skuld (% av BTÚ),..
2015,Árligur vøkstur av BTÚ (%),5.9
2015,Árligur vøkstur av bruttoíløgum (%),17.1
2015,Árligur vøkstur av nýtsluútreiðslum hjá húsarhaldum (%),2.3
2015,Árligur vøkstur av almennum nýtsluútreiðslum (%),2.9
2015,Árligur vøkstur av útflutningi av vørum og tænastum (%),5.5
2015,Árligur vøkstur av innflutningi av vørum og tænastum (%),5.2
2015,"Árligur prísvøkstur, brúkaraprístalið (%)",-1.7
2015,"Arbeiðsloysið (arbeiðsleys í prosent av arbeiðsfjøld, 15-74 ár)",3.3
2016,"Vøruhandil við umheimin, ársins prísir (% av BTÚ)",77.5
2016,Fingnar veitingar (reiðupeningur ella feingi) (% av BTÚ),5.7
2016,Rakstrarviðskifti gjaldsjavnans (% av BTÚ),12.7
2016,"Beinleiðis íløgur, netto (% av BTÚ)",..
2016,"Íløgur í virðisbrøv, netto (mió USD)",..
2016,Samlaða gjaldoyragoymslan í mánaðum av innflutningi,..
2016,Samlað skuldarafturgjalding (% av útflutningi),..
2016,"Uttanlandsskuld, brutto (% av BTI)",119.7
2016,"Gjaldoyrakursur, DKK/USD (ársmiðal)",673.3
2016,Árligur vøkstur av peninganøgdini (%),..
2016,Peninganøgdin í mun til gjaldoyragoymslu,..
2016,Mishildin lán í mun til útlán áðrenn niðurskrivingar (%),..
2016,Kapitalur í mun til ognir,..
2016,Skattainntøkur samanlagt (% av BTÚ),39.4
2016,Fíggjarkrav netto fyri (% av BTÚ),12.7
2016,Almenn skuld (% av BTÚ),..
2016,Árligur vøkstur av BTÚ (%),9.5
2016,Árligur vøkstur av bruttoíløgum (%),0.5
2016,Árligur vøkstur av nýtsluútreiðslum hjá húsarhaldum (%),7.0
2016,Árligur vøkstur av almennum nýtsluútreiðslum (%),7.1
2016,Árligur vøkstur av útflutningi av vørum og tænastum (%),12.1
2016,Árligur vøkstur av innflutningi av vørum og tænastum (%),4.4
2016,"Árligur prísvøkstur, brúkaraprístalið (%)",-0.3
2016,"Arbeiðsloysið (arbeiðsleys í prosent av arbeiðsfjøld, 15-74 ár)",3.5
2017,"Vøruhandil við umheimin, ársins prísir (% av BTÚ)",81.5
2017,Fingnar veitingar (reiðupeningur ella feingi) (% av BTÚ),5.2
2017,Rakstrarviðskifti gjaldsjavnans (% av BTÚ),14.9
2017,"Beinleiðis íløgur, netto (% av BTÚ)",..
2017,"Íløgur í virðisbrøv, netto (mió USD)",..
2017,Samlaða gjaldoyragoymslan í mánaðum av innflutningi,..
2017,Samlað skuldarafturgjalding (% av útflutningi),..
2017,"Uttanlandsskuld, brutto (% av BTI)",110.2
2017,"Gjaldoyrakursur, DKK/USD (ársmiðal)",659.5
2017,Árligur vøkstur av peninganøgdini (%),..
2017,Peninganøgdin í mun til gjaldoyragoymslu,..
2017,Mishildin lán í mun til útlán áðrenn niðurskrivingar (%),..
2017,Kapitalur í mun til ognir,..
2017,Skattainntøkur samanlagt (% av BTÚ),40.9
2017,Fíggjarkrav netto fyri (% av BTÚ),14.9
2017,Almenn skuld (% av BTÚ),..
2017,Árligur vøkstur av BTÚ (%),3.9
2017,Árligur vøkstur av bruttoíløgum (%),8.6
2017,Árligur vøkstur av nýtsluútreiðslum hjá húsarhaldum (%),-0.5
2017,Árligur vøkstur av almennum nýtsluútreiðslum (%),3.6
2017,Árligur vøkstur av útflutningi av vørum og tænastum (%),7.4
2017,Árligur vøkstur av innflutningi av vørum og tænastum (%),5.7
2017,"Árligur prísvøkstur, brúkaraprístalið (%)",1.1
2017,"Arbeiðsloysið (arbeiðsleys í prosent av arbeiðsfjøld, 15-74 ár)",2.5
2018,"Vøruhandil við umheimin, ársins prísir (% av BTÚ)",78.0
2018,Fingnar veitingar (reiðupeningur ella feingi) (% av BTÚ),5.2
2018,Rakstrarviðskifti gjaldsjavnans (% av BTÚ),6.0
2018,"Beinleiðis íløgur, netto (% av BTÚ)",..
2018,"Íløgur í virðisbrøv, netto (mió USD)",..
2018,Samlaða gjaldoyragoymslan í mánaðum av innflutningi,..
2018,Samlað skuldarafturgjalding (% av útflutningi),..
2018,"Uttanlandsskuld, brutto (% av BTI)",114.6
2018,"Gjaldoyrakursur, DKK/USD (ársmiðal)",631.7
2018,Árligur vøkstur av peninganøgdini (%),..
2018,Peninganøgdin í mun til gjaldoyragoymslu,..
2018,Mishildin lán í mun til útlán áðrenn niðurskrivingar (%),..
2018,Kapitalur í mun til ognir,..
2018,Skattainntøkur samanlagt (% av BTÚ),41.9
2018,Fíggjarkrav netto fyri (% av BTÚ),8.5
2018,Almenn skuld (% av BTÚ),..
2018,Árligur vøkstur av BTÚ (%),2.4
2018,Árligur vøkstur av bruttoíløgum (%),32.7
2018,Árligur vøkstur av nýtsluútreiðslum hjá húsarhaldum (%),0.3
2018,Árligur vøkstur av almennum nýtsluútreiðslum (%),5.5
2018,Árligur vøkstur av útflutningi av vørum og tænastum (%),-4.1
2018,Árligur vøkstur av innflutningi av vørum og tænastum (%),8.7
2018,"Árligur prísvøkstur, brúkaraprístalið (%)",1.2
2018,"Arbeiðsloysið (arbeiðsleys í prosent av arbeiðsfjøld, 15-74 ár)",1.8
2019,"Vøruhandil við umheimin, ársins prísir (% av BTÚ)",80.7
2019,Fingnar veitingar (reiðupeningur ella feingi) (% av BTÚ),4.8
2019,Rakstrarviðskifti gjaldsjavnans (% av BTÚ),10.1
2019,"Beinleiðis íløgur, netto (% av BTÚ)",..
2019,"Íløgur í virðisbrøv, netto (mió USD)",..
2019,Samlaða gjaldoyragoymslan í mánaðum av innflutningi,..
2019,Samlað skuldarafturgjalding (% av útflutningi),..
2019,"Uttanlandsskuld, brutto (% av BTI)",140.0
2019,"Gjaldoyrakursur, DKK/USD (ársmiðal)",667.0
2019,Árligur vøkstur av peninganøgdini (%),..
2019,Peninganøgdin í mun til gjaldoyragoymslu,..
2019,Mishildin lán í mun til útlán áðrenn niðurskrivingar (%),..
2019,Kapitalur í mun til ognir,..
2019,Skattainntøkur samanlagt (% av BTÚ),41.4
2019,Fíggjarkrav netto fyri (% av BTÚ),12.0
2019,Almenn skuld (% av BTÚ),..
2019,Árligur vøkstur av BTÚ (%),8.6
2019,Árligur vøkstur av bruttoíløgum (%),1.8
2019,Árligur vøkstur av nýtsluútreiðslum hjá húsarhaldum (%),5.1
2019,Árligur vøkstur av almennum nýtsluútreiðslum (%),4.9
2019,Árligur vøkstur av útflutningi av vørum og tænastum (%),14.2
2019,Árligur vøkstur av innflutningi av vørum og tænastum (%),5.8
2019,"Árligur prísvøkstur, brúkaraprístalið (%)",1.3
2019,"Arbeiðsloysið (arbeiðsleys í prosent av arbeiðsfjøld, 15-74 ár)",1.3
2020,"Vøruhandil við umheimin, ársins prísir (% av BTÚ)",77.1
2020,Fingnar veitingar (reiðupeningur ella feingi) (% av BTÚ),4.5
2020,Rakstrarviðskifti gjaldsjavnans (% av BTÚ),6.6
2020,"Beinleiðis íløgur, netto (% av BTÚ)",..
2020,"Íløgur í virðisbrøv, netto (mió USD)",..
2020,Samlaða gjaldoyragoymslan í mánaðum av innflutningi,..
2020,Samlað skuldarafturgjalding (% av útflutningi),..
2020,"Uttanlandsskuld, brutto (% av BTI)",..
2020,"Gjaldoyrakursur, DKK/USD (ársmiðal)",653.4
2020,Árligur vøkstur av peninganøgdini (%),..
2020,Peninganøgdin í mun til gjaldoyragoymslu,..
2020,Mishildin lán í mun til útlán áðrenn niðurskrivingar (%),..
2020,Kapitalur í mun til ognir,..
2020,Skattainntøkur samanlagt (% av BTÚ),..
2020,Fíggjarkrav netto fyri (% av BTÚ),6.6
2020,Almenn skuld (% av BTÚ),..
2020,Árligur vøkstur av BTÚ (%),-2.7
2020,Árligur vøkstur av bruttoíløgum (%),-0.3
2020,Árligur vøkstur av nýtsluútreiðslum hjá húsarhaldum (%),0.2
2020,Árligur vøkstur av almennum nýtsluútreiðslum (%),5.5
2020,Árligur vøkstur av útflutningi av vørum og tænastum (%),-16.4
2020,Árligur vøkstur av innflutningi av vørum og tænastum (%),-9.3
2020,"Árligur prísvøkstur, brúkaraprístalið (%)",0.3
2020,"Arbeiðsloysið (arbeiðsleys í prosent av arbeiðsfjøld, 15-74 ár)",1.7
2021,"Vøruhandil við umheimin, ársins prísir (% av BTÚ)",..
2021,Fingnar veitingar (reiðupeningur ella feingi) (% av BTÚ),..
2021,Rakstrarviðskifti gjaldsjavnans (% av BTÚ),..
2021,"Beinleiðis íløgur, netto (% av BTÚ)",..
2021,"Íløgur í virðisbrøv, netto (mió USD)",..
2021,Samlaða gjaldoyragoymslan í mánaðum av innflutningi,..
2021,Samlað skuldarafturgjalding (% av útflutningi),..
2021,"Uttanlandsskuld, brutto (% av BTI)",..
2021,"Gjaldoyrakursur, DKK/USD (ársmiðal)",629.2
2021,Árligur vøkstur av peninganøgdini (%),..
2021,Peninganøgdin í mun til gjaldoyragoymslu,..
2021,Mishildin lán í mun til útlán áðrenn niðurskrivingar (%),..
2021,Kapitalur í mun til ognir,..
2021,Skattainntøkur samanlagt (% av BTÚ),..
2021,Fíggjarkrav netto fyri (% av BTÚ),..
2021,Almenn skuld (% av BTÚ),..
2021,Árligur vøkstur av BTÚ (%),..
2021,Árligur vøkstur av bruttoíløgum (%),..
2021,Árligur vøkstur av nýtsluútreiðslum hjá húsarhaldum (%),..
2021,Árligur vøkstur av almennum nýtsluútreiðslum (%),..
2021,Árligur vøkstur av útflutningi av vørum og tænastum (%),..
2021,Árligur vøkstur av innflutningi av vørum og tænastum (%),..
2021,"Árligur prísvøkstur, brúkaraprístalið (%)",2.7
2021,"Arbeiðsloysið (arbeiðsleys í prosent av arbeiðsfjøld, 15-74 ár)",2.1
