Year,Mát,Value
1998,"Vøruhandil við umheimin, ársins prísir (% av BTÚ)",73.7501182001162
1998,Fingnar veitingar (reiðupeningur ella feingi) (% av BTÚ),4.26601105002229
1998,Rakstrarviðskifti gjaldsjavnans (% av BTÚ),19.3942750618018
1998,"Beinleiðis íløgur, netto (% av BTÚ)",..
1998,"Íløgur í virðisbrøv, netto (mió USD)",..
1998,Samlaða gjaldoyragoymslan í mánaðum av innflutningi,..
1998,Samlað skuldarafturgjalding (% av útflutningi),..
1998,"Uttanlandsskuld, brutto (% av BTI)",..
1998,"Gjaldoyrakursur, DKK/USD (ársmiðal)",669.6957
1998,Árligur vøkstur av peninganøgdini (%),..
1998,Peninganøgdin í mun til gjaldoyragoymslu,..
1998,Mishildin lán í mun til útlán áðrenn niðurskrivingar (%),..
1998,Kapitalur í mun til ognir,..
1998,Skattainntøkur samanlagt (% av BTÚ),44.7971686006457
1998,Fíggjarkrav netto fyri (% av BTÚ),31.5520012968241
1998,Almenn skuld (% av BTÚ),..
1998,Árligur vøkstur av BTÚ (%),..
1998,Árligur vøkstur av bruttoíløgum (%),..
1998,Árligur vøkstur av nýtsluútreiðslum hjá húsarhaldum (%),..
1998,Árligur vøkstur av almennum nýtsluútreiðslum (%),..
1998,Árligur vøkstur av útflutningi av vørum og tænastum (%),..
1998,Árligur vøkstur av innflutningi av vørum og tænastum (%),..
1998,"Árligur prísvøkstur, brúkaraprístalið (%)",4.7
1998,"Arbeiðsloysið (arbeiðsleys í prosent av arbeiðsfjøld, 15-74 ár)",..
1999,"Vøruhandil við umheimin, ársins prísir (% av BTÚ)",82.432947756451
1999,Fingnar veitingar (reiðupeningur ella feingi) (% av BTÚ),4.31041057582306
1999,Rakstrarviðskifti gjaldsjavnans (% av BTÚ),14.8328460658447
1999,"Beinleiðis íløgur, netto (% av BTÚ)",..
1999,"Íløgur í virðisbrøv, netto (mió USD)",..
1999,Samlaða gjaldoyragoymslan í mánaðum av innflutningi,..
1999,Samlað skuldarafturgjalding (% av útflutningi),..
1999,"Uttanlandsskuld, brutto (% av BTI)",..
1999,"Gjaldoyrakursur, DKK/USD (ársmiðal)",698.3384
1999,Árligur vøkstur av peninganøgdini (%),..
1999,Peninganøgdin í mun til gjaldoyragoymslu,..
1999,Mishildin lán í mun til útlán áðrenn niðurskrivingar (%),..
1999,Kapitalur í mun til ognir,..
1999,Skattainntøkur samanlagt (% av BTÚ),46.0137282318546
1999,Fíggjarkrav netto fyri (% av BTÚ),14.8328460658447
1999,Almenn skuld (% av BTÚ),..
1999,Árligur vøkstur av BTÚ (%),..
1999,Árligur vøkstur av bruttoíløgum (%),13.6863319897398
1999,Árligur vøkstur av nýtsluútreiðslum hjá húsarhaldum (%),11.2440761430727
1999,Árligur vøkstur av almennum nýtsluútreiðslum (%),9.35587761674719
1999,Árligur vøkstur av útflutningi av vørum og tænastum (%),11.081832397058
1999,Árligur vøkstur av innflutningi av vørum og tænastum (%),22.2763055104862
1999,"Árligur prísvøkstur, brúkaraprístalið (%)",5.1
1999,"Arbeiðsloysið (arbeiðsleys í prosent av arbeiðsfjøld, 15-74 ár)",..
2000,"Vøruhandil við umheimin, ársins prísir (% av BTÚ)",93.0833797069189
2000,Fingnar veitingar (reiðupeningur ella feingi) (% av BTÚ),3.90697458727509
2000,Rakstrarviðskifti gjaldsjavnans (% av BTÚ),9.27239844184752
2000,"Beinleiðis íløgur, netto (% av BTÚ)",..
2000,"Íløgur í virðisbrøv, netto (mió USD)",..
2000,Samlaða gjaldoyragoymslan í mánaðum av innflutningi,..
2000,Samlað skuldarafturgjalding (% av útflutningi),..
2000,"Uttanlandsskuld, brutto (% av BTI)",..
2000,"Gjaldoyrakursur, DKK/USD (ársmiðal)",809.0294
2000,Árligur vøkstur av peninganøgdini (%),..
2000,Peninganøgdin í mun til gjaldoyragoymslu,..
2000,Mishildin lán í mun til útlán áðrenn niðurskrivingar (%),..
2000,Kapitalur í mun til ognir,..
2000,Skattainntøkur samanlagt (% av BTÚ),45.0635318122797
2000,Fíggjarkrav netto fyri (% av BTÚ),9.27239844184752
2000,Almenn skuld (% av BTÚ),..
2000,Árligur vøkstur av BTÚ (%),..
2000,Árligur vøkstur av bruttoíløgum (%),42.7988181573999
2000,Árligur vøkstur av nýtsluútreiðslum hjá húsarhaldum (%),5.57856156885144
2000,Árligur vøkstur av almennum nýtsluútreiðslum (%),8.50144799489521
2000,Árligur vøkstur av útflutningi av vørum og tænastum (%),15.4297333229061
2000,Árligur vøkstur av innflutningi av vørum og tænastum (%),25.4963632789463
2000,"Árligur prísvøkstur, brúkaraprístalið (%)",4.9
2000,"Arbeiðsloysið (arbeiðsleys í prosent av arbeiðsfjøld, 15-74 ár)",..
2001,"Vøruhandil við umheimin, ársins prísir (% av BTÚ)",86.3700850186917
2001,Fingnar veitingar (reiðupeningur ella feingi) (% av BTÚ),3.24437954994978
2001,Rakstrarviðskifti gjaldsjavnans (% av BTÚ),12.5394803607858
2001,"Beinleiðis íløgur, netto (% av BTÚ)",..
2001,"Íløgur í virðisbrøv, netto (mió USD)",..
2001,Samlaða gjaldoyragoymslan í mánaðum av innflutningi,..
2001,Samlað skuldarafturgjalding (% av útflutningi),..
2001,"Uttanlandsskuld, brutto (% av BTI)",..
2001,"Gjaldoyrakursur, DKK/USD (ársmiðal)",831.8834
2001,Árligur vøkstur av peninganøgdini (%),..
2001,Peninganøgdin í mun til gjaldoyragoymslu,..
2001,Mishildin lán í mun til útlán áðrenn niðurskrivingar (%),..
2001,Kapitalur í mun til ognir,..
2001,Skattainntøkur samanlagt (% av BTÚ),44.2604616483892
2001,Fíggjarkrav netto fyri (% av BTÚ),12.5394803607858
2001,Almenn skuld (% av BTÚ),..
2001,Árligur vøkstur av BTÚ (%),..
2001,Árligur vøkstur av bruttoíløgum (%),-5.10872018659242
2001,Árligur vøkstur av nýtsluútreiðslum hjá húsarhaldum (%),9.13168928362114
2001,Árligur vøkstur av almennum nýtsluútreiðslum (%),11.4996607102466
2001,Árligur vøkstur av útflutningi av vørum og tænastum (%),12.4503161698284
2001,Árligur vøkstur av innflutningi av vørum og tænastum (%),0.855654761904767
2001,"Árligur prísvøkstur, brúkaraprístalið (%)",2.7
2001,"Arbeiðsloysið (arbeiðsleys í prosent av arbeiðsfjøld, 15-74 ár)",..
2002,"Vøruhandil við umheimin, ársins prísir (% av BTÚ)",79.7357572145234
2002,Fingnar veitingar (reiðupeningur ella feingi) (% av BTÚ),2.96726766999454
2002,Rakstrarviðskifti gjaldsjavnans (% av BTÚ),10.0759946356728
2002,"Beinleiðis íløgur, netto (% av BTÚ)",..
2002,"Íløgur í virðisbrøv, netto (mió USD)",..
2002,Samlaða gjaldoyragoymslan í mánaðum av innflutningi,..
2002,Samlað skuldarafturgjalding (% av útflutningi),..
2002,"Uttanlandsskuld, brutto (% av BTI)",..
2002,"Gjaldoyrakursur, DKK/USD (ársmiðal)",788.1192
2002,Árligur vøkstur av peninganøgdini (%),..
2002,Peninganøgdin í mun til gjaldoyragoymslu,..
2002,Mishildin lán í mun til útlán áðrenn niðurskrivingar (%),..
2002,Kapitalur í mun til ognir,..
2002,Skattainntøkur samanlagt (% av BTÚ),45.2788953459494
2002,Fíggjarkrav netto fyri (% av BTÚ),10.0759946356728
2002,Almenn skuld (% av BTÚ),..
2002,Árligur vøkstur av BTÚ (%),..
2002,Árligur vøkstur av bruttoíløgum (%),-7.04091341579448
2002,Árligur vøkstur av nýtsluútreiðslum hjá húsarhaldum (%),5.17009894036726
2002,Árligur vøkstur av almennum nýtsluútreiðslum (%),8.73534304377817
2002,Árligur vøkstur av útflutningi av vørum og tænastum (%),-0.809350711947465
2002,Árligur vøkstur av innflutningi av vørum og tænastum (%),-3.14508144207808
2002,"Árligur prísvøkstur, brúkaraprístalið (%)",0.5
2002,"Arbeiðsloysið (arbeiðsleys í prosent av arbeiðsfjøld, 15-74 ár)",..
2003,"Vøruhandil við umheimin, ársins prísir (% av BTÚ)",87.3290682514175
2003,Fingnar veitingar (reiðupeningur ella feingi) (% av BTÚ),3.44440738607077
2003,Rakstrarviðskifti gjaldsjavnans (% av BTÚ),-3.49898426366696
2003,"Beinleiðis íløgur, netto (% av BTÚ)",..
2003,"Íløgur í virðisbrøv, netto (mió USD)",..
2003,Samlaða gjaldoyragoymslan í mánaðum av innflutningi,..
2003,Samlað skuldarafturgjalding (% av útflutningi),..
2003,"Uttanlandsskuld, brutto (% av BTI)",61.5461866968273
2003,"Gjaldoyrakursur, DKK/USD (ársmiðal)",658.9874
2003,Árligur vøkstur av peninganøgdini (%),..
2003,Peninganøgdin í mun til gjaldoyragoymslu,..
2003,Mishildin lán í mun til útlán áðrenn niðurskrivingar (%),..
2003,Kapitalur í mun til ognir,..
2003,Skattainntøkur samanlagt (% av BTÚ),45.2411994784876
2003,Fíggjarkrav netto fyri (% av BTÚ),-3.49999494658541
2003,Almenn skuld (% av BTÚ),..
2003,Árligur vøkstur av BTÚ (%),..
2003,Árligur vøkstur av bruttoíløgum (%),32.5315591948141
2003,Árligur vøkstur av nýtsluútreiðslum hjá húsarhaldum (%),5.64066305287139
2003,Árligur vøkstur av almennum nýtsluútreiðslum (%),6.85820895522389
2003,Árligur vøkstur av útflutningi av vørum og tænastum (%),-6.29884592022677
2003,Árligur vøkstur av innflutningi av vørum og tænastum (%),21.9427128224659
2003,"Árligur prísvøkstur, brúkaraprístalið (%)",1.2
2003,"Arbeiðsloysið (arbeiðsleys í prosent av arbeiðsfjøld, 15-74 ár)",..
2004,"Vøruhandil við umheimin, ársins prísir (% av BTÚ)",70.8918824759029
2004,Fingnar veitingar (reiðupeningur ella feingi) (% av BTÚ),2.85390779235861
2004,Rakstrarviðskifti gjaldsjavnans (% av BTÚ),5.25393876050014
2004,"Beinleiðis íløgur, netto (% av BTÚ)",..
2004,"Íløgur í virðisbrøv, netto (mió USD)",..
2004,Samlaða gjaldoyragoymslan í mánaðum av innflutningi,..
2004,Samlað skuldarafturgjalding (% av útflutningi),..
2004,"Uttanlandsskuld, brutto (% av BTI)",59.7520391517129
2004,"Gjaldoyrakursur, DKK/USD (ársmiðal)",598.9296
2004,Árligur vøkstur av peninganøgdini (%),..
2004,Peninganøgdin í mun til gjaldoyragoymslu,..
2004,Mishildin lán í mun til útlán áðrenn niðurskrivingar (%),..
2004,Kapitalur í mun til ognir,..
2004,Skattainntøkur samanlagt (% av BTÚ),43.3737854681996
2004,Fíggjarkrav netto fyri (% av BTÚ),5.25393876050013
2004,Almenn skuld (% av BTÚ),..
2004,Árligur vøkstur av BTÚ (%),..
2004,Árligur vøkstur av bruttoíløgum (%),-32.7165658385893
2004,Árligur vøkstur av nýtsluútreiðslum hjá húsarhaldum (%),8.31598125976054
2004,Árligur vøkstur av almennum nýtsluútreiðslum (%),6.06187582931768
2004,Árligur vøkstur av útflutningi av vørum og tænastum (%),-2.42442576546598
2004,Árligur vøkstur av innflutningi av vørum og tænastum (%),-15.5598658688934
2004,"Árligur prísvøkstur, brúkaraprístalið (%)",0.6
2004,"Arbeiðsloysið (arbeiðsleys í prosent av arbeiðsfjøld, 15-74 ár)",..
2005,"Vøruhandil við umheimin, ársins prísir (% av BTÚ)",75.3861461195869
2005,Fingnar veitingar (reiðupeningur ella feingi) (% av BTÚ),3.66246564957832
2005,Rakstrarviðskifti gjaldsjavnans (% av BTÚ),-5.68748223254051
2005,"Beinleiðis íløgur, netto (% av BTÚ)",..
2005,"Íløgur í virðisbrøv, netto (mió USD)",..
2005,Samlaða gjaldoyragoymslan í mánaðum av innflutningi,..
2005,Samlað skuldarafturgjalding (% av útflutningi),..
2005,"Uttanlandsskuld, brutto (% av BTI)",75.2482139586005
2005,"Gjaldoyrakursur, DKK/USD (ársmiðal)",600.3365
2005,Árligur vøkstur av peninganøgdini (%),..
2005,Peninganøgdin í mun til gjaldoyragoymslu,..
2005,Mishildin lán í mun til útlán áðrenn niðurskrivingar (%),..
2005,Kapitalur í mun til ognir,..
2005,Skattainntøkur samanlagt (% av BTÚ),43.449256135696
2005,Fíggjarkrav netto fyri (% av BTÚ),-5.68748223254051
2005,Almenn skuld (% av BTÚ),..
2005,Árligur vøkstur av BTÚ (%),..
2005,Árligur vøkstur av bruttoíløgum (%),11.1196135635372
2005,Árligur vøkstur av nýtsluútreiðslum hjá húsarhaldum (%),16.9770515439144
2005,Árligur vøkstur av almennum nýtsluútreiðslum (%),5.17877131757423
2005,Árligur vøkstur av útflutningi av vørum og tænastum (%),-1.74280842394313
2005,Árligur vøkstur av innflutningi av vørum og tænastum (%),21.0317305820518
2005,"Árligur prísvøkstur, brúkaraprístalið (%)",2
2005,"Arbeiðsloysið (arbeiðsleys í prosent av arbeiðsfjøld, 15-74 ár)",3.5
2006,"Vøruhandil við umheimin, ársins prísir (% av BTÚ)",70.9201830198271
2006,Fingnar veitingar (reiðupeningur ella feingi) (% av BTÚ),3.57872102811138
2006,Rakstrarviðskifti gjaldsjavnans (% av BTÚ),-3.11450407127439
2006,"Beinleiðis íløgur, netto (% av BTÚ)",..
2006,"Íløgur í virðisbrøv, netto (mió USD)",..
2006,Samlaða gjaldoyragoymslan í mánaðum av innflutningi,..
2006,Samlað skuldarafturgjalding (% av útflutningi),..
2006,"Uttanlandsskuld, brutto (% av BTI)",84.2355275255254
2006,"Gjaldoyrakursur, DKK/USD (ársmiðal)",594.6975
2006,Árligur vøkstur av peninganøgdini (%),..
2006,Peninganøgdin í mun til gjaldoyragoymslu,..
2006,Mishildin lán í mun til útlán áðrenn niðurskrivingar (%),..
2006,Kapitalur í mun til ognir,..
2006,Skattainntøkur samanlagt (% av BTÚ),43.4163701067616
2006,Fíggjarkrav netto fyri (% av BTÚ),-3.11533749489528
2006,Almenn skuld (% av BTÚ),..
2006,Árligur vøkstur av BTÚ (%),..
2006,Árligur vøkstur av bruttoíløgum (%),48.0760953774641
2006,Árligur vøkstur av nýtsluútreiðslum hjá húsarhaldum (%),1.14450052823101
2006,Árligur vøkstur av almennum nýtsluútreiðslum (%),3.9346417503991
2006,Árligur vøkstur av útflutningi av vørum og tænastum (%),13.0358350236646
2006,Árligur vøkstur av innflutningi av vørum og tænastum (%),7.29082896387558
2006,"Árligur prísvøkstur, brúkaraprístalið (%)",1.5
2006,"Arbeiðsloysið (arbeiðsleys í prosent av arbeiðsfjøld, 15-74 ár)",1.8
2007,"Vøruhandil við umheimin, ársins prísir (% av BTÚ)",75.2444454916005
2007,Fingnar veitingar (reiðupeningur ella feingi) (% av BTÚ),3.81688382065358
2007,Rakstrarviðskifti gjaldsjavnans (% av BTÚ),-3.44304910900109
2007,"Beinleiðis íløgur, netto (% av BTÚ)",..
2007,"Íløgur í virðisbrøv, netto (mió USD)",..
2007,Samlaða gjaldoyragoymslan í mánaðum av innflutningi,..
2007,Samlað skuldarafturgjalding (% av útflutningi),..
2007,"Uttanlandsskuld, brutto (% av BTI)",107.94207852053
2007,"Gjaldoyrakursur, DKK/USD (ársmiðal)",544.5551
2007,Árligur vøkstur av peninganøgdini (%),..
2007,Peninganøgdin í mun til gjaldoyragoymslu,..
2007,Mishildin lán í mun til útlán áðrenn niðurskrivingar (%),..
2007,Kapitalur í mun til ognir,..
2007,Skattainntøkur samanlagt (% av BTÚ),44.8177555780694
2007,Fíggjarkrav netto fyri (% av BTÚ),-3.44304910900109
2007,Almenn skuld (% av BTÚ),..
2007,Árligur vøkstur av BTÚ (%),..
2007,Árligur vøkstur av bruttoíløgum (%),18.9745378444367
2007,Árligur vøkstur av nýtsluútreiðslum hjá húsarhaldum (%),1.32304299889747
2007,Árligur vøkstur av almennum nýtsluútreiðslum (%),8.32128659197686
2007,Árligur vøkstur av útflutningi av vørum og tænastum (%),6.95856761175579
2007,Árligur vøkstur av innflutningi av vørum og tænastum (%),9.51924085928013
2007,"Árligur prísvøkstur, brúkaraprístalið (%)",3.6
2007,"Arbeiðsloysið (arbeiðsleys í prosent av arbeiðsfjøld, 15-74 ár)",1.7
2008,"Vøruhandil við umheimin, ársins prísir (% av BTÚ)",73.7279122714417
2008,Fingnar veitingar (reiðupeningur ella feingi) (% av BTÚ),4.51720144638679
2008,Rakstrarviðskifti gjaldsjavnans (% av BTÚ),-4.74802461063362
2008,"Beinleiðis íløgur, netto (% av BTÚ)",..
2008,"Íløgur í virðisbrøv, netto (mió USD)",..
2008,Samlaða gjaldoyragoymslan í mánaðum av innflutningi,..
2008,Samlað skuldarafturgjalding (% av útflutningi),..
2008,"Uttanlandsskuld, brutto (% av BTI)",118.353637530926
2008,"Gjaldoyrakursur, DKK/USD (ársmiðal)",509.8641
2008,Árligur vøkstur av peninganøgdini (%),..
2008,Peninganøgdin í mun til gjaldoyragoymslu,..
2008,Mishildin lán í mun til útlán áðrenn niðurskrivingar (%),..
2008,Kapitalur í mun til ognir,..
2008,Skattainntøkur samanlagt (% av BTÚ),45.2145552518178
2008,Fíggjarkrav netto fyri (% av BTÚ),-4.74802461063362
2008,Almenn skuld (% av BTÚ),..
2008,Árligur vøkstur av BTÚ (%),..
2008,Árligur vøkstur av bruttoíløgum (%),-18.853219974592
2008,Árligur vøkstur av nýtsluútreiðslum hjá húsarhaldum (%),-1.86844968787584
2008,Árligur vøkstur av almennum nýtsluútreiðslum (%),10.7682041871716
2008,Árligur vøkstur av útflutningi av vørum og tænastum (%),8.78942659011259
2008,Árligur vøkstur av innflutningi av vørum og tænastum (%),-0.0561205633957007
2008,"Árligur prísvøkstur, brúkaraprístalið (%)",6.3
2008,"Arbeiðsloysið (arbeiðsleys í prosent av arbeiðsfjøld, 15-74 ár)",2.4
2009,"Vøruhandil við umheimin, ársins prísir (% av BTÚ)",67.6892329940125
2009,Fingnar veitingar (reiðupeningur ella feingi) (% av BTÚ),5.25473437918904
2009,Rakstrarviðskifti gjaldsjavnans (% av BTÚ),-5.66988114291286
2009,"Beinleiðis íløgur, netto (% av BTÚ)",..
2009,"Íløgur í virðisbrøv, netto (mió USD)",..
2009,Samlaða gjaldoyragoymslan í mánaðum av innflutningi,..
2009,Samlað skuldarafturgjalding (% av útflutningi),..
2009,"Uttanlandsskuld, brutto (% av BTI)",140.353093726103
2009,"Gjaldoyrakursur, DKK/USD (ársmiðal)",535.5082
2009,Árligur vøkstur av peninganøgdini (%),..
2009,Peninganøgdin í mun til gjaldoyragoymslu,..
2009,Mishildin lán í mun til útlán áðrenn niðurskrivingar (%),..
2009,Kapitalur í mun til ognir,..
2009,Skattainntøkur samanlagt (% av BTÚ),43.69358756672
2009,Fíggjarkrav netto fyri (% av BTÚ),-5.66988114291285
2009,Almenn skuld (% av BTÚ),..
2009,Árligur vøkstur av BTÚ (%),-4.30300216202099
2009,Árligur vøkstur av bruttoíløgum (%),-35.0052687038988
2009,Árligur vøkstur av nýtsluútreiðslum hjá húsarhaldum (%),5.10804067757045
2009,Árligur vøkstur av almennum nýtsluútreiðslum (%),3.4312248995984
2009,Árligur vøkstur av útflutningi av vørum og tænastum (%),-7.91651673263764
2009,Árligur vøkstur av innflutningi av vørum og tænastum (%),-10.312808151638
2009,"Árligur prísvøkstur, brúkaraprístalið (%)",-1.1
2009,"Arbeiðsloysið (arbeiðsleys í prosent av arbeiðsfjøld, 15-74 ár)",3.9
2010,"Vøruhandil við umheimin, ársins prísir (% av BTÚ)",69.3584053926278
2010,Fingnar veitingar (reiðupeningur ella feingi) (% av BTÚ),5.37813972640344
2010,Rakstrarviðskifti gjaldsjavnans (% av BTÚ),4.03608302450778
2010,"Beinleiðis íløgur, netto (% av BTÚ)",..
2010,"Íløgur í virðisbrøv, netto (mió USD)",..
2010,Samlaða gjaldoyragoymslan í mánaðum av innflutningi,..
2010,Samlað skuldarafturgjalding (% av útflutningi),..
2010,"Uttanlandsskuld, brutto (% av BTI)",144.096414564561
2010,"Gjaldoyrakursur, DKK/USD (ársmiðal)",562.567
2010,Árligur vøkstur av peninganøgdini (%),..
2010,Peninganøgdin í mun til gjaldoyragoymslu,..
2010,Mishildin lán í mun til útlán áðrenn niðurskrivingar (%),..
2010,Kapitalur í mun til ognir,..
2010,Skattainntøkur samanlagt (% av BTÚ),42.8825242866511
2010,Fíggjarkrav netto fyri (% av BTÚ),4.0353204922908
2010,Almenn skuld (% av BTÚ),..
2010,Árligur vøkstur av BTÚ (%),-0.576939114349173
2010,Árligur vøkstur av bruttoíløgum (%),18.5843987400408
2010,Árligur vøkstur av nýtsluútreiðslum hjá húsarhaldum (%),-6.55191560244309
2010,Árligur vøkstur av almennum nýtsluútreiðslum (%),4.64969544009515
2010,Árligur vøkstur av útflutningi av vørum og tænastum (%),14.0214741621541
2010,Árligur vøkstur av innflutningi av vørum og tænastum (%),1.0521332803958
2010,"Árligur prísvøkstur, brúkaraprístalið (%)",0.4
2010,"Arbeiðsloysið (arbeiðsleys í prosent av arbeiðsfjøld, 15-74 ár)",6.4
2011,"Vøruhandil við umheimin, ársins prísir (% av BTÚ)",79.635163462825
2011,Fingnar veitingar (reiðupeningur ella feingi) (% av BTÚ),6.11926319075866
2011,Rakstrarviðskifti gjaldsjavnans (% av BTÚ),12.0378216850274
2011,"Beinleiðis íløgur, netto (% av BTÚ)",..
2011,"Íløgur í virðisbrøv, netto (mió USD)",..
2011,Samlaða gjaldoyragoymslan í mánaðum av innflutningi,..
2011,Samlað skuldarafturgjalding (% av útflutningi),..
2011,"Uttanlandsskuld, brutto (% av BTI)",127.917424851537
2011,"Gjaldoyrakursur, DKK/USD (ársmiðal)",536.2177
2011,Árligur vøkstur av peninganøgdini (%),..
2011,Peninganøgdin í mun til gjaldoyragoymslu,..
2011,Mishildin lán í mun til útlán áðrenn niðurskrivingar (%),..
2011,Kapitalur í mun til ognir,..
2011,Skattainntøkur samanlagt (% av BTÚ),43.6830055156624
2011,Fíggjarkrav netto fyri (% av BTÚ),12.0385650357552
2011,Almenn skuld (% av BTÚ),..
2011,Árligur vøkstur av BTÚ (%),3.70819417120374
2011,Árligur vøkstur av bruttoíløgum (%),-14.56640625
2011,Árligur vøkstur av nýtsluútreiðslum hjá húsarhaldum (%),4.16072489601902
2011,Árligur vøkstur av almennum nýtsluútreiðslum (%),1.68587528696982
2011,Árligur vøkstur av útflutningi av vørum og tænastum (%),15.1189737898619
2011,Árligur vøkstur av innflutningi av vørum og tænastum (%),8.58027956176803
2011,"Árligur prísvøkstur, brúkaraprístalið (%)",2.3
2011,"Arbeiðsloysið (arbeiðsleys í prosent av arbeiðsfjøld, 15-74 ár)",5.3
2012,"Vøruhandil við umheimin, ársins prísir (% av BTÚ)",86.8224332302002
2012,Fingnar veitingar (reiðupeningur ella feingi) (% av BTÚ),6.49098474341193
2012,Rakstrarviðskifti gjaldsjavnans (% av BTÚ),-1.31299121590384
2012,"Beinleiðis íløgur, netto (% av BTÚ)",..
2012,"Íløgur í virðisbrøv, netto (mió USD)",..
2012,Samlaða gjaldoyragoymslan í mánaðum av innflutningi,..
2012,Samlað skuldarafturgjalding (% av útflutningi),..
2012,"Uttanlandsskuld, brutto (% av BTI)",131.256127160986
2012,"Gjaldoyrakursur, DKK/USD (ársmiðal)",579.7216
2012,Árligur vøkstur av peninganøgdini (%),..
2012,Peninganøgdin í mun til gjaldoyragoymslu,..
2012,Mishildin lán í mun til útlán áðrenn niðurskrivingar (%),..
2012,Kapitalur í mun til ognir,..
2012,Skattainntøkur samanlagt (% av BTÚ),42.7433408015932
2012,Fíggjarkrav netto fyri (% av BTÚ),-1.31299121590384
2012,Almenn skuld (% av BTÚ),..
2012,Árligur vøkstur av BTÚ (%),7.01665379949266
2012,Árligur vøkstur av bruttoíløgum (%),68.7942938137259
2012,Árligur vøkstur av nýtsluútreiðslum hjá húsarhaldum (%),8.33273912237418
2012,Árligur vøkstur av almennum nýtsluútreiðslum (%),1.80387685290764
2012,Árligur vøkstur av útflutningi av vørum og tænastum (%),4.76055459468656
2012,Árligur vøkstur av innflutningi av vørum og tænastum (%),26.4011245181134
2012,"Árligur prísvøkstur, brúkaraprístalið (%)",2.1
2012,"Arbeiðsloysið (arbeiðsleys í prosent av arbeiðsfjøld, 15-74 ár)",3
2013,"Vøruhandil við umheimin, ársins prísir (% av BTÚ)",82.3410662871893
2013,Fingnar veitingar (reiðupeningur ella feingi) (% av BTÚ),6.69424496144554
2013,Rakstrarviðskifti gjaldsjavnans (% av BTÚ),7.71287685739815
2013,"Beinleiðis íløgur, netto (% av BTÚ)",..
2013,"Íløgur í virðisbrøv, netto (mió USD)",..
2013,Samlaða gjaldoyragoymslan í mánaðum av innflutningi,..
2013,Samlað skuldarafturgjalding (% av útflutningi),..
2013,"Uttanlandsskuld, brutto (% av BTI)",133.704043079318
2013,"Gjaldoyrakursur, DKK/USD (ársmiðal)",561.6029
2013,Árligur vøkstur av peninganøgdini (%),..
2013,Peninganøgdin í mun til gjaldoyragoymslu,..
2013,Mishildin lán í mun til útlán áðrenn niðurskrivingar (%),..
2013,Kapitalur í mun til ognir,..
2013,Skattainntøkur samanlagt (% av BTÚ),40.0205182513155
2013,Fíggjarkrav netto fyri (% av BTÚ),7.71221497832346
2013,Almenn skuld (% av BTÚ),..
2013,Árligur vøkstur av BTÚ (%),5.85305191414518
2013,Árligur vøkstur av bruttoíløgum (%),-11.6179537882276
2013,Árligur vøkstur av nýtsluútreiðslum hjá húsarhaldum (%),1.79295455742194
2013,Árligur vøkstur av almennum nýtsluútreiðslum (%),2.88748011917295
2013,Árligur vøkstur av útflutningi av vørum og tænastum (%),13.3566092887301
2013,Árligur vøkstur av innflutningi av vørum og tænastum (%),-2.48615438820562
2013,"Árligur prísvøkstur, brúkaraprístalið (%)",-0.6
2013,"Arbeiðsloysið (arbeiðsleys í prosent av arbeiðsfjøld, 15-74 ár)",4
2014,"Vøruhandil við umheimin, ársins prísir (% av BTÚ)",76.3194903025412
2014,Fingnar veitingar (reiðupeningur ella feingi) (% av BTÚ),6.30701690023724
2014,Rakstrarviðskifti gjaldsjavnans (% av BTÚ),9.31897669185805
2014,"Beinleiðis íløgur, netto (% av BTÚ)",..
2014,"Íløgur í virðisbrøv, netto (mió USD)",..
2014,Samlaða gjaldoyragoymslan í mánaðum av innflutningi,..
2014,Samlað skuldarafturgjalding (% av útflutningi),..
2014,"Uttanlandsskuld, brutto (% av BTI)",131.212965367454
2014,"Gjaldoyrakursur, DKK/USD (ársmiðal)",561.9046
2014,Árligur vøkstur av peninganøgdini (%),..
2014,Peninganøgdin í mun til gjaldoyragoymslu,..
2014,Mishildin lán í mun til útlán áðrenn niðurskrivingar (%),..
2014,Kapitalur í mun til ognir,..
2014,Skattainntøkur samanlagt (% av BTÚ),39.5975493433121
2014,Fíggjarkrav netto fyri (% av BTÚ),9.31897669185805
2014,Almenn skuld (% av BTÚ),..
2014,Árligur vøkstur av BTÚ (%),5.43270135720173
2014,Árligur vøkstur av bruttoíløgum (%),9.06276817457399
2014,Árligur vøkstur av nýtsluútreiðslum hjá húsarhaldum (%),2.98864547500193
2014,Árligur vøkstur av almennum nýtsluútreiðslum (%),2.7737861963858
2014,Árligur vøkstur av útflutningi av vørum og tænastum (%),4.2881359978989
2014,Árligur vøkstur av innflutningi av vørum og tænastum (%),-2.62970699486252
2014,"Árligur prísvøkstur, brúkaraprístalið (%)",-1
2014,"Arbeiðsloysið (arbeiðsleys í prosent av arbeiðsfjøld, 15-74 ár)",3.2
2015,"Vøruhandil við umheimin, ársins prísir (% av BTÚ)",75.3681353583184
2015,Fingnar veitingar (reiðupeningur ella feingi) (% av BTÚ),5.96177166945776
2015,Rakstrarviðskifti gjaldsjavnans (% av BTÚ),8.50262747589074
2015,"Beinleiðis íløgur, netto (% av BTÚ)",..
2015,"Íløgur í virðisbrøv, netto (mió USD)",..
2015,Samlaða gjaldoyragoymslan í mánaðum av innflutningi,..
2015,Samlað skuldarafturgjalding (% av útflutningi),..
2015,"Uttanlandsskuld, brutto (% av BTI)",133.202516628527
2015,"Gjaldoyrakursur, DKK/USD (ársmiðal)",672.6867
2015,Árligur vøkstur av peninganøgdini (%),..
2015,Peninganøgdin í mun til gjaldoyragoymslu,..
2015,Mishildin lán í mun til útlán áðrenn niðurskrivingar (%),..
2015,Kapitalur í mun til ognir,..
2015,Skattainntøkur samanlagt (% av BTÚ),40.6363688860657
2015,Fíggjarkrav netto fyri (% av BTÚ),8.50205000866201
2015,Almenn skuld (% av BTÚ),..
2015,Árligur vøkstur av BTÚ (%),0.976378534447186
2015,Árligur vøkstur av bruttoíløgum (%),16.6362231277223
2015,Árligur vøkstur av nýtsluútreiðslum hjá húsarhaldum (%),2.09827090422794
2015,Árligur vøkstur av almennum nýtsluútreiðslum (%),3.66494364884331
2015,Árligur vøkstur av útflutningi av vørum og tænastum (%),5.49119714279174
2015,Árligur vøkstur av innflutningi av vørum og tænastum (%),5.21244028016141
2015,"Árligur prísvøkstur, brúkaraprístalið (%)",-1.7
2015,"Arbeiðsloysið (arbeiðsleys í prosent av arbeiðsfjøld, 15-74 ár)",3.3
2016,"Vøruhandil við umheimin, ársins prísir (% av BTÚ)",77.2797837175656
2016,Fingnar veitingar (reiðupeningur ella feingi) (% av BTÚ),5.64520387365219
2016,Rakstrarviðskifti gjaldsjavnans (% av BTÚ),12.6368926297114
2016,"Beinleiðis íløgur, netto (% av BTÚ)",..
2016,"Íløgur í virðisbrøv, netto (mió USD)",..
2016,Samlaða gjaldoyragoymslan í mánaðum av innflutningi,..
2016,Samlað skuldarafturgjalding (% av útflutningi),..
2016,"Uttanlandsskuld, brutto (% av BTI)",119.31500359157
2016,"Gjaldoyrakursur, DKK/USD (ársmiðal)",673.2704
2016,Árligur vøkstur av peninganøgdini (%),..
2016,Peninganøgdin í mun til gjaldoyragoymslu,..
2016,Mishildin lán í mun til útlán áðrenn niðurskrivingar (%),..
2016,Kapitalur í mun til ognir,..
2016,Skattainntøkur samanlagt (% av BTÚ),39.3104941335502
2016,Fíggjarkrav netto fyri (% av BTÚ),12.6363645964242
2016,Almenn skuld (% av BTÚ),..
2016,Árligur vøkstur av BTÚ (%),1.46991580449085
2016,Árligur vøkstur av bruttoíløgum (%),1.12998433923623
2016,Árligur vøkstur av nýtsluútreiðslum hjá húsarhaldum (%),6.34623899247306
2016,Árligur vøkstur av almennum nýtsluútreiðslum (%),7.04009482159644
2016,Árligur vøkstur av útflutningi av vørum og tænastum (%),12.0742227768434
2016,Árligur vøkstur av innflutningi av vørum og tænastum (%),4.398717086773
2016,"Árligur prísvøkstur, brúkaraprístalið (%)",-0.3
2016,"Arbeiðsloysið (arbeiðsleys í prosent av arbeiðsfjøld, 15-74 ár)",3.5
2017,"Vøruhandil við umheimin, ársins prísir (% av BTÚ)",81.2207145398181
2017,Fingnar veitingar (reiðupeningur ella feingi) (% av BTÚ),5.19794684149006
2017,Rakstrarviðskifti gjaldsjavnans (% av BTÚ),14.8056106113737
2017,"Beinleiðis íløgur, netto (% av BTÚ)",..
2017,"Íløgur í virðisbrøv, netto (mió USD)",..
2017,Samlaða gjaldoyragoymslan í mánaðum av innflutningi,..
2017,Samlað skuldarafturgjalding (% av útflutningi),..
2017,"Uttanlandsskuld, brutto (% av BTI)",109.876391456555
2017,"Gjaldoyrakursur, DKK/USD (ársmiðal)",659.5303
2017,Árligur vøkstur av peninganøgdini (%),..
2017,Peninganøgdin í mun til gjaldoyragoymslu,..
2017,Mishildin lán í mun til útlán áðrenn niðurskrivingar (%),..
2017,Kapitalur í mun til ognir,..
2017,Skattainntøkur samanlagt (% av BTÚ),40.7506225542512
2017,Fíggjarkrav netto fyri (% av BTÚ),14.8051024038217
2017,Almenn skuld (% av BTÚ),..
2017,Árligur vøkstur av BTÚ (%),3.51430597113569
2017,Árligur vøkstur av bruttoíløgum (%),9.97760518416162
2017,Árligur vøkstur av nýtsluútreiðslum hjá húsarhaldum (%),-1.04894296155802
2017,Árligur vøkstur av almennum nýtsluútreiðslum (%),3.55676893411483
2017,Árligur vøkstur av útflutningi av vørum og tænastum (%),7.38463623864758
2017,Árligur vøkstur av innflutningi av vørum og tænastum (%),5.68189016279217
2017,"Árligur prísvøkstur, brúkaraprístalið (%)",1.1
2017,"Arbeiðsloysið (arbeiðsleys í prosent av arbeiðsfjøld, 15-74 ár)",2.5
2018,"Vøruhandil við umheimin, ársins prísir (% av BTÚ)",77.8289329916364
2018,Fingnar veitingar (reiðupeningur ella feingi) (% av BTÚ),5.16965651508831
2018,Rakstrarviðskifti gjaldsjavnans (% av BTÚ),5.98863658938753
2018,"Beinleiðis íløgur, netto (% av BTÚ)",..
2018,"Íløgur í virðisbrøv, netto (mió USD)",..
2018,Samlaða gjaldoyragoymslan í mánaðum av innflutningi,..
2018,Samlað skuldarafturgjalding (% av útflutningi),..
2018,"Uttanlandsskuld, brutto (% av BTI)",114.256742074893
2018,"Gjaldoyrakursur, DKK/USD (ársmiðal)",631.7425
2018,Árligur vøkstur av peninganøgdini (%),..
2018,Peninganøgdin í mun til gjaldoyragoymslu,..
2018,Mishildin lán í mun til útlán áðrenn niðurskrivingar (%),..
2018,Kapitalur í mun til ognir,..
2018,Skattainntøkur samanlagt (% av BTÚ),41.7883465442915
2018,Fíggjarkrav netto fyri (% av BTÚ),8.4718993980571
2018,Almenn skuld (% av BTÚ),..
2018,Árligur vøkstur av BTÚ (%),2.73155215546514
2018,Árligur vøkstur av bruttoíløgum (%),29.5936051297604
2018,Árligur vøkstur av nýtsluútreiðslum hjá húsarhaldum (%),1.47847734364956
2018,Árligur vøkstur av almennum nýtsluútreiðslum (%),5.44043361232993
2018,Árligur vøkstur av útflutningi av vørum og tænastum (%),-4.11238041998395
2018,Árligur vøkstur av innflutningi av vørum og tænastum (%),8.72792296012148
2018,"Árligur prísvøkstur, brúkaraprístalið (%)",1.2
2018,"Arbeiðsloysið (arbeiðsleys í prosent av arbeiðsfjøld, 15-74 ár)",1.8
2019,"Vøruhandil við umheimin, ársins prísir (% av BTÚ)",80.5382890099327
2019,Fingnar veitingar (reiðupeningur ella feingi) (% av BTÚ),4.76541401565432
2019,Rakstrarviðskifti gjaldsjavnans (% av BTÚ),10.1075662562366
2019,"Beinleiðis íløgur, netto (% av BTÚ)",..
2019,"Íløgur í virðisbrøv, netto (mió USD)",..
2019,Samlaða gjaldoyragoymslan í mánaðum av innflutningi,..
2019,Samlað skuldarafturgjalding (% av útflutningi),..
2019,"Uttanlandsskuld, brutto (% av BTI)",141.405704164868
2019,"Gjaldoyrakursur, DKK/USD (ársmiðal)",667.0252
2019,Árligur vøkstur av peninganøgdini (%),..
2019,Peninganøgdin í mun til gjaldoyragoymslu,..
2019,Mishildin lán í mun til útlán áðrenn niðurskrivingar (%),..
2019,Kapitalur í mun til ognir,..
2019,Skattainntøkur samanlagt (% av BTÚ),41.3264979173342
2019,Fíggjarkrav netto fyri (% av BTÚ),10.1075662562366
2019,Almenn skuld (% av BTÚ),..
2019,Árligur vøkstur av BTÚ (%),4.95285017712965
2019,Árligur vøkstur av bruttoíløgum (%),1.59971917155608
2019,Árligur vøkstur av nýtsluútreiðslum hjá húsarhaldum (%),5.02499251376316
2019,Árligur vøkstur av almennum nýtsluútreiðslum (%),5.16671620652878
2019,Árligur vøkstur av útflutningi av vørum og tænastum (%),14.2447436717193
2019,Árligur vøkstur av innflutningi av vørum og tænastum (%),5.79009748164754
2019,"Árligur prísvøkstur, brúkaraprístalið (%)",1.3
2019,"Arbeiðsloysið (arbeiðsleys í prosent av arbeiðsfjøld, 15-74 ár)",1.3
2020,"Vøruhandil við umheimin, ársins prísir (% av BTÚ)",76.9268772378878
2020,Fingnar veitingar (reiðupeningur ella feingi) (% av BTÚ),4.46048378369477
2020,Rakstrarviðskifti gjaldsjavnans (% av BTÚ),6.5368672159147
2020,"Beinleiðis íløgur, netto (% av BTÚ)",..
2020,"Íløgur í virðisbrøv, netto (mió USD)",..
2020,Samlaða gjaldoyragoymslan í mánaðum av innflutningi,..
2020,Samlað skuldarafturgjalding (% av útflutningi),..
2020,"Uttanlandsskuld, brutto (% av BTI)",159.087707744514
2020,"Gjaldoyrakursur, DKK/USD (ársmiðal)",653.4273
2020,Árligur vøkstur av peninganøgdini (%),..
2020,Peninganøgdin í mun til gjaldoyragoymslu,..
2020,Mishildin lán í mun til útlán áðrenn niðurskrivingar (%),..
2020,Kapitalur í mun til ognir,..
2020,Skattainntøkur samanlagt (% av BTÚ),43.7386194143968
2020,Fíggjarkrav netto fyri (% av BTÚ),6.5368672159147
2020,Almenn skuld (% av BTÚ),..
2020,Árligur vøkstur av BTÚ (%),-2.62873139350219
2020,Árligur vøkstur av bruttoíløgum (%),0.648239552484364
2020,Árligur vøkstur av nýtsluútreiðslum hjá húsarhaldum (%),-0.311441072936425
2020,Árligur vøkstur av almennum nýtsluútreiðslum (%),5.3783999467979
2020,Árligur vøkstur av útflutningi av vørum og tænastum (%),-16.4440274245455
2020,Árligur vøkstur av innflutningi av vørum og tænastum (%),-9.28931849960483
2020,"Árligur prísvøkstur, brúkaraprístalið (%)",0.3
2020,"Arbeiðsloysið (arbeiðsleys í prosent av arbeiðsfjøld, 15-74 ár)",1.7
2021,"Vøruhandil við umheimin, ársins prísir (% av BTÚ)",83.5239157718589
2021,Fingnar veitingar (reiðupeningur ella feingi) (% av BTÚ),4.13122298145307
2021,Rakstrarviðskifti gjaldsjavnans (% av BTÚ),6.15325617068749
2021,"Beinleiðis íløgur, netto (% av BTÚ)",..
2021,"Íløgur í virðisbrøv, netto (mió USD)",..
2021,Samlaða gjaldoyragoymslan í mánaðum av innflutningi,..
2021,Samlað skuldarafturgjalding (% av útflutningi),..
2021,"Uttanlandsskuld, brutto (% av BTI)",..
2021,"Gjaldoyrakursur, DKK/USD (ársmiðal)",629.1752
2021,Árligur vøkstur av peninganøgdini (%),..
2021,Peninganøgdin í mun til gjaldoyragoymslu,..
2021,Mishildin lán í mun til útlán áðrenn niðurskrivingar (%),..
2021,Kapitalur í mun til ognir,..
2021,Skattainntøkur samanlagt (% av BTÚ),41.5933098591549
2021,Fíggjarkrav netto fyri (% av BTÚ),6.15325617068749
2021,Almenn skuld (% av BTÚ),..
2021,Árligur vøkstur av BTÚ (%),5.63492414525189
2021,Árligur vøkstur av bruttoíløgum (%),4.03112433386734
2021,Árligur vøkstur av nýtsluútreiðslum hjá húsarhaldum (%),8.26577195973819
2021,Árligur vøkstur av almennum nýtsluútreiðslum (%),4.62269062682423
2021,Árligur vøkstur av útflutningi av vørum og tænastum (%),19.0961208849662
2021,Árligur vøkstur av innflutningi av vørum og tænastum (%),14.704108303733
2021,"Árligur prísvøkstur, brúkaraprístalið (%)",2.7
2021,"Arbeiðsloysið (arbeiðsleys í prosent av arbeiðsfjøld, 15-74 ár)",2.1
