Year,Series,Units,Flokkur/Kommuna,Value
1984,Løgtingið,data.fowomenseats-proportion,Allir flokkar,3.1
1984,Løgtingið,data.fowomenseats-number,Allir flokkar,1.0
1984,Løgtingið,data.foseats-number,Allir flokkar,32.0
1984,Løgtingið,data.fowomenseats-proportion,Fólkaflokkurin,0.0
1984,Løgtingið,data.fowomenseats-number,Fólkaflokkurin,0.0
1984,Løgtingið,data.foseats-number,Fólkaflokkurin,7.0
1984,Løgtingið,data.fowomenseats-proportion,Framburðsflokkurin,0.0
1984,Løgtingið,data.fowomenseats-number,Framburðsflokkurin,0.0
1984,Løgtingið,data.foseats-number,Framburðsflokkurin,2.0
1984,Løgtingið,data.fowomenseats-proportion,Framsókn,
1984,Løgtingið,data.fowomenseats-number,Framsókn,
1984,Løgtingið,data.foseats-number,Framsókn,
1984,Løgtingið,data.fowomenseats-proportion,Javnaðarflokkurin,0.0
1984,Løgtingið,data.fowomenseats-number,Javnaðarflokkurin,0.0
1984,Løgtingið,data.foseats-number,Javnaðarflokkurin,8.0
1984,Løgtingið,data.fowomenseats-proportion,Kristiligi Fólkaflokkurin,
1984,Løgtingið,data.fowomenseats-number,Kristiligi Fólkaflokkurin,
1984,Løgtingið,data.foseats-number,Kristiligi Fólkaflokkurin,
1984,Løgtingið,data.fowomenseats-proportion,Miðflokkurin,
1984,Løgtingið,data.fowomenseats-number,Miðflokkurin,
1984,Løgtingið,data.foseats-number,Miðflokkurin,
1984,Løgtingið,data.fowomenseats-proportion,Sambandsflokkurin,0.0
1984,Løgtingið,data.fowomenseats-number,Sambandsflokkurin,0.0
1984,Løgtingið,data.foseats-number,Sambandsflokkurin,7.0
1984,Løgtingið,data.fowomenseats-proportion,Sjálvstýri,0.0
1984,Løgtingið,data.fowomenseats-number,Sjálvstýri,0.0
1984,Løgtingið,data.foseats-number,Sjálvstýri,2.0
1984,Løgtingið,data.fowomenseats-proportion,Tjóðveldi,16.7
1984,Løgtingið,data.fowomenseats-number,Tjóðveldi,1.0
1984,Løgtingið,data.foseats-number,Tjóðveldi,6.0
1984,Løgtingið,data.fowomenseats-proportion,Verkamannafylkingin,
1984,Løgtingið,data.fowomenseats-number,Verkamannafylkingin,
1984,Løgtingið,data.foseats-number,Verkamannafylkingin,
1988,Løgtingið,data.fowomenseats-proportion,Allir flokkar,9.4
1988,Løgtingið,data.fowomenseats-number,Allir flokkar,3.0
1988,Løgtingið,data.foseats-number,Allir flokkar,32.0
1988,Løgtingið,data.fowomenseats-proportion,Fólkaflokkurin,0.0
1988,Løgtingið,data.fowomenseats-number,Fólkaflokkurin,0.0
1988,Løgtingið,data.foseats-number,Fólkaflokkurin,8.0
1988,Løgtingið,data.fowomenseats-proportion,Framburðsflokkurin,
1988,Løgtingið,data.fowomenseats-number,Framburðsflokkurin,
1988,Løgtingið,data.foseats-number,Framburðsflokkurin,
1988,Løgtingið,data.fowomenseats-proportion,Framsókn,
1988,Løgtingið,data.fowomenseats-number,Framsókn,
1988,Løgtingið,data.foseats-number,Framsókn,
1988,Løgtingið,data.fowomenseats-proportion,Javnaðarflokkurin,14.3
1988,Løgtingið,data.fowomenseats-number,Javnaðarflokkurin,1.0
1988,Løgtingið,data.foseats-number,Javnaðarflokkurin,7.0
1988,Løgtingið,data.fowomenseats-proportion,Kristiligi Fólkaflokkurin,0.0
1988,Løgtingið,data.fowomenseats-number,Kristiligi Fólkaflokkurin,0.0
1988,Løgtingið,data.foseats-number,Kristiligi Fólkaflokkurin,2.0
1988,Løgtingið,data.fowomenseats-proportion,Miðflokkurin,
1988,Løgtingið,data.fowomenseats-number,Miðflokkurin,
1988,Løgtingið,data.foseats-number,Miðflokkurin,
1988,Løgtingið,data.fowomenseats-proportion,Sambandsflokkurin,0.0
1988,Løgtingið,data.fowomenseats-number,Sambandsflokkurin,0.0
1988,Løgtingið,data.foseats-number,Sambandsflokkurin,7.0
1988,Løgtingið,data.fowomenseats-proportion,Sjálvstýri,0.0
1988,Løgtingið,data.fowomenseats-number,Sjálvstýri,0.0
1988,Løgtingið,data.foseats-number,Sjálvstýri,2.0
1988,Løgtingið,data.fowomenseats-proportion,Tjóðveldi,33.3
1988,Løgtingið,data.fowomenseats-number,Tjóðveldi,2.0
1988,Løgtingið,data.foseats-number,Tjóðveldi,6.0
1988,Løgtingið,data.fowomenseats-proportion,Verkamannafylkingin,
1988,Løgtingið,data.fowomenseats-number,Verkamannafylkingin,
1988,Løgtingið,data.foseats-number,Verkamannafylkingin,
1990,Løgtingið,data.fowomenseats-proportion,Allir flokkar,9.4
1990,Løgtingið,data.fowomenseats-number,Allir flokkar,3.0
1990,Løgtingið,data.foseats-number,Allir flokkar,32.0
1990,Løgtingið,data.fowomenseats-proportion,Fólkaflokkurin,0.0
1990,Løgtingið,data.fowomenseats-number,Fólkaflokkurin,0.0
1990,Løgtingið,data.foseats-number,Fólkaflokkurin,7.0
1990,Løgtingið,data.fowomenseats-proportion,Framburðsflokkurin,
1990,Løgtingið,data.fowomenseats-number,Framburðsflokkurin,
1990,Løgtingið,data.foseats-number,Framburðsflokkurin,
1990,Løgtingið,data.fowomenseats-proportion,Framsókn,
1990,Løgtingið,data.fowomenseats-number,Framsókn,
1990,Løgtingið,data.foseats-number,Framsókn,
1990,Løgtingið,data.fowomenseats-proportion,Javnaðarflokkurin,10.0
1990,Løgtingið,data.fowomenseats-number,Javnaðarflokkurin,1.0
1990,Løgtingið,data.foseats-number,Javnaðarflokkurin,10.0
1990,Løgtingið,data.fowomenseats-proportion,Kristiligi Fólkaflokkurin,0.0
1990,Løgtingið,data.fowomenseats-number,Kristiligi Fólkaflokkurin,0.0
1990,Løgtingið,data.foseats-number,Kristiligi Fólkaflokkurin,2.0
1990,Løgtingið,data.fowomenseats-proportion,Miðflokkurin,
1990,Løgtingið,data.fowomenseats-number,Miðflokkurin,
1990,Løgtingið,data.foseats-number,Miðflokkurin,
1990,Løgtingið,data.fowomenseats-proportion,Sambandsflokkurin,16.7
1990,Løgtingið,data.fowomenseats-number,Sambandsflokkurin,1.0
1990,Løgtingið,data.foseats-number,Sambandsflokkurin,6.0
1990,Løgtingið,data.fowomenseats-proportion,Sjálvstýri,33.3
1990,Løgtingið,data.fowomenseats-number,Sjálvstýri,1.0
1990,Løgtingið,data.foseats-number,Sjálvstýri,3.0
1990,Løgtingið,data.fowomenseats-proportion,Tjóðveldi,0.0
1990,Løgtingið,data.fowomenseats-number,Tjóðveldi,0.0
1990,Løgtingið,data.foseats-number,Tjóðveldi,4.0
1990,Løgtingið,data.fowomenseats-proportion,Verkamannafylkingin,
1990,Løgtingið,data.fowomenseats-number,Verkamannafylkingin,
1990,Løgtingið,data.foseats-number,Verkamannafylkingin,
1994,Løgtingið,data.fowomenseats-proportion,Allir flokkar,15.6
1994,Løgtingið,data.fowomenseats-number,Allir flokkar,5.0
1994,Løgtingið,data.foseats-number,Allir flokkar,32.0
1994,Løgtingið,data.fowomenseats-proportion,Fólkaflokkurin,0.0
1994,Løgtingið,data.fowomenseats-number,Fólkaflokkurin,0.0
1994,Løgtingið,data.foseats-number,Fólkaflokkurin,6.0
1994,Løgtingið,data.fowomenseats-proportion,Framburðsflokkurin,
1994,Løgtingið,data.fowomenseats-number,Framburðsflokkurin,
1994,Løgtingið,data.foseats-number,Framburðsflokkurin,
1994,Løgtingið,data.fowomenseats-proportion,Framsókn,
1994,Løgtingið,data.fowomenseats-number,Framsókn,
1994,Løgtingið,data.foseats-number,Framsókn,
1994,Løgtingið,data.fowomenseats-proportion,Javnaðarflokkurin,20.0
1994,Løgtingið,data.fowomenseats-number,Javnaðarflokkurin,1.0
1994,Løgtingið,data.foseats-number,Javnaðarflokkurin,5.0
1994,Løgtingið,data.fowomenseats-proportion,Kristiligi Fólkaflokkurin,0.0
1994,Løgtingið,data.fowomenseats-number,Kristiligi Fólkaflokkurin,0.0
1994,Løgtingið,data.foseats-number,Kristiligi Fólkaflokkurin,2.0
1994,Løgtingið,data.fowomenseats-proportion,Miðflokkurin,0.0
1994,Løgtingið,data.fowomenseats-number,Miðflokkurin,0.0
1994,Løgtingið,data.foseats-number,Miðflokkurin,2.0
1994,Løgtingið,data.fowomenseats-proportion,Sambandsflokkurin,25.0
1994,Løgtingið,data.fowomenseats-number,Sambandsflokkurin,2.0
1994,Løgtingið,data.foseats-number,Sambandsflokkurin,8.0
1994,Løgtingið,data.fowomenseats-proportion,Sjálvstýri,50.0
1994,Løgtingið,data.fowomenseats-number,Sjálvstýri,1.0
1994,Løgtingið,data.foseats-number,Sjálvstýri,2.0
1994,Løgtingið,data.fowomenseats-proportion,Tjóðveldi,0.0
1994,Løgtingið,data.fowomenseats-number,Tjóðveldi,0.0
1994,Løgtingið,data.foseats-number,Tjóðveldi,4.0
1994,Løgtingið,data.fowomenseats-proportion,Verkamannafylkingin,33.3
1994,Løgtingið,data.fowomenseats-number,Verkamannafylkingin,1.0
1994,Løgtingið,data.foseats-number,Verkamannafylkingin,3.0
1998,Løgtingið,data.fowomenseats-proportion,Allir flokkar,12.5
1998,Løgtingið,data.fowomenseats-number,Allir flokkar,4.0
1998,Løgtingið,data.foseats-number,Allir flokkar,32.0
1998,Løgtingið,data.fowomenseats-proportion,Fólkaflokkurin,0.0
1998,Løgtingið,data.fowomenseats-number,Fólkaflokkurin,0.0
1998,Løgtingið,data.foseats-number,Fólkaflokkurin,8.0
1998,Løgtingið,data.fowomenseats-proportion,Framburðsflokkurin,
1998,Løgtingið,data.fowomenseats-number,Framburðsflokkurin,
1998,Løgtingið,data.foseats-number,Framburðsflokkurin,
1998,Løgtingið,data.fowomenseats-proportion,Framsókn,
1998,Løgtingið,data.fowomenseats-number,Framsókn,
1998,Løgtingið,data.foseats-number,Framsókn,
1998,Løgtingið,data.fowomenseats-proportion,Javnaðarflokkurin,14.3
1998,Løgtingið,data.fowomenseats-number,Javnaðarflokkurin,1.0
1998,Løgtingið,data.foseats-number,Javnaðarflokkurin,7.0
1998,Løgtingið,data.fowomenseats-proportion,Kristiligi Fólkaflokkurin,
1998,Løgtingið,data.fowomenseats-number,Kristiligi Fólkaflokkurin,
1998,Løgtingið,data.foseats-number,Kristiligi Fólkaflokkurin,
1998,Løgtingið,data.fowomenseats-proportion,Miðflokkurin,0.0
1998,Løgtingið,data.fowomenseats-number,Miðflokkurin,0.0
1998,Løgtingið,data.foseats-number,Miðflokkurin,1.0
1998,Løgtingið,data.fowomenseats-proportion,Sambandsflokkurin,16.7
1998,Løgtingið,data.fowomenseats-number,Sambandsflokkurin,1.0
1998,Løgtingið,data.foseats-number,Sambandsflokkurin,6.0
1998,Løgtingið,data.fowomenseats-proportion,Sjálvstýri,50.0
1998,Løgtingið,data.fowomenseats-number,Sjálvstýri,1.0
1998,Løgtingið,data.foseats-number,Sjálvstýri,2.0
1998,Løgtingið,data.fowomenseats-proportion,Tjóðveldi,12.5
1998,Løgtingið,data.fowomenseats-number,Tjóðveldi,1.0
1998,Løgtingið,data.foseats-number,Tjóðveldi,8.0
1998,Løgtingið,data.fowomenseats-proportion,Verkamannafylkingin,
1998,Løgtingið,data.fowomenseats-number,Verkamannafylkingin,
1998,Løgtingið,data.foseats-number,Verkamannafylkingin,
2002,Løgtingið,data.fowomenseats-proportion,Allir flokkar,12.5
2002,Løgtingið,data.fowomenseats-number,Allir flokkar,4.0
2002,Løgtingið,data.foseats-number,Allir flokkar,32.0
2002,Løgtingið,data.fowomenseats-proportion,Fólkaflokkurin,0.0
2002,Løgtingið,data.fowomenseats-number,Fólkaflokkurin,0.0
2002,Løgtingið,data.foseats-number,Fólkaflokkurin,7.0
2002,Løgtingið,data.fowomenseats-proportion,Framburðsflokkurin,
2002,Løgtingið,data.fowomenseats-number,Framburðsflokkurin,
2002,Løgtingið,data.foseats-number,Framburðsflokkurin,
2002,Løgtingið,data.fowomenseats-proportion,Framsókn,
2002,Løgtingið,data.fowomenseats-number,Framsókn,
2002,Løgtingið,data.foseats-number,Framsókn,
2002,Løgtingið,data.fowomenseats-proportion,Javnaðarflokkurin,14.3
2002,Løgtingið,data.fowomenseats-number,Javnaðarflokkurin,1.0
2002,Løgtingið,data.foseats-number,Javnaðarflokkurin,7.0
2002,Løgtingið,data.fowomenseats-proportion,Kristiligi Fólkaflokkurin,
2002,Løgtingið,data.fowomenseats-number,Kristiligi Fólkaflokkurin,
2002,Løgtingið,data.foseats-number,Kristiligi Fólkaflokkurin,
2002,Løgtingið,data.fowomenseats-proportion,Miðflokkurin,0.0
2002,Løgtingið,data.fowomenseats-number,Miðflokkurin,0.0
2002,Løgtingið,data.foseats-number,Miðflokkurin,1.0
2002,Løgtingið,data.fowomenseats-proportion,Sambandsflokkurin,12.5
2002,Løgtingið,data.fowomenseats-number,Sambandsflokkurin,1.0
2002,Løgtingið,data.foseats-number,Sambandsflokkurin,8.0
2002,Løgtingið,data.fowomenseats-proportion,Sjálvstýri,0.0
2002,Løgtingið,data.fowomenseats-number,Sjálvstýri,0.0
2002,Løgtingið,data.foseats-number,Sjálvstýri,1.0
2002,Løgtingið,data.fowomenseats-proportion,Tjóðveldi,25.0
2002,Løgtingið,data.fowomenseats-number,Tjóðveldi,2.0
2002,Løgtingið,data.foseats-number,Tjóðveldi,8.0
2002,Løgtingið,data.fowomenseats-proportion,Verkamannafylkingin,
2002,Løgtingið,data.fowomenseats-number,Verkamannafylkingin,
2002,Løgtingið,data.foseats-number,Verkamannafylkingin,
2004,Løgtingið,data.fowomenseats-proportion,Allir flokkar,9.4
2004,Løgtingið,data.fowomenseats-number,Allir flokkar,3.0
2004,Løgtingið,data.foseats-number,Allir flokkar,32.0
2004,Løgtingið,data.fowomenseats-proportion,Fólkaflokkurin,0.0
2004,Løgtingið,data.fowomenseats-number,Fólkaflokkurin,0.0
2004,Løgtingið,data.foseats-number,Fólkaflokkurin,7.0
2004,Løgtingið,data.fowomenseats-proportion,Framburðsflokkurin,
2004,Løgtingið,data.fowomenseats-number,Framburðsflokkurin,
2004,Løgtingið,data.foseats-number,Framburðsflokkurin,
2004,Løgtingið,data.fowomenseats-proportion,Framsókn,
2004,Løgtingið,data.fowomenseats-number,Framsókn,
2004,Løgtingið,data.foseats-number,Framsókn,
2004,Løgtingið,data.fowomenseats-proportion,Javnaðarflokkurin,0.0
2004,Løgtingið,data.fowomenseats-number,Javnaðarflokkurin,0.0
2004,Løgtingið,data.foseats-number,Javnaðarflokkurin,7.0
2004,Løgtingið,data.fowomenseats-proportion,Kristiligi Fólkaflokkurin,
2004,Løgtingið,data.fowomenseats-number,Kristiligi Fólkaflokkurin,
2004,Løgtingið,data.foseats-number,Kristiligi Fólkaflokkurin,
2004,Løgtingið,data.fowomenseats-proportion,Miðflokkurin,0.0
2004,Løgtingið,data.fowomenseats-number,Miðflokkurin,0.0
2004,Løgtingið,data.foseats-number,Miðflokkurin,2.0
2004,Løgtingið,data.fowomenseats-proportion,Sambandsflokkurin,14.3
2004,Løgtingið,data.fowomenseats-number,Sambandsflokkurin,1.0
2004,Løgtingið,data.foseats-number,Sambandsflokkurin,7.0
2004,Løgtingið,data.fowomenseats-proportion,Sjálvstýri,0.0
2004,Løgtingið,data.fowomenseats-number,Sjálvstýri,0.0
2004,Løgtingið,data.foseats-number,Sjálvstýri,1.0
2004,Løgtingið,data.fowomenseats-proportion,Tjóðveldi,25.0
2004,Løgtingið,data.fowomenseats-number,Tjóðveldi,2.0
2004,Løgtingið,data.foseats-number,Tjóðveldi,8.0
2004,Løgtingið,data.fowomenseats-proportion,Verkamannafylkingin,
2004,Løgtingið,data.fowomenseats-number,Verkamannafylkingin,
2004,Løgtingið,data.foseats-number,Verkamannafylkingin,
2008,Løgtingið,data.fowomenseats-proportion,Allir flokkar,21.2
2008,Løgtingið,data.fowomenseats-number,Allir flokkar,7.0
2008,Løgtingið,data.foseats-number,Allir flokkar,33.0
2008,Løgtingið,data.fowomenseats-proportion,Fólkaflokkurin,14.3
2008,Løgtingið,data.fowomenseats-number,Fólkaflokkurin,1.0
2008,Løgtingið,data.foseats-number,Fólkaflokkurin,7.0
2008,Løgtingið,data.fowomenseats-proportion,Framburðsflokkurin,
2008,Løgtingið,data.fowomenseats-number,Framburðsflokkurin,
2008,Løgtingið,data.foseats-number,Framburðsflokkurin,
2008,Løgtingið,data.fowomenseats-proportion,Framsókn,
2008,Løgtingið,data.fowomenseats-number,Framsókn,
2008,Løgtingið,data.foseats-number,Framsókn,
2008,Løgtingið,data.fowomenseats-proportion,Javnaðarflokkurin,33.3
2008,Løgtingið,data.fowomenseats-number,Javnaðarflokkurin,2.0
2008,Løgtingið,data.foseats-number,Javnaðarflokkurin,6.0
2008,Løgtingið,data.fowomenseats-proportion,Kristiligi Fólkaflokkurin,
2008,Løgtingið,data.fowomenseats-number,Kristiligi Fólkaflokkurin,
2008,Løgtingið,data.foseats-number,Kristiligi Fólkaflokkurin,
2008,Løgtingið,data.fowomenseats-proportion,Miðflokkurin,0.0
2008,Løgtingið,data.fowomenseats-number,Miðflokkurin,0.0
2008,Løgtingið,data.foseats-number,Miðflokkurin,3.0
2008,Løgtingið,data.fowomenseats-proportion,Sambandsflokkurin,14.3
2008,Løgtingið,data.fowomenseats-number,Sambandsflokkurin,1.0
2008,Løgtingið,data.foseats-number,Sambandsflokkurin,7.0
2008,Løgtingið,data.fowomenseats-proportion,Sjálvstýri,0.0
2008,Løgtingið,data.fowomenseats-number,Sjálvstýri,0.0
2008,Løgtingið,data.foseats-number,Sjálvstýri,2.0
2008,Løgtingið,data.fowomenseats-proportion,Tjóðveldi,37.5
2008,Løgtingið,data.fowomenseats-number,Tjóðveldi,3.0
2008,Løgtingið,data.foseats-number,Tjóðveldi,8.0
2008,Løgtingið,data.fowomenseats-proportion,Verkamannafylkingin,
2008,Løgtingið,data.fowomenseats-number,Verkamannafylkingin,
2008,Løgtingið,data.foseats-number,Verkamannafylkingin,
2011,Løgtingið,data.fowomenseats-proportion,Allir flokkar,30.3
2011,Løgtingið,data.fowomenseats-number,Allir flokkar,10.0
2011,Løgtingið,data.foseats-number,Allir flokkar,33.0
2011,Løgtingið,data.fowomenseats-proportion,Fólkaflokkurin,25.0
2011,Løgtingið,data.fowomenseats-number,Fólkaflokkurin,2.0
2011,Løgtingið,data.foseats-number,Fólkaflokkurin,8.0
2011,Løgtingið,data.fowomenseats-proportion,Framburðsflokkurin,
2011,Løgtingið,data.fowomenseats-number,Framburðsflokkurin,
2011,Løgtingið,data.foseats-number,Framburðsflokkurin,
2011,Løgtingið,data.fowomenseats-proportion,Framsókn,0.0
2011,Løgtingið,data.fowomenseats-number,Framsókn,0.0
2011,Løgtingið,data.foseats-number,Framsókn,2.0
2011,Løgtingið,data.fowomenseats-proportion,Javnaðarflokkurin,33.3
2011,Løgtingið,data.fowomenseats-number,Javnaðarflokkurin,2.0
2011,Løgtingið,data.foseats-number,Javnaðarflokkurin,6.0
2011,Løgtingið,data.fowomenseats-proportion,Kristiligi Fólkaflokkurin,
2011,Løgtingið,data.fowomenseats-number,Kristiligi Fólkaflokkurin,
2011,Løgtingið,data.foseats-number,Kristiligi Fólkaflokkurin,
2011,Løgtingið,data.fowomenseats-proportion,Miðflokkurin,0.0
2011,Løgtingið,data.fowomenseats-number,Miðflokkurin,0.0
2011,Løgtingið,data.foseats-number,Miðflokkurin,2.0
2011,Løgtingið,data.fowomenseats-proportion,Sambandsflokkurin,25.0
2011,Løgtingið,data.fowomenseats-number,Sambandsflokkurin,2.0
2011,Løgtingið,data.foseats-number,Sambandsflokkurin,8.0
2011,Løgtingið,data.fowomenseats-proportion,Sjálvstýri,0.0
2011,Løgtingið,data.fowomenseats-number,Sjálvstýri,0.0
2011,Løgtingið,data.foseats-number,Sjálvstýri,1.0
2011,Løgtingið,data.fowomenseats-proportion,Tjóðveldi,66.7
2011,Løgtingið,data.fowomenseats-number,Tjóðveldi,4.0
2011,Løgtingið,data.foseats-number,Tjóðveldi,6.0
2011,Løgtingið,data.fowomenseats-proportion,Verkamannafylkingin,
2011,Løgtingið,data.fowomenseats-number,Verkamannafylkingin,
2011,Løgtingið,data.foseats-number,Verkamannafylkingin,
2015,Løgtingið,data.fowomenseats-proportion,Allir flokkar,30.3
2015,Løgtingið,data.fowomenseats-number,Allir flokkar,10.0
2015,Løgtingið,data.foseats-number,Allir flokkar,33.0
2015,Løgtingið,data.fowomenseats-proportion,Fólkaflokkurin,33.3
2015,Løgtingið,data.fowomenseats-number,Fólkaflokkurin,2.0
2015,Løgtingið,data.foseats-number,Fólkaflokkurin,6.0
2015,Løgtingið,data.fowomenseats-proportion,Framburðsflokkurin,
2015,Løgtingið,data.fowomenseats-number,Framburðsflokkurin,
2015,Løgtingið,data.foseats-number,Framburðsflokkurin,
2015,Løgtingið,data.fowomenseats-proportion,Framsókn,50.0
2015,Løgtingið,data.fowomenseats-number,Framsókn,1.0
2015,Løgtingið,data.foseats-number,Framsókn,2.0
2015,Løgtingið,data.fowomenseats-proportion,Javnaðarflokkurin,37.5
2015,Løgtingið,data.fowomenseats-number,Javnaðarflokkurin,3.0
2015,Løgtingið,data.foseats-number,Javnaðarflokkurin,8.0
2015,Løgtingið,data.fowomenseats-proportion,Kristiligi Fólkaflokkurin,
2015,Løgtingið,data.fowomenseats-number,Kristiligi Fólkaflokkurin,
2015,Løgtingið,data.foseats-number,Kristiligi Fólkaflokkurin,
2015,Løgtingið,data.fowomenseats-proportion,Miðflokkurin,0.0
2015,Løgtingið,data.fowomenseats-number,Miðflokkurin,0.0
2015,Løgtingið,data.foseats-number,Miðflokkurin,2.0
2015,Løgtingið,data.fowomenseats-proportion,Sambandsflokkurin,0.0
2015,Løgtingið,data.fowomenseats-number,Sambandsflokkurin,0.0
2015,Løgtingið,data.foseats-number,Sambandsflokkurin,6.0
2015,Løgtingið,data.fowomenseats-proportion,Sjálvstýri,0.0
2015,Løgtingið,data.fowomenseats-number,Sjálvstýri,0.0
2015,Løgtingið,data.foseats-number,Sjálvstýri,2.0
2015,Løgtingið,data.fowomenseats-proportion,Tjóðveldi,57.1
2015,Løgtingið,data.fowomenseats-number,Tjóðveldi,4.0
2015,Løgtingið,data.foseats-number,Tjóðveldi,7.0
2015,Løgtingið,data.fowomenseats-proportion,Verkamannafylkingin,
2015,Løgtingið,data.fowomenseats-number,Verkamannafylkingin,
2015,Løgtingið,data.foseats-number,Verkamannafylkingin,
2019,Løgtingið,data.fowomenseats-proportion,Allir flokkar,24.2
2019,Løgtingið,data.fowomenseats-number,Allir flokkar,8.0
2019,Løgtingið,data.foseats-number,Allir flokkar,33.0
2019,Løgtingið,data.fowomenseats-proportion,Fólkaflokkurin,12.5
2019,Løgtingið,data.fowomenseats-number,Fólkaflokkurin,1.0
2019,Løgtingið,data.foseats-number,Fólkaflokkurin,8.0
2019,Løgtingið,data.fowomenseats-proportion,Framburðsflokkurin,
2019,Løgtingið,data.fowomenseats-number,Framburðsflokkurin,
2019,Løgtingið,data.foseats-number,Framburðsflokkurin,
2019,Løgtingið,data.fowomenseats-proportion,Framsókn,0.0
2019,Løgtingið,data.fowomenseats-number,Framsókn,0.0
2019,Løgtingið,data.foseats-number,Framsókn,2.0
2019,Løgtingið,data.fowomenseats-proportion,Javnaðarflokkurin,14.3
2019,Løgtingið,data.fowomenseats-number,Javnaðarflokkurin,1.0
2019,Løgtingið,data.foseats-number,Javnaðarflokkurin,7.0
2019,Løgtingið,data.fowomenseats-proportion,Kristiligi Fólkaflokkurin,
2019,Løgtingið,data.fowomenseats-number,Kristiligi Fólkaflokkurin,
2019,Løgtingið,data.foseats-number,Kristiligi Fólkaflokkurin,
2019,Løgtingið,data.fowomenseats-proportion,Miðflokkurin,0.0
2019,Løgtingið,data.fowomenseats-number,Miðflokkurin,0.0
2019,Løgtingið,data.foseats-number,Miðflokkurin,2.0
2019,Løgtingið,data.fowomenseats-proportion,Sambandsflokkurin,14.3
2019,Løgtingið,data.fowomenseats-number,Sambandsflokkurin,1.0
2019,Løgtingið,data.foseats-number,Sambandsflokkurin,7.0
2019,Løgtingið,data.fowomenseats-proportion,Sjálvstýri,0.0
2019,Løgtingið,data.fowomenseats-number,Sjálvstýri,0.0
2019,Løgtingið,data.foseats-number,Sjálvstýri,1.0
2019,Løgtingið,data.fowomenseats-proportion,Tjóðveldi,83.3
2019,Løgtingið,data.fowomenseats-number,Tjóðveldi,5.0
2019,Løgtingið,data.foseats-number,Tjóðveldi,6.0
2019,Løgtingið,data.fowomenseats-proportion,Verkamannafylkingin,
2019,Løgtingið,data.fowomenseats-number,Verkamannafylkingin,
2019,Løgtingið,data.foseats-number,Verkamannafylkingin,
1996,Kommunustýri,data.fowomenseats-proportion,Allar kommunur,16.5
1996,Kommunustýri,data.fowomenseats-proportion,Bíggjar kommuna,33.3
1996,Kommunustýri,data.fowomenseats-proportion,Eiðis kommuna,14.3
1996,Kommunustýri,data.fowomenseats-proportion,Elduvíkar kommuna,20.0
1996,Kommunustýri,data.fowomenseats-proportion,Eysturkommuna,
1996,Kommunustýri,data.fowomenseats-proportion,Fámjins kommuna,20.0
1996,Kommunustýri,data.fowomenseats-proportion,Fuglafjarðar kommuna,11.1
1996,Kommunustýri,data.fowomenseats-proportion,Fugloyar kommuna,0.0
1996,Kommunustýri,data.fowomenseats-proportion,Funnings kommuna,0.0
1996,Kommunustýri,data.fowomenseats-proportion,Gjáar kommuna,0.0
1996,Kommunustýri,data.fowomenseats-proportion,Gøtu kommuna,0.0
1996,Kommunustýri,data.fowomenseats-proportion,Haldórsvíkar kommuna,0.0
1996,Kommunustýri,data.fowomenseats-proportion,Hests kommuna,0.0
1996,Kommunustýri,data.fowomenseats-proportion,Hósvíkar kommuna,20.0
1996,Kommunustýri,data.fowomenseats-proportion,Hovs kommuna,20.0
1996,Kommunustýri,data.fowomenseats-proportion,Húsa kommuna,20.0
1996,Kommunustýri,data.fowomenseats-proportion,Húsavíkar kommuna,20.0
1996,Kommunustýri,data.fowomenseats-proportion,Hvalbiar kommuna,0.0
1996,Kommunustýri,data.fowomenseats-proportion,Hvalvíkar kommuna,20.0
1996,Kommunustýri,data.fowomenseats-proportion,Hvannasunds kommuna,0.0
1996,Kommunustýri,data.fowomenseats-proportion,Kirkjubøar kommuna,20.0
1996,Kommunustýri,data.fowomenseats-proportion,Klaksvíkar kommuna,18.2
1996,Kommunustýri,data.fowomenseats-proportion,Kunoyar kommuna,20.0
1996,Kommunustýri,data.fowomenseats-proportion,Kvívíkar kommuna,20.0
1996,Kommunustýri,data.fowomenseats-proportion,Leirvíkar kommuna,0.0
1996,Kommunustýri,data.fowomenseats-proportion,Miðvágs kommuna,57.1
1996,Kommunustýri,data.fowomenseats-proportion,Mikladals kommuna,40.0
1996,Kommunustýri,data.fowomenseats-proportion,Mykines kommuna,33.3
1996,Kommunustýri,data.fowomenseats-proportion,Nes kommuna,28.6
1996,Kommunustýri,data.fowomenseats-proportion,Nólsoyar kommuna,0.0
1996,Kommunustýri,data.fowomenseats-proportion,Oyndarfjarðar kommuna,0.0
1996,Kommunustýri,data.fowomenseats-proportion,Porkeris kommuna,20.0
1996,Kommunustýri,data.fowomenseats-proportion,Runavíkar kommuna,0.0
1996,Kommunustýri,data.fowomenseats-proportion,Saksunar kommuna,0.0
1996,Kommunustýri,data.fowomenseats-proportion,Sandavágs kommuna,14.3
1996,Kommunustýri,data.fowomenseats-proportion,Sands kommuna,20.0
1996,Kommunustýri,data.fowomenseats-proportion,Sjóvar kommuna,20.0
1996,Kommunustýri,data.fowomenseats-proportion,Skála kommuna,40.0
1996,Kommunustýri,data.fowomenseats-proportion,Skálavíkar kommuna,40.0
1996,Kommunustýri,data.fowomenseats-proportion,Skopunar kommuna,0.0
1996,Kommunustýri,data.fowomenseats-proportion,Skúgvoyar kommuna,33.3
1996,Kommunustýri,data.fowomenseats-proportion,Sørvágs kommuna,14.3
1996,Kommunustýri,data.fowomenseats-proportion,Sumbiar kommuna,0.0
1996,Kommunustýri,data.fowomenseats-proportion,Sunda kommuna,0.0
1996,Kommunustýri,data.fowomenseats-proportion,Svínoyar kommuna,0.0
1996,Kommunustýri,data.fowomenseats-proportion,Tórshavnar kommuna,23.1
1996,Kommunustýri,data.fowomenseats-proportion,Tvøroyrar kommuna,0.0
1996,Kommunustýri,data.fowomenseats-proportion,Vága kommuna,
1996,Kommunustýri,data.fowomenseats-proportion,Vágs kommuna,22.2
1996,Kommunustýri,data.fowomenseats-proportion,Vestmanna kommuna,57.1
1996,Kommunustýri,data.fowomenseats-proportion,Viðareiðis kommuna,40.0
1996,Kommunustýri,data.fowomenseats-number,Allar kommunur,45.0
1996,Kommunustýri,data.fowomenseats-number,Bíggjar kommuna,1.0
1996,Kommunustýri,data.fowomenseats-number,Eiðis kommuna,1.0
1996,Kommunustýri,data.fowomenseats-number,Elduvíkar kommuna,1.0
1996,Kommunustýri,data.fowomenseats-number,Eysturkommuna,
1996,Kommunustýri,data.fowomenseats-number,Fámjins kommuna,1.0
1996,Kommunustýri,data.fowomenseats-number,Fuglafjarðar kommuna,1.0
1996,Kommunustýri,data.fowomenseats-number,Fugloyar kommuna,0.0
1996,Kommunustýri,data.fowomenseats-number,Funnings kommuna,0.0
1996,Kommunustýri,data.fowomenseats-number,Gjáar kommuna,0.0
1996,Kommunustýri,data.fowomenseats-number,Gøtu kommuna,0.0
1996,Kommunustýri,data.fowomenseats-number,Haldórsvíkar kommuna,0.0
1996,Kommunustýri,data.fowomenseats-number,Hests kommuna,0.0
1996,Kommunustýri,data.fowomenseats-number,Hósvíkar kommuna,1.0
1996,Kommunustýri,data.fowomenseats-number,Hovs kommuna,1.0
1996,Kommunustýri,data.fowomenseats-number,Húsa kommuna,1.0
1996,Kommunustýri,data.fowomenseats-number,Húsavíkar kommuna,1.0
1996,Kommunustýri,data.fowomenseats-number,Hvalbiar kommuna,0.0
1996,Kommunustýri,data.fowomenseats-number,Hvalvíkar kommuna,1.0
1996,Kommunustýri,data.fowomenseats-number,Hvannasunds kommuna,0.0
1996,Kommunustýri,data.fowomenseats-number,Kirkjubøar kommuna,1.0
1996,Kommunustýri,data.fowomenseats-number,Klaksvíkar kommuna,2.0
1996,Kommunustýri,data.fowomenseats-number,Kunoyar kommuna,1.0
1996,Kommunustýri,data.fowomenseats-number,Kvívíkar kommuna,1.0
1996,Kommunustýri,data.fowomenseats-number,Leirvíkar kommuna,0.0
1996,Kommunustýri,data.fowomenseats-number,Miðvágs kommuna,4.0
1996,Kommunustýri,data.fowomenseats-number,Mikladals kommuna,2.0
1996,Kommunustýri,data.fowomenseats-number,Mykines kommuna,1.0
1996,Kommunustýri,data.fowomenseats-number,Nes kommuna,2.0
1996,Kommunustýri,data.fowomenseats-number,Nólsoyar kommuna,0.0
1996,Kommunustýri,data.fowomenseats-number,Oyndarfjarðar kommuna,0.0
1996,Kommunustýri,data.fowomenseats-number,Porkeris kommuna,1.0
1996,Kommunustýri,data.fowomenseats-number,Runavíkar kommuna,0.0
1996,Kommunustýri,data.fowomenseats-number,Saksunar kommuna,0.0
1996,Kommunustýri,data.fowomenseats-number,Sandavágs kommuna,1.0
1996,Kommunustýri,data.fowomenseats-number,Sands kommuna,1.0
1996,Kommunustýri,data.fowomenseats-number,Sjóvar kommuna,1.0
1996,Kommunustýri,data.fowomenseats-number,Skála kommuna,2.0
1996,Kommunustýri,data.fowomenseats-number,Skálavíkar kommuna,2.0
1996,Kommunustýri,data.fowomenseats-number,Skopunar kommuna,0.0
1996,Kommunustýri,data.fowomenseats-number,Skúgvoyar kommuna,1.0
1996,Kommunustýri,data.fowomenseats-number,Sørvágs kommuna,1.0
1996,Kommunustýri,data.fowomenseats-number,Sumbiar kommuna,0.0
1996,Kommunustýri,data.fowomenseats-number,Sunda kommuna,0.0
1996,Kommunustýri,data.fowomenseats-number,Svínoyar kommuna,0.0
1996,Kommunustýri,data.fowomenseats-number,Tórshavnar kommuna,3.0
1996,Kommunustýri,data.fowomenseats-number,Tvøroyrar kommuna,0.0
1996,Kommunustýri,data.fowomenseats-number,Vága kommuna,
1996,Kommunustýri,data.fowomenseats-number,Vágs kommuna,2.0
1996,Kommunustýri,data.fowomenseats-number,Vestmanna kommuna,4.0
1996,Kommunustýri,data.fowomenseats-number,Viðareiðis kommuna,2.0
1996,Kommunustýri,data.foseats-number,Allar kommunur,272.0
1996,Kommunustýri,data.foseats-number,Bíggjar kommuna,3.0
1996,Kommunustýri,data.foseats-number,Eiðis kommuna,7.0
1996,Kommunustýri,data.foseats-number,Elduvíkar kommuna,5.0
1996,Kommunustýri,data.foseats-number,Eysturkommuna,
1996,Kommunustýri,data.foseats-number,Fámjins kommuna,5.0
1996,Kommunustýri,data.foseats-number,Fuglafjarðar kommuna,9.0
1996,Kommunustýri,data.foseats-number,Fugloyar kommuna,5.0
1996,Kommunustýri,data.foseats-number,Funnings kommuna,5.0
1996,Kommunustýri,data.foseats-number,Gjáar kommuna,5.0
1996,Kommunustýri,data.foseats-number,Gøtu kommuna,5.0
1996,Kommunustýri,data.foseats-number,Haldórsvíkar kommuna,5.0
1996,Kommunustýri,data.foseats-number,Hests kommuna,5.0
1996,Kommunustýri,data.foseats-number,Hósvíkar kommuna,5.0
1996,Kommunustýri,data.foseats-number,Hovs kommuna,5.0
1996,Kommunustýri,data.foseats-number,Húsa kommuna,5.0
1996,Kommunustýri,data.foseats-number,Húsavíkar kommuna,5.0
1996,Kommunustýri,data.foseats-number,Hvalbiar kommuna,5.0
1996,Kommunustýri,data.foseats-number,Hvalvíkar kommuna,5.0
1996,Kommunustýri,data.foseats-number,Hvannasunds kommuna,5.0
1996,Kommunustýri,data.foseats-number,Kirkjubøar kommuna,5.0
1996,Kommunustýri,data.foseats-number,Klaksvíkar kommuna,11.0
1996,Kommunustýri,data.foseats-number,Kunoyar kommuna,5.0
1996,Kommunustýri,data.foseats-number,Kvívíkar kommuna,5.0
1996,Kommunustýri,data.foseats-number,Leirvíkar kommuna,5.0
1996,Kommunustýri,data.foseats-number,Miðvágs kommuna,7.0
1996,Kommunustýri,data.foseats-number,Mikladals kommuna,5.0
1996,Kommunustýri,data.foseats-number,Mykines kommuna,3.0
1996,Kommunustýri,data.foseats-number,Nes kommuna,7.0
1996,Kommunustýri,data.foseats-number,Nólsoyar kommuna,5.0
1996,Kommunustýri,data.foseats-number,Oyndarfjarðar kommuna,5.0
1996,Kommunustýri,data.foseats-number,Porkeris kommuna,5.0
1996,Kommunustýri,data.foseats-number,Runavíkar kommuna,9.0
1996,Kommunustýri,data.foseats-number,Saksunar kommuna,3.0
1996,Kommunustýri,data.foseats-number,Sandavágs kommuna,7.0
1996,Kommunustýri,data.foseats-number,Sands kommuna,5.0
1996,Kommunustýri,data.foseats-number,Sjóvar kommuna,5.0
1996,Kommunustýri,data.foseats-number,Skála kommuna,5.0
1996,Kommunustýri,data.foseats-number,Skálavíkar kommuna,5.0
1996,Kommunustýri,data.foseats-number,Skopunar kommuna,5.0
1996,Kommunustýri,data.foseats-number,Skúgvoyar kommuna,3.0
1996,Kommunustýri,data.foseats-number,Sørvágs kommuna,7.0
1996,Kommunustýri,data.foseats-number,Sumbiar kommuna,5.0
1996,Kommunustýri,data.foseats-number,Sunda kommuna,5.0
1996,Kommunustýri,data.foseats-number,Svínoyar kommuna,5.0
1996,Kommunustýri,data.foseats-number,Tórshavnar kommuna,13.0
1996,Kommunustýri,data.foseats-number,Tvøroyrar kommuna,7.0
1996,Kommunustýri,data.foseats-number,Vága kommuna,
1996,Kommunustýri,data.foseats-number,Vágs kommuna,9.0
1996,Kommunustýri,data.foseats-number,Vestmanna kommuna,7.0
1996,Kommunustýri,data.foseats-number,Viðareiðis kommuna,5.0
2000,Kommunustýri,data.fowomenseats-proportion,Allar kommunur,22.8
2000,Kommunustýri,data.fowomenseats-proportion,Bíggjar kommuna,0.0
2000,Kommunustýri,data.fowomenseats-proportion,Eiðis kommuna,14.3
2000,Kommunustýri,data.fowomenseats-proportion,Elduvíkar kommuna,20.0
2000,Kommunustýri,data.fowomenseats-proportion,Eysturkommuna,
2000,Kommunustýri,data.fowomenseats-proportion,Fámjins kommuna,20.0
2000,Kommunustýri,data.fowomenseats-proportion,Fuglafjarðar kommuna,11.1
2000,Kommunustýri,data.fowomenseats-proportion,Fugloyar kommuna,0.0
2000,Kommunustýri,data.fowomenseats-proportion,Funnings kommuna,33.3
2000,Kommunustýri,data.fowomenseats-proportion,Gjáar kommuna,33.3
2000,Kommunustýri,data.fowomenseats-proportion,Gøtu kommuna,28.6
2000,Kommunustýri,data.fowomenseats-proportion,Haldórsvíkar kommuna,0.0
2000,Kommunustýri,data.fowomenseats-proportion,Hests kommuna,0.0
2000,Kommunustýri,data.fowomenseats-proportion,Hósvíkar kommuna,40.0
2000,Kommunustýri,data.fowomenseats-proportion,Hovs kommuna,40.0
2000,Kommunustýri,data.fowomenseats-proportion,Húsa kommuna,33.3
2000,Kommunustýri,data.fowomenseats-proportion,Húsavíkar kommuna,20.0
2000,Kommunustýri,data.fowomenseats-proportion,Hvalbiar kommuna,14.3
2000,Kommunustýri,data.fowomenseats-proportion,Hvalvíkar kommuna,20.0
2000,Kommunustýri,data.fowomenseats-proportion,Hvannasunds kommuna,40.0
2000,Kommunustýri,data.fowomenseats-proportion,Kirkjubøar kommuna,20.0
2000,Kommunustýri,data.fowomenseats-proportion,Klaksvíkar kommuna,27.3
2000,Kommunustýri,data.fowomenseats-proportion,Kunoyar kommuna,20.0
2000,Kommunustýri,data.fowomenseats-proportion,Kvívíkar kommuna,28.6
2000,Kommunustýri,data.fowomenseats-proportion,Leirvíkar kommuna,42.9
2000,Kommunustýri,data.fowomenseats-proportion,Miðvágs kommuna,57.1
2000,Kommunustýri,data.fowomenseats-proportion,Mikladals kommuna,33.3
2000,Kommunustýri,data.fowomenseats-proportion,Mykines kommuna,33.3
2000,Kommunustýri,data.fowomenseats-proportion,Nes kommuna,28.6
2000,Kommunustýri,data.fowomenseats-proportion,Nólsoyar kommuna,20.0
2000,Kommunustýri,data.fowomenseats-proportion,Oyndarfjarðar kommuna,60.0
2000,Kommunustýri,data.fowomenseats-proportion,Porkeris kommuna,20.0
2000,Kommunustýri,data.fowomenseats-proportion,Runavíkar kommuna,22.2
2000,Kommunustýri,data.fowomenseats-proportion,Saksunar kommuna,0.0
2000,Kommunustýri,data.fowomenseats-proportion,Sandavágs kommuna,14.3
2000,Kommunustýri,data.fowomenseats-proportion,Sands kommuna,14.3
2000,Kommunustýri,data.fowomenseats-proportion,Sjóvar kommuna,0.0
2000,Kommunustýri,data.fowomenseats-proportion,Skála kommuna,0.0
2000,Kommunustýri,data.fowomenseats-proportion,Skálavíkar kommuna,20.0
2000,Kommunustýri,data.fowomenseats-proportion,Skopunar kommuna,40.0
2000,Kommunustýri,data.fowomenseats-proportion,Skúgvoyar kommuna,33.3
2000,Kommunustýri,data.fowomenseats-proportion,Sørvágs kommuna,14.3
2000,Kommunustýri,data.fowomenseats-proportion,Sumbiar kommuna,0.0
2000,Kommunustýri,data.fowomenseats-proportion,Sunda kommuna,60.0
2000,Kommunustýri,data.fowomenseats-proportion,Svínoyar kommuna,0.0
2000,Kommunustýri,data.fowomenseats-proportion,Tórshavnar kommuna,23.1
2000,Kommunustýri,data.fowomenseats-proportion,Tvøroyrar kommuna,0.0
2000,Kommunustýri,data.fowomenseats-proportion,Vága kommuna,
2000,Kommunustýri,data.fowomenseats-proportion,Vágs kommuna,22.2
2000,Kommunustýri,data.fowomenseats-proportion,Vestmanna kommuna,57.1
2000,Kommunustýri,data.fowomenseats-proportion,Viðareiðis kommuna,0.0
2000,Kommunustýri,data.fowomenseats-number,Allar kommunur,62.0
2000,Kommunustýri,data.fowomenseats-number,Bíggjar kommuna,0.0
2000,Kommunustýri,data.fowomenseats-number,Eiðis kommuna,1.0
2000,Kommunustýri,data.fowomenseats-number,Elduvíkar kommuna,1.0
2000,Kommunustýri,data.fowomenseats-number,Eysturkommuna,
2000,Kommunustýri,data.fowomenseats-number,Fámjins kommuna,1.0
2000,Kommunustýri,data.fowomenseats-number,Fuglafjarðar kommuna,1.0
2000,Kommunustýri,data.fowomenseats-number,Fugloyar kommuna,0.0
2000,Kommunustýri,data.fowomenseats-number,Funnings kommuna,1.0
2000,Kommunustýri,data.fowomenseats-number,Gjáar kommuna,1.0
2000,Kommunustýri,data.fowomenseats-number,Gøtu kommuna,2.0
2000,Kommunustýri,data.fowomenseats-number,Haldórsvíkar kommuna,0.0
2000,Kommunustýri,data.fowomenseats-number,Hests kommuna,0.0
2000,Kommunustýri,data.fowomenseats-number,Hósvíkar kommuna,2.0
2000,Kommunustýri,data.fowomenseats-number,Hovs kommuna,2.0
2000,Kommunustýri,data.fowomenseats-number,Húsa kommuna,1.0
2000,Kommunustýri,data.fowomenseats-number,Húsavíkar kommuna,1.0
2000,Kommunustýri,data.fowomenseats-number,Hvalbiar kommuna,1.0
2000,Kommunustýri,data.fowomenseats-number,Hvalvíkar kommuna,1.0
2000,Kommunustýri,data.fowomenseats-number,Hvannasunds kommuna,2.0
2000,Kommunustýri,data.fowomenseats-number,Kirkjubøar kommuna,1.0
2000,Kommunustýri,data.fowomenseats-number,Klaksvíkar kommuna,3.0
2000,Kommunustýri,data.fowomenseats-number,Kunoyar kommuna,1.0
2000,Kommunustýri,data.fowomenseats-number,Kvívíkar kommuna,2.0
2000,Kommunustýri,data.fowomenseats-number,Leirvíkar kommuna,3.0
2000,Kommunustýri,data.fowomenseats-number,Miðvágs kommuna,4.0
2000,Kommunustýri,data.fowomenseats-number,Mikladals kommuna,1.0
2000,Kommunustýri,data.fowomenseats-number,Mykines kommuna,1.0
2000,Kommunustýri,data.fowomenseats-number,Nes kommuna,2.0
2000,Kommunustýri,data.fowomenseats-number,Nólsoyar kommuna,1.0
2000,Kommunustýri,data.fowomenseats-number,Oyndarfjarðar kommuna,3.0
2000,Kommunustýri,data.fowomenseats-number,Porkeris kommuna,1.0
2000,Kommunustýri,data.fowomenseats-number,Runavíkar kommuna,2.0
2000,Kommunustýri,data.fowomenseats-number,Saksunar kommuna,0.0
2000,Kommunustýri,data.fowomenseats-number,Sandavágs kommuna,1.0
2000,Kommunustýri,data.fowomenseats-number,Sands kommuna,1.0
2000,Kommunustýri,data.fowomenseats-number,Sjóvar kommuna,0.0
2000,Kommunustýri,data.fowomenseats-number,Skála kommuna,0.0
2000,Kommunustýri,data.fowomenseats-number,Skálavíkar kommuna,1.0
2000,Kommunustýri,data.fowomenseats-number,Skopunar kommuna,2.0
2000,Kommunustýri,data.fowomenseats-number,Skúgvoyar kommuna,1.0
2000,Kommunustýri,data.fowomenseats-number,Sørvágs kommuna,1.0
2000,Kommunustýri,data.fowomenseats-number,Sumbiar kommuna,0.0
2000,Kommunustýri,data.fowomenseats-number,Sunda kommuna,3.0
2000,Kommunustýri,data.fowomenseats-number,Svínoyar kommuna,0.0
2000,Kommunustýri,data.fowomenseats-number,Tórshavnar kommuna,3.0
2000,Kommunustýri,data.fowomenseats-number,Tvøroyrar kommuna,0.0
2000,Kommunustýri,data.fowomenseats-number,Vága kommuna,
2000,Kommunustýri,data.fowomenseats-number,Vágs kommuna,2.0
2000,Kommunustýri,data.fowomenseats-number,Vestmanna kommuna,4.0
2000,Kommunustýri,data.fowomenseats-number,Viðareiðis kommuna,0.0
2000,Kommunustýri,data.foseats-number,Allar kommunur,272.0
2000,Kommunustýri,data.foseats-number,Bíggjar kommuna,3.0
2000,Kommunustýri,data.foseats-number,Eiðis kommuna,7.0
2000,Kommunustýri,data.foseats-number,Elduvíkar kommuna,5.0
2000,Kommunustýri,data.foseats-number,Eysturkommuna,
2000,Kommunustýri,data.foseats-number,Fámjins kommuna,5.0
2000,Kommunustýri,data.foseats-number,Fuglafjarðar kommuna,9.0
2000,Kommunustýri,data.foseats-number,Fugloyar kommuna,3.0
2000,Kommunustýri,data.foseats-number,Funnings kommuna,3.0
2000,Kommunustýri,data.foseats-number,Gjáar kommuna,3.0
2000,Kommunustýri,data.foseats-number,Gøtu kommuna,7.0
2000,Kommunustýri,data.foseats-number,Haldórsvíkar kommuna,5.0
2000,Kommunustýri,data.foseats-number,Hests kommuna,3.0
2000,Kommunustýri,data.foseats-number,Hósvíkar kommuna,5.0
2000,Kommunustýri,data.foseats-number,Hovs kommuna,5.0
2000,Kommunustýri,data.foseats-number,Húsa kommuna,3.0
2000,Kommunustýri,data.foseats-number,Húsavíkar kommuna,5.0
2000,Kommunustýri,data.foseats-number,Hvalbiar kommuna,7.0
2000,Kommunustýri,data.foseats-number,Hvalvíkar kommuna,5.0
2000,Kommunustýri,data.foseats-number,Hvannasunds kommuna,5.0
2000,Kommunustýri,data.foseats-number,Kirkjubøar kommuna,5.0
2000,Kommunustýri,data.foseats-number,Klaksvíkar kommuna,11.0
2000,Kommunustýri,data.foseats-number,Kunoyar kommuna,5.0
2000,Kommunustýri,data.foseats-number,Kvívíkar kommuna,7.0
2000,Kommunustýri,data.foseats-number,Leirvíkar kommuna,7.0
2000,Kommunustýri,data.foseats-number,Miðvágs kommuna,7.0
2000,Kommunustýri,data.foseats-number,Mikladals kommuna,3.0
2000,Kommunustýri,data.foseats-number,Mykines kommuna,3.0
2000,Kommunustýri,data.foseats-number,Nes kommuna,7.0
2000,Kommunustýri,data.foseats-number,Nólsoyar kommuna,5.0
2000,Kommunustýri,data.foseats-number,Oyndarfjarðar kommuna,5.0
2000,Kommunustýri,data.foseats-number,Porkeris kommuna,5.0
2000,Kommunustýri,data.foseats-number,Runavíkar kommuna,9.0
2000,Kommunustýri,data.foseats-number,Saksunar kommuna,3.0
2000,Kommunustýri,data.foseats-number,Sandavágs kommuna,7.0
2000,Kommunustýri,data.foseats-number,Sands kommuna,7.0
2000,Kommunustýri,data.foseats-number,Sjóvar kommuna,7.0
2000,Kommunustýri,data.foseats-number,Skála kommuna,7.0
2000,Kommunustýri,data.foseats-number,Skálavíkar kommuna,5.0
2000,Kommunustýri,data.foseats-number,Skopunar kommuna,5.0
2000,Kommunustýri,data.foseats-number,Skúgvoyar kommuna,3.0
2000,Kommunustýri,data.foseats-number,Sørvágs kommuna,7.0
2000,Kommunustýri,data.foseats-number,Sumbiar kommuna,5.0
2000,Kommunustýri,data.foseats-number,Sunda kommuna,5.0
2000,Kommunustýri,data.foseats-number,Svínoyar kommuna,3.0
2000,Kommunustýri,data.foseats-number,Tórshavnar kommuna,13.0
2000,Kommunustýri,data.foseats-number,Tvøroyrar kommuna,7.0
2000,Kommunustýri,data.foseats-number,Vága kommuna,
2000,Kommunustýri,data.foseats-number,Vágs kommuna,9.0
2000,Kommunustýri,data.foseats-number,Vestmanna kommuna,7.0
2000,Kommunustýri,data.foseats-number,Viðareiðis kommuna,5.0
2004,Kommunustýri,data.fowomenseats-proportion,Allar kommunur,22.7
2004,Kommunustýri,data.fowomenseats-proportion,Bíggjar kommuna,
2004,Kommunustýri,data.fowomenseats-proportion,Eiðis kommuna,14.3
2004,Kommunustýri,data.fowomenseats-proportion,Elduvíkar kommuna,
2004,Kommunustýri,data.fowomenseats-proportion,Eysturkommuna,
2004,Kommunustýri,data.fowomenseats-proportion,Fámjins kommuna,40.0
2004,Kommunustýri,data.fowomenseats-proportion,Fuglafjarðar kommuna,11.1
2004,Kommunustýri,data.fowomenseats-proportion,Fugloyar kommuna,33.3
2004,Kommunustýri,data.fowomenseats-proportion,Funnings kommuna,33.3
2004,Kommunustýri,data.fowomenseats-proportion,Gjáar kommuna,
2004,Kommunustýri,data.fowomenseats-proportion,Gøtu kommuna,42.9
2004,Kommunustýri,data.fowomenseats-proportion,Haldórsvíkar kommuna,
2004,Kommunustýri,data.fowomenseats-proportion,Hests kommuna,
2004,Kommunustýri,data.fowomenseats-proportion,Hósvíkar kommuna,
2004,Kommunustýri,data.fowomenseats-proportion,Hovs kommuna,40.0
2004,Kommunustýri,data.fowomenseats-proportion,Húsa kommuna,33.3
2004,Kommunustýri,data.fowomenseats-proportion,Húsavíkar kommuna,20.0
2004,Kommunustýri,data.fowomenseats-proportion,Hvalbiar kommuna,14.3
2004,Kommunustýri,data.fowomenseats-proportion,Hvalvíkar kommuna,
2004,Kommunustýri,data.fowomenseats-proportion,Hvannasunds kommuna,20.0
2004,Kommunustýri,data.fowomenseats-proportion,Kirkjubøar kommuna,
2004,Kommunustýri,data.fowomenseats-proportion,Klaksvíkar kommuna,27.3
2004,Kommunustýri,data.fowomenseats-proportion,Kunoyar kommuna,20.0
2004,Kommunustýri,data.fowomenseats-proportion,Kvívíkar kommuna,28.6
2004,Kommunustýri,data.fowomenseats-proportion,Leirvíkar kommuna,28.6
2004,Kommunustýri,data.fowomenseats-proportion,Miðvágs kommuna,14.3
2004,Kommunustýri,data.fowomenseats-proportion,Mikladals kommuna,
2004,Kommunustýri,data.fowomenseats-proportion,Mykines kommuna,
2004,Kommunustýri,data.fowomenseats-proportion,Nes kommuna,28.6
2004,Kommunustýri,data.fowomenseats-proportion,Nólsoyar kommuna,
2004,Kommunustýri,data.fowomenseats-proportion,Oyndarfjarðar kommuna,
2004,Kommunustýri,data.fowomenseats-proportion,Porkeris kommuna,20.0
2004,Kommunustýri,data.fowomenseats-proportion,Runavíkar kommuna,0.0
2004,Kommunustýri,data.fowomenseats-proportion,Saksunar kommuna,
2004,Kommunustýri,data.fowomenseats-proportion,Sandavágs kommuna,14.3
2004,Kommunustýri,data.fowomenseats-proportion,Sands kommuna,14.3
2004,Kommunustýri,data.fowomenseats-proportion,Sjóvar kommuna,14.3
2004,Kommunustýri,data.fowomenseats-proportion,Skála kommuna,
2004,Kommunustýri,data.fowomenseats-proportion,Skálavíkar kommuna,20.0
2004,Kommunustýri,data.fowomenseats-proportion,Skopunar kommuna,40.0
2004,Kommunustýri,data.fowomenseats-proportion,Skúgvoyar kommuna,33.3
2004,Kommunustýri,data.fowomenseats-proportion,Sørvágs kommuna,28.6
2004,Kommunustýri,data.fowomenseats-proportion,Sumbiar kommuna,0.0
2004,Kommunustýri,data.fowomenseats-proportion,Sunda kommuna,18.2
2004,Kommunustýri,data.fowomenseats-proportion,Svínoyar kommuna,33.3
2004,Kommunustýri,data.fowomenseats-proportion,Tórshavnar kommuna,46.2
2004,Kommunustýri,data.fowomenseats-proportion,Tvøroyrar kommuna,14.3
2004,Kommunustýri,data.fowomenseats-proportion,Vága kommuna,
2004,Kommunustýri,data.fowomenseats-proportion,Vágs kommuna,22.2
2004,Kommunustýri,data.fowomenseats-proportion,Vestmanna kommuna,14.3
2004,Kommunustýri,data.fowomenseats-proportion,Viðareiðis kommuna,20.0
2004,Kommunustýri,data.fowomenseats-number,Allar kommunur,50.0
2004,Kommunustýri,data.fowomenseats-number,Bíggjar kommuna,
2004,Kommunustýri,data.fowomenseats-number,Eiðis kommuna,1.0
2004,Kommunustýri,data.fowomenseats-number,Elduvíkar kommuna,
2004,Kommunustýri,data.fowomenseats-number,Eysturkommuna,
2004,Kommunustýri,data.fowomenseats-number,Fámjins kommuna,2.0
2004,Kommunustýri,data.fowomenseats-number,Fuglafjarðar kommuna,1.0
2004,Kommunustýri,data.fowomenseats-number,Fugloyar kommuna,1.0
2004,Kommunustýri,data.fowomenseats-number,Funnings kommuna,1.0
2004,Kommunustýri,data.fowomenseats-number,Gjáar kommuna,
2004,Kommunustýri,data.fowomenseats-number,Gøtu kommuna,3.0
2004,Kommunustýri,data.fowomenseats-number,Haldórsvíkar kommuna,
2004,Kommunustýri,data.fowomenseats-number,Hests kommuna,
2004,Kommunustýri,data.fowomenseats-number,Hósvíkar kommuna,
2004,Kommunustýri,data.fowomenseats-number,Hovs kommuna,2.0
2004,Kommunustýri,data.fowomenseats-number,Húsa kommuna,1.0
2004,Kommunustýri,data.fowomenseats-number,Húsavíkar kommuna,1.0
2004,Kommunustýri,data.fowomenseats-number,Hvalbiar kommuna,1.0
2004,Kommunustýri,data.fowomenseats-number,Hvalvíkar kommuna,
2004,Kommunustýri,data.fowomenseats-number,Hvannasunds kommuna,1.0
2004,Kommunustýri,data.fowomenseats-number,Kirkjubøar kommuna,
2004,Kommunustýri,data.fowomenseats-number,Klaksvíkar kommuna,3.0
2004,Kommunustýri,data.fowomenseats-number,Kunoyar kommuna,1.0
2004,Kommunustýri,data.fowomenseats-number,Kvívíkar kommuna,2.0
2004,Kommunustýri,data.fowomenseats-number,Leirvíkar kommuna,2.0
2004,Kommunustýri,data.fowomenseats-number,Miðvágs kommuna,1.0
2004,Kommunustýri,data.fowomenseats-number,Mikladals kommuna,
2004,Kommunustýri,data.fowomenseats-number,Mykines kommuna,
2004,Kommunustýri,data.fowomenseats-number,Nes kommuna,2.0
2004,Kommunustýri,data.fowomenseats-number,Nólsoyar kommuna,
2004,Kommunustýri,data.fowomenseats-number,Oyndarfjarðar kommuna,
2004,Kommunustýri,data.fowomenseats-number,Porkeris kommuna,1.0
2004,Kommunustýri,data.fowomenseats-number,Runavíkar kommuna,0.0
2004,Kommunustýri,data.fowomenseats-number,Saksunar kommuna,
2004,Kommunustýri,data.fowomenseats-number,Sandavágs kommuna,1.0
2004,Kommunustýri,data.fowomenseats-number,Sands kommuna,1.0
2004,Kommunustýri,data.fowomenseats-number,Sjóvar kommuna,1.0
2004,Kommunustýri,data.fowomenseats-number,Skála kommuna,
2004,Kommunustýri,data.fowomenseats-number,Skálavíkar kommuna,1.0
2004,Kommunustýri,data.fowomenseats-number,Skopunar kommuna,2.0
2004,Kommunustýri,data.fowomenseats-number,Skúgvoyar kommuna,1.0
2004,Kommunustýri,data.fowomenseats-number,Sørvágs kommuna,2.0
2004,Kommunustýri,data.fowomenseats-number,Sumbiar kommuna,0.0
2004,Kommunustýri,data.fowomenseats-number,Sunda kommuna,2.0
2004,Kommunustýri,data.fowomenseats-number,Svínoyar kommuna,1.0
2004,Kommunustýri,data.fowomenseats-number,Tórshavnar kommuna,6.0
2004,Kommunustýri,data.fowomenseats-number,Tvøroyrar kommuna,1.0
2004,Kommunustýri,data.fowomenseats-number,Vága kommuna,
2004,Kommunustýri,data.fowomenseats-number,Vágs kommuna,2.0
2004,Kommunustýri,data.fowomenseats-number,Vestmanna kommuna,1.0
2004,Kommunustýri,data.fowomenseats-number,Viðareiðis kommuna,1.0
2004,Kommunustýri,data.foseats-number,Allar kommunur,220.0
2004,Kommunustýri,data.foseats-number,Bíggjar kommuna,
2004,Kommunustýri,data.foseats-number,Eiðis kommuna,7.0
2004,Kommunustýri,data.foseats-number,Elduvíkar kommuna,
2004,Kommunustýri,data.foseats-number,Eysturkommuna,
2004,Kommunustýri,data.foseats-number,Fámjins kommuna,5.0
2004,Kommunustýri,data.foseats-number,Fuglafjarðar kommuna,9.0
2004,Kommunustýri,data.foseats-number,Fugloyar kommuna,3.0
2004,Kommunustýri,data.foseats-number,Funnings kommuna,3.0
2004,Kommunustýri,data.foseats-number,Gjáar kommuna,
2004,Kommunustýri,data.foseats-number,Gøtu kommuna,7.0
2004,Kommunustýri,data.foseats-number,Haldórsvíkar kommuna,
2004,Kommunustýri,data.foseats-number,Hests kommuna,
2004,Kommunustýri,data.foseats-number,Hósvíkar kommuna,
2004,Kommunustýri,data.foseats-number,Hovs kommuna,5.0
2004,Kommunustýri,data.foseats-number,Húsa kommuna,3.0
2004,Kommunustýri,data.foseats-number,Húsavíkar kommuna,5.0
2004,Kommunustýri,data.foseats-number,Hvalbiar kommuna,7.0
2004,Kommunustýri,data.foseats-number,Hvalvíkar kommuna,
2004,Kommunustýri,data.foseats-number,Hvannasunds kommuna,5.0
2004,Kommunustýri,data.foseats-number,Kirkjubøar kommuna,
2004,Kommunustýri,data.foseats-number,Klaksvíkar kommuna,11.0
2004,Kommunustýri,data.foseats-number,Kunoyar kommuna,5.0
2004,Kommunustýri,data.foseats-number,Kvívíkar kommuna,7.0
2004,Kommunustýri,data.foseats-number,Leirvíkar kommuna,7.0
2004,Kommunustýri,data.foseats-number,Miðvágs kommuna,7.0
2004,Kommunustýri,data.foseats-number,Mikladals kommuna,
2004,Kommunustýri,data.foseats-number,Mykines kommuna,
2004,Kommunustýri,data.foseats-number,Nes kommuna,7.0
2004,Kommunustýri,data.foseats-number,Nólsoyar kommuna,
2004,Kommunustýri,data.foseats-number,Oyndarfjarðar kommuna,
2004,Kommunustýri,data.foseats-number,Porkeris kommuna,5.0
2004,Kommunustýri,data.foseats-number,Runavíkar kommuna,11.0
2004,Kommunustýri,data.foseats-number,Saksunar kommuna,
2004,Kommunustýri,data.foseats-number,Sandavágs kommuna,7.0
2004,Kommunustýri,data.foseats-number,Sands kommuna,7.0
2004,Kommunustýri,data.foseats-number,Sjóvar kommuna,7.0
2004,Kommunustýri,data.foseats-number,Skála kommuna,
2004,Kommunustýri,data.foseats-number,Skálavíkar kommuna,5.0
2004,Kommunustýri,data.foseats-number,Skopunar kommuna,5.0
2004,Kommunustýri,data.foseats-number,Skúgvoyar kommuna,3.0
2004,Kommunustýri,data.foseats-number,Sørvágs kommuna,7.0
2004,Kommunustýri,data.foseats-number,Sumbiar kommuna,5.0
2004,Kommunustýri,data.foseats-number,Sunda kommuna,11.0
2004,Kommunustýri,data.foseats-number,Svínoyar kommuna,3.0
2004,Kommunustýri,data.foseats-number,Tórshavnar kommuna,13.0
2004,Kommunustýri,data.foseats-number,Tvøroyrar kommuna,7.0
2004,Kommunustýri,data.foseats-number,Vága kommuna,
2004,Kommunustýri,data.foseats-number,Vágs kommuna,9.0
2004,Kommunustýri,data.foseats-number,Vestmanna kommuna,7.0
2004,Kommunustýri,data.foseats-number,Viðareiðis kommuna,5.0
2008,Kommunustýri,data.fowomenseats-proportion,Allar kommunur,30.8
2008,Kommunustýri,data.fowomenseats-proportion,Bíggjar kommuna,
2008,Kommunustýri,data.fowomenseats-proportion,Eiðis kommuna,14.3
2008,Kommunustýri,data.fowomenseats-proportion,Elduvíkar kommuna,
2008,Kommunustýri,data.fowomenseats-proportion,Eysturkommuna,33.3
2008,Kommunustýri,data.fowomenseats-proportion,Fámjins kommuna,60.0
2008,Kommunustýri,data.fowomenseats-proportion,Fuglafjarðar kommuna,22.2
2008,Kommunustýri,data.fowomenseats-proportion,Fugloyar kommuna,33.3
2008,Kommunustýri,data.fowomenseats-proportion,Funnings kommuna,
2008,Kommunustýri,data.fowomenseats-proportion,Gjáar kommuna,
2008,Kommunustýri,data.fowomenseats-proportion,Gøtu kommuna,
2008,Kommunustýri,data.fowomenseats-proportion,Haldórsvíkar kommuna,
2008,Kommunustýri,data.fowomenseats-proportion,Hests kommuna,
2008,Kommunustýri,data.fowomenseats-proportion,Hósvíkar kommuna,
2008,Kommunustýri,data.fowomenseats-proportion,Hovs kommuna,60.0
2008,Kommunustýri,data.fowomenseats-proportion,Húsa kommuna,33.3
2008,Kommunustýri,data.fowomenseats-proportion,Húsavíkar kommuna,20.0
2008,Kommunustýri,data.fowomenseats-proportion,Hvalbiar kommuna,14.3
2008,Kommunustýri,data.fowomenseats-proportion,Hvalvíkar kommuna,
2008,Kommunustýri,data.fowomenseats-proportion,Hvannasunds kommuna,60.0
2008,Kommunustýri,data.fowomenseats-proportion,Kirkjubøar kommuna,
2008,Kommunustýri,data.fowomenseats-proportion,Klaksvíkar kommuna,36.4
2008,Kommunustýri,data.fowomenseats-proportion,Kunoyar kommuna,40.0
2008,Kommunustýri,data.fowomenseats-proportion,Kvívíkar kommuna,42.9
2008,Kommunustýri,data.fowomenseats-proportion,Leirvíkar kommuna,
2008,Kommunustýri,data.fowomenseats-proportion,Miðvágs kommuna,
2008,Kommunustýri,data.fowomenseats-proportion,Mikladals kommuna,
2008,Kommunustýri,data.fowomenseats-proportion,Mykines kommuna,
2008,Kommunustýri,data.fowomenseats-proportion,Nes kommuna,28.6
2008,Kommunustýri,data.fowomenseats-proportion,Nólsoyar kommuna,
2008,Kommunustýri,data.fowomenseats-proportion,Oyndarfjarðar kommuna,
2008,Kommunustýri,data.fowomenseats-proportion,Porkeris kommuna,20.0
2008,Kommunustýri,data.fowomenseats-proportion,Runavíkar kommuna,27.3
2008,Kommunustýri,data.fowomenseats-proportion,Saksunar kommuna,
2008,Kommunustýri,data.fowomenseats-proportion,Sandavágs kommuna,
2008,Kommunustýri,data.fowomenseats-proportion,Sands kommuna,14.3
2008,Kommunustýri,data.fowomenseats-proportion,Sjóvar kommuna,28.6
2008,Kommunustýri,data.fowomenseats-proportion,Skála kommuna,
2008,Kommunustýri,data.fowomenseats-proportion,Skálavíkar kommuna,20.0
2008,Kommunustýri,data.fowomenseats-proportion,Skopunar kommuna,42.9
2008,Kommunustýri,data.fowomenseats-proportion,Skúgvoyar kommuna,33.3
2008,Kommunustýri,data.fowomenseats-proportion,Sørvágs kommuna,28.6
2008,Kommunustýri,data.fowomenseats-proportion,Sumbiar kommuna,20.0
2008,Kommunustýri,data.fowomenseats-proportion,Sunda kommuna,36.4
2008,Kommunustýri,data.fowomenseats-proportion,Svínoyar kommuna,
2008,Kommunustýri,data.fowomenseats-proportion,Tórshavnar kommuna,30.8
2008,Kommunustýri,data.fowomenseats-proportion,Tvøroyrar kommuna,14.3
2008,Kommunustýri,data.fowomenseats-proportion,Vága kommuna,36.4
2008,Kommunustýri,data.fowomenseats-proportion,Vágs kommuna,33.3
2008,Kommunustýri,data.fowomenseats-proportion,Vestmanna kommuna,42.9
2008,Kommunustýri,data.fowomenseats-proportion,Viðareiðis kommuna,0.0
2008,Kommunustýri,data.fowomenseats-number,Allar kommunur,64.0
2008,Kommunustýri,data.fowomenseats-number,Bíggjar kommuna,
2008,Kommunustýri,data.fowomenseats-number,Eiðis kommuna,1.0
2008,Kommunustýri,data.fowomenseats-number,Elduvíkar kommuna,
2008,Kommunustýri,data.fowomenseats-number,Eysturkommuna,3.0
2008,Kommunustýri,data.fowomenseats-number,Fámjins kommuna,3.0
2008,Kommunustýri,data.fowomenseats-number,Fuglafjarðar kommuna,2.0
2008,Kommunustýri,data.fowomenseats-number,Fugloyar kommuna,1.0
2008,Kommunustýri,data.fowomenseats-number,Funnings kommuna,
2008,Kommunustýri,data.fowomenseats-number,Gjáar kommuna,
2008,Kommunustýri,data.fowomenseats-number,Gøtu kommuna,
2008,Kommunustýri,data.fowomenseats-number,Haldórsvíkar kommuna,
2008,Kommunustýri,data.fowomenseats-number,Hests kommuna,
2008,Kommunustýri,data.fowomenseats-number,Hósvíkar kommuna,
2008,Kommunustýri,data.fowomenseats-number,Hovs kommuna,3.0
2008,Kommunustýri,data.fowomenseats-number,Húsa kommuna,1.0
2008,Kommunustýri,data.fowomenseats-number,Húsavíkar kommuna,1.0
2008,Kommunustýri,data.fowomenseats-number,Hvalbiar kommuna,1.0
2008,Kommunustýri,data.fowomenseats-number,Hvalvíkar kommuna,
2008,Kommunustýri,data.fowomenseats-number,Hvannasunds kommuna,3.0
2008,Kommunustýri,data.fowomenseats-number,Kirkjubøar kommuna,
2008,Kommunustýri,data.fowomenseats-number,Klaksvíkar kommuna,4.0
2008,Kommunustýri,data.fowomenseats-number,Kunoyar kommuna,2.0
2008,Kommunustýri,data.fowomenseats-number,Kvívíkar kommuna,3.0
2008,Kommunustýri,data.fowomenseats-number,Leirvíkar kommuna,
2008,Kommunustýri,data.fowomenseats-number,Miðvágs kommuna,
2008,Kommunustýri,data.fowomenseats-number,Mikladals kommuna,
2008,Kommunustýri,data.fowomenseats-number,Mykines kommuna,
2008,Kommunustýri,data.fowomenseats-number,Nes kommuna,2.0
2008,Kommunustýri,data.fowomenseats-number,Nólsoyar kommuna,
2008,Kommunustýri,data.fowomenseats-number,Oyndarfjarðar kommuna,
2008,Kommunustýri,data.fowomenseats-number,Porkeris kommuna,1.0
2008,Kommunustýri,data.fowomenseats-number,Runavíkar kommuna,3.0
2008,Kommunustýri,data.fowomenseats-number,Saksunar kommuna,
2008,Kommunustýri,data.fowomenseats-number,Sandavágs kommuna,
2008,Kommunustýri,data.fowomenseats-number,Sands kommuna,1.0
2008,Kommunustýri,data.fowomenseats-number,Sjóvar kommuna,2.0
2008,Kommunustýri,data.fowomenseats-number,Skála kommuna,
2008,Kommunustýri,data.fowomenseats-number,Skálavíkar kommuna,1.0
2008,Kommunustýri,data.fowomenseats-number,Skopunar kommuna,3.0
2008,Kommunustýri,data.fowomenseats-number,Skúgvoyar kommuna,1.0
2008,Kommunustýri,data.fowomenseats-number,Sørvágs kommuna,2.0
2008,Kommunustýri,data.fowomenseats-number,Sumbiar kommuna,1.0
2008,Kommunustýri,data.fowomenseats-number,Sunda kommuna,4.0
2008,Kommunustýri,data.fowomenseats-number,Svínoyar kommuna,
2008,Kommunustýri,data.fowomenseats-number,Tórshavnar kommuna,4.0
2008,Kommunustýri,data.fowomenseats-number,Tvøroyrar kommuna,1.0
2008,Kommunustýri,data.fowomenseats-number,Vága kommuna,4.0
2008,Kommunustýri,data.fowomenseats-number,Vágs kommuna,3.0
2008,Kommunustýri,data.fowomenseats-number,Vestmanna kommuna,3.0
2008,Kommunustýri,data.fowomenseats-number,Viðareiðis kommuna,0.0
2008,Kommunustýri,data.foseats-number,Allar kommunur,208.0
2008,Kommunustýri,data.foseats-number,Bíggjar kommuna,
2008,Kommunustýri,data.foseats-number,Eiðis kommuna,7.0
2008,Kommunustýri,data.foseats-number,Elduvíkar kommuna,
2008,Kommunustýri,data.foseats-number,Eysturkommuna,9.0
2008,Kommunustýri,data.foseats-number,Fámjins kommuna,5.0
2008,Kommunustýri,data.foseats-number,Fuglafjarðar kommuna,9.0
2008,Kommunustýri,data.foseats-number,Fugloyar kommuna,3.0
2008,Kommunustýri,data.foseats-number,Funnings kommuna,
2008,Kommunustýri,data.foseats-number,Gjáar kommuna,
2008,Kommunustýri,data.foseats-number,Gøtu kommuna,
2008,Kommunustýri,data.foseats-number,Haldórsvíkar kommuna,
2008,Kommunustýri,data.foseats-number,Hests kommuna,
2008,Kommunustýri,data.foseats-number,Hósvíkar kommuna,
2008,Kommunustýri,data.foseats-number,Hovs kommuna,5.0
2008,Kommunustýri,data.foseats-number,Húsa kommuna,3.0
2008,Kommunustýri,data.foseats-number,Húsavíkar kommuna,5.0
2008,Kommunustýri,data.foseats-number,Hvalbiar kommuna,7.0
2008,Kommunustýri,data.foseats-number,Hvalvíkar kommuna,
2008,Kommunustýri,data.foseats-number,Hvannasunds kommuna,5.0
2008,Kommunustýri,data.foseats-number,Kirkjubøar kommuna,
2008,Kommunustýri,data.foseats-number,Klaksvíkar kommuna,11.0
2008,Kommunustýri,data.foseats-number,Kunoyar kommuna,5.0
2008,Kommunustýri,data.foseats-number,Kvívíkar kommuna,7.0
2008,Kommunustýri,data.foseats-number,Leirvíkar kommuna,
2008,Kommunustýri,data.foseats-number,Miðvágs kommuna,
2008,Kommunustýri,data.foseats-number,Mikladals kommuna,
2008,Kommunustýri,data.foseats-number,Mykines kommuna,
2008,Kommunustýri,data.foseats-number,Nes kommuna,7.0
2008,Kommunustýri,data.foseats-number,Nólsoyar kommuna,
2008,Kommunustýri,data.foseats-number,Oyndarfjarðar kommuna,
2008,Kommunustýri,data.foseats-number,Porkeris kommuna,5.0
2008,Kommunustýri,data.foseats-number,Runavíkar kommuna,11.0
2008,Kommunustýri,data.foseats-number,Saksunar kommuna,
2008,Kommunustýri,data.foseats-number,Sandavágs kommuna,
2008,Kommunustýri,data.foseats-number,Sands kommuna,7.0
2008,Kommunustýri,data.foseats-number,Sjóvar kommuna,7.0
2008,Kommunustýri,data.foseats-number,Skála kommuna,
2008,Kommunustýri,data.foseats-number,Skálavíkar kommuna,5.0
2008,Kommunustýri,data.foseats-number,Skopunar kommuna,7.0
2008,Kommunustýri,data.foseats-number,Skúgvoyar kommuna,3.0
2008,Kommunustýri,data.foseats-number,Sørvágs kommuna,7.0
2008,Kommunustýri,data.foseats-number,Sumbiar kommuna,5.0
2008,Kommunustýri,data.foseats-number,Sunda kommuna,11.0
2008,Kommunustýri,data.foseats-number,Svínoyar kommuna,
2008,Kommunustýri,data.foseats-number,Tórshavnar kommuna,13.0
2008,Kommunustýri,data.foseats-number,Tvøroyrar kommuna,7.0
2008,Kommunustýri,data.foseats-number,Vága kommuna,11.0
2008,Kommunustýri,data.foseats-number,Vágs kommuna,9.0
2008,Kommunustýri,data.foseats-number,Vestmanna kommuna,7.0
2008,Kommunustýri,data.foseats-number,Viðareiðis kommuna,5.0
2012,Kommunustýri,data.fowomenseats-proportion,Allar kommunur,27.8
2012,Kommunustýri,data.fowomenseats-proportion,Bíggjar kommuna,
2012,Kommunustýri,data.fowomenseats-proportion,Eiðis kommuna,14.3
2012,Kommunustýri,data.fowomenseats-proportion,Elduvíkar kommuna,
2012,Kommunustýri,data.fowomenseats-proportion,Eysturkommuna,33.3
2012,Kommunustýri,data.fowomenseats-proportion,Fámjins kommuna,42.9
2012,Kommunustýri,data.fowomenseats-proportion,Fuglafjarðar kommuna,11.1
2012,Kommunustýri,data.fowomenseats-proportion,Fugloyar kommuna,33.3
2012,Kommunustýri,data.fowomenseats-proportion,Funnings kommuna,
2012,Kommunustýri,data.fowomenseats-proportion,Gjáar kommuna,
2012,Kommunustýri,data.fowomenseats-proportion,Gøtu kommuna,
2012,Kommunustýri,data.fowomenseats-proportion,Haldórsvíkar kommuna,
2012,Kommunustýri,data.fowomenseats-proportion,Hests kommuna,
2012,Kommunustýri,data.fowomenseats-proportion,Hósvíkar kommuna,
2012,Kommunustýri,data.fowomenseats-proportion,Hovs kommuna,40.0
2012,Kommunustýri,data.fowomenseats-proportion,Húsa kommuna,
2012,Kommunustýri,data.fowomenseats-proportion,Húsavíkar kommuna,40.0
2012,Kommunustýri,data.fowomenseats-proportion,Hvalbiar kommuna,0.0
2012,Kommunustýri,data.fowomenseats-proportion,Hvalvíkar kommuna,
2012,Kommunustýri,data.fowomenseats-proportion,Hvannasunds kommuna,40.0
2012,Kommunustýri,data.fowomenseats-proportion,Kirkjubøar kommuna,
2012,Kommunustýri,data.fowomenseats-proportion,Klaksvíkar kommuna,45.5
2012,Kommunustýri,data.fowomenseats-proportion,Kunoyar kommuna,40.0
2012,Kommunustýri,data.fowomenseats-proportion,Kvívíkar kommuna,42.9
2012,Kommunustýri,data.fowomenseats-proportion,Leirvíkar kommuna,
2012,Kommunustýri,data.fowomenseats-proportion,Miðvágs kommuna,
2012,Kommunustýri,data.fowomenseats-proportion,Mikladals kommuna,
2012,Kommunustýri,data.fowomenseats-proportion,Mykines kommuna,
2012,Kommunustýri,data.fowomenseats-proportion,Nes kommuna,28.6
2012,Kommunustýri,data.fowomenseats-proportion,Nólsoyar kommuna,
2012,Kommunustýri,data.fowomenseats-proportion,Oyndarfjarðar kommuna,
2012,Kommunustýri,data.fowomenseats-proportion,Porkeris kommuna,20.0
2012,Kommunustýri,data.fowomenseats-proportion,Runavíkar kommuna,9.1
2012,Kommunustýri,data.fowomenseats-proportion,Saksunar kommuna,
2012,Kommunustýri,data.fowomenseats-proportion,Sandavágs kommuna,
2012,Kommunustýri,data.fowomenseats-proportion,Sands kommuna,0.0
2012,Kommunustýri,data.fowomenseats-proportion,Sjóvar kommuna,14.3
2012,Kommunustýri,data.fowomenseats-proportion,Skála kommuna,
2012,Kommunustýri,data.fowomenseats-proportion,Skálavíkar kommuna,60.0
2012,Kommunustýri,data.fowomenseats-proportion,Skopunar kommuna,40.0
2012,Kommunustýri,data.fowomenseats-proportion,Skúgvoyar kommuna,33.3
2012,Kommunustýri,data.fowomenseats-proportion,Sørvágs kommuna,14.3
2012,Kommunustýri,data.fowomenseats-proportion,Sumbiar kommuna,0.0
2012,Kommunustýri,data.fowomenseats-proportion,Sunda kommuna,27.3
2012,Kommunustýri,data.fowomenseats-proportion,Svínoyar kommuna,
2012,Kommunustýri,data.fowomenseats-proportion,Tórshavnar kommuna,46.2
2012,Kommunustýri,data.fowomenseats-proportion,Tvøroyrar kommuna,42.9
2012,Kommunustýri,data.fowomenseats-proportion,Vága kommuna,18.2
2012,Kommunustýri,data.fowomenseats-proportion,Vágs kommuna,33.3
2012,Kommunustýri,data.fowomenseats-proportion,Vestmanna kommuna,42.9
2012,Kommunustýri,data.fowomenseats-proportion,Viðareiðis kommuna,0.0
2012,Kommunustýri,data.fowomenseats-number,Allar kommunur,57.0
2012,Kommunustýri,data.fowomenseats-number,Bíggjar kommuna,
2012,Kommunustýri,data.fowomenseats-number,Eiðis kommuna,1.0
2012,Kommunustýri,data.fowomenseats-number,Elduvíkar kommuna,
2012,Kommunustýri,data.fowomenseats-number,Eysturkommuna,3.0
2012,Kommunustýri,data.fowomenseats-number,Fámjins kommuna,3.0
2012,Kommunustýri,data.fowomenseats-number,Fuglafjarðar kommuna,1.0
2012,Kommunustýri,data.fowomenseats-number,Fugloyar kommuna,1.0
2012,Kommunustýri,data.fowomenseats-number,Funnings kommuna,
2012,Kommunustýri,data.fowomenseats-number,Gjáar kommuna,
2012,Kommunustýri,data.fowomenseats-number,Gøtu kommuna,
2012,Kommunustýri,data.fowomenseats-number,Haldórsvíkar kommuna,
2012,Kommunustýri,data.fowomenseats-number,Hests kommuna,
2012,Kommunustýri,data.fowomenseats-number,Hósvíkar kommuna,
2012,Kommunustýri,data.fowomenseats-number,Hovs kommuna,2.0
2012,Kommunustýri,data.fowomenseats-number,Húsa kommuna,
2012,Kommunustýri,data.fowomenseats-number,Húsavíkar kommuna,2.0
2012,Kommunustýri,data.fowomenseats-number,Hvalbiar kommuna,0.0
2012,Kommunustýri,data.fowomenseats-number,Hvalvíkar kommuna,
2012,Kommunustýri,data.fowomenseats-number,Hvannasunds kommuna,2.0
2012,Kommunustýri,data.fowomenseats-number,Kirkjubøar kommuna,
2012,Kommunustýri,data.fowomenseats-number,Klaksvíkar kommuna,5.0
2012,Kommunustýri,data.fowomenseats-number,Kunoyar kommuna,2.0
2012,Kommunustýri,data.fowomenseats-number,Kvívíkar kommuna,3.0
2012,Kommunustýri,data.fowomenseats-number,Leirvíkar kommuna,
2012,Kommunustýri,data.fowomenseats-number,Miðvágs kommuna,
2012,Kommunustýri,data.fowomenseats-number,Mikladals kommuna,
2012,Kommunustýri,data.fowomenseats-number,Mykines kommuna,
2012,Kommunustýri,data.fowomenseats-number,Nes kommuna,2.0
2012,Kommunustýri,data.fowomenseats-number,Nólsoyar kommuna,
2012,Kommunustýri,data.fowomenseats-number,Oyndarfjarðar kommuna,
2012,Kommunustýri,data.fowomenseats-number,Porkeris kommuna,1.0
2012,Kommunustýri,data.fowomenseats-number,Runavíkar kommuna,1.0
2012,Kommunustýri,data.fowomenseats-number,Saksunar kommuna,
2012,Kommunustýri,data.fowomenseats-number,Sandavágs kommuna,
2012,Kommunustýri,data.fowomenseats-number,Sands kommuna,0.0
2012,Kommunustýri,data.fowomenseats-number,Sjóvar kommuna,1.0
2012,Kommunustýri,data.fowomenseats-number,Skála kommuna,
2012,Kommunustýri,data.fowomenseats-number,Skálavíkar kommuna,3.0
2012,Kommunustýri,data.fowomenseats-number,Skopunar kommuna,2.0
2012,Kommunustýri,data.fowomenseats-number,Skúgvoyar kommuna,1.0
2012,Kommunustýri,data.fowomenseats-number,Sørvágs kommuna,1.0
2012,Kommunustýri,data.fowomenseats-number,Sumbiar kommuna,0.0
2012,Kommunustýri,data.fowomenseats-number,Sunda kommuna,3.0
2012,Kommunustýri,data.fowomenseats-number,Svínoyar kommuna,
2012,Kommunustýri,data.fowomenseats-number,Tórshavnar kommuna,6.0
2012,Kommunustýri,data.fowomenseats-number,Tvøroyrar kommuna,3.0
2012,Kommunustýri,data.fowomenseats-number,Vága kommuna,2.0
2012,Kommunustýri,data.fowomenseats-number,Vágs kommuna,3.0
2012,Kommunustýri,data.fowomenseats-number,Vestmanna kommuna,3.0
2012,Kommunustýri,data.fowomenseats-number,Viðareiðis kommuna,0.0
2012,Kommunustýri,data.foseats-number,Allar kommunur,205.0
2012,Kommunustýri,data.foseats-number,Bíggjar kommuna,
2012,Kommunustýri,data.foseats-number,Eiðis kommuna,7.0
2012,Kommunustýri,data.foseats-number,Elduvíkar kommuna,
2012,Kommunustýri,data.foseats-number,Eysturkommuna,9.0
2012,Kommunustýri,data.foseats-number,Fámjins kommuna,7.0
2012,Kommunustýri,data.foseats-number,Fuglafjarðar kommuna,9.0
2012,Kommunustýri,data.foseats-number,Fugloyar kommuna,3.0
2012,Kommunustýri,data.foseats-number,Funnings kommuna,
2012,Kommunustýri,data.foseats-number,Gjáar kommuna,
2012,Kommunustýri,data.foseats-number,Gøtu kommuna,
2012,Kommunustýri,data.foseats-number,Haldórsvíkar kommuna,
2012,Kommunustýri,data.foseats-number,Hests kommuna,
2012,Kommunustýri,data.foseats-number,Hósvíkar kommuna,
2012,Kommunustýri,data.foseats-number,Hovs kommuna,5.0
2012,Kommunustýri,data.foseats-number,Húsa kommuna,
2012,Kommunustýri,data.foseats-number,Húsavíkar kommuna,5.0
2012,Kommunustýri,data.foseats-number,Hvalbiar kommuna,7.0
2012,Kommunustýri,data.foseats-number,Hvalvíkar kommuna,
2012,Kommunustýri,data.foseats-number,Hvannasunds kommuna,5.0
2012,Kommunustýri,data.foseats-number,Kirkjubøar kommuna,
2012,Kommunustýri,data.foseats-number,Klaksvíkar kommuna,11.0
2012,Kommunustýri,data.foseats-number,Kunoyar kommuna,5.0
2012,Kommunustýri,data.foseats-number,Kvívíkar kommuna,7.0
2012,Kommunustýri,data.foseats-number,Leirvíkar kommuna,
2012,Kommunustýri,data.foseats-number,Miðvágs kommuna,
2012,Kommunustýri,data.foseats-number,Mikladals kommuna,
2012,Kommunustýri,data.foseats-number,Mykines kommuna,
2012,Kommunustýri,data.foseats-number,Nes kommuna,7.0
2012,Kommunustýri,data.foseats-number,Nólsoyar kommuna,
2012,Kommunustýri,data.foseats-number,Oyndarfjarðar kommuna,
2012,Kommunustýri,data.foseats-number,Porkeris kommuna,5.0
2012,Kommunustýri,data.foseats-number,Runavíkar kommuna,11.0
2012,Kommunustýri,data.foseats-number,Saksunar kommuna,
2012,Kommunustýri,data.foseats-number,Sandavágs kommuna,
2012,Kommunustýri,data.foseats-number,Sands kommuna,7.0
2012,Kommunustýri,data.foseats-number,Sjóvar kommuna,7.0
2012,Kommunustýri,data.foseats-number,Skála kommuna,
2012,Kommunustýri,data.foseats-number,Skálavíkar kommuna,5.0
2012,Kommunustýri,data.foseats-number,Skopunar kommuna,5.0
2012,Kommunustýri,data.foseats-number,Skúgvoyar kommuna,3.0
2012,Kommunustýri,data.foseats-number,Sørvágs kommuna,7.0
2012,Kommunustýri,data.foseats-number,Sumbiar kommuna,5.0
2012,Kommunustýri,data.foseats-number,Sunda kommuna,11.0
2012,Kommunustýri,data.foseats-number,Svínoyar kommuna,
2012,Kommunustýri,data.foseats-number,Tórshavnar kommuna,13.0
2012,Kommunustýri,data.foseats-number,Tvøroyrar kommuna,7.0
2012,Kommunustýri,data.foseats-number,Vága kommuna,11.0
2012,Kommunustýri,data.foseats-number,Vágs kommuna,9.0
2012,Kommunustýri,data.foseats-number,Vestmanna kommuna,7.0
2012,Kommunustýri,data.foseats-number,Viðareiðis kommuna,5.0
2016,Kommunustýri,data.fowomenseats-proportion,Allar kommunur,33.8
2016,Kommunustýri,data.fowomenseats-proportion,Bíggjar kommuna,
2016,Kommunustýri,data.fowomenseats-proportion,Eiðis kommuna,14.3
2016,Kommunustýri,data.fowomenseats-proportion,Elduvíkar kommuna,
2016,Kommunustýri,data.fowomenseats-proportion,Eysturkommuna,22.2
2016,Kommunustýri,data.fowomenseats-proportion,Fámjins kommuna,0.0
2016,Kommunustýri,data.fowomenseats-proportion,Fuglafjarðar kommuna,11.1
2016,Kommunustýri,data.fowomenseats-proportion,Fugloyar kommuna,66.7
2016,Kommunustýri,data.fowomenseats-proportion,Funnings kommuna,
2016,Kommunustýri,data.fowomenseats-proportion,Gjáar kommuna,
2016,Kommunustýri,data.fowomenseats-proportion,Gøtu kommuna,
2016,Kommunustýri,data.fowomenseats-proportion,Haldórsvíkar kommuna,
2016,Kommunustýri,data.fowomenseats-proportion,Hests kommuna,
2016,Kommunustýri,data.fowomenseats-proportion,Hósvíkar kommuna,
2016,Kommunustýri,data.fowomenseats-proportion,Hovs kommuna,40.0
2016,Kommunustýri,data.fowomenseats-proportion,Húsa kommuna,
2016,Kommunustýri,data.fowomenseats-proportion,Húsavíkar kommuna,60.0
2016,Kommunustýri,data.fowomenseats-proportion,Hvalbiar kommuna,28.6
2016,Kommunustýri,data.fowomenseats-proportion,Hvalvíkar kommuna,
2016,Kommunustýri,data.fowomenseats-proportion,Hvannasunds kommuna,40.0
2016,Kommunustýri,data.fowomenseats-proportion,Kirkjubøar kommuna,
2016,Kommunustýri,data.fowomenseats-proportion,Klaksvíkar kommuna,36.4
2016,Kommunustýri,data.fowomenseats-proportion,Kunoyar kommuna,40.0
2016,Kommunustýri,data.fowomenseats-proportion,Kvívíkar kommuna,42.9
2016,Kommunustýri,data.fowomenseats-proportion,Leirvíkar kommuna,
2016,Kommunustýri,data.fowomenseats-proportion,Miðvágs kommuna,
2016,Kommunustýri,data.fowomenseats-proportion,Mikladals kommuna,
2016,Kommunustýri,data.fowomenseats-proportion,Mykines kommuna,
2016,Kommunustýri,data.fowomenseats-proportion,Nes kommuna,14.3
2016,Kommunustýri,data.fowomenseats-proportion,Nólsoyar kommuna,
2016,Kommunustýri,data.fowomenseats-proportion,Oyndarfjarðar kommuna,
2016,Kommunustýri,data.fowomenseats-proportion,Porkeris kommuna,40.0
2016,Kommunustýri,data.fowomenseats-proportion,Runavíkar kommuna,27.3
2016,Kommunustýri,data.fowomenseats-proportion,Saksunar kommuna,
2016,Kommunustýri,data.fowomenseats-proportion,Sandavágs kommuna,
2016,Kommunustýri,data.fowomenseats-proportion,Sands kommuna,14.3
2016,Kommunustýri,data.fowomenseats-proportion,Sjóvar kommuna,14.3
2016,Kommunustýri,data.fowomenseats-proportion,Skála kommuna,
2016,Kommunustýri,data.fowomenseats-proportion,Skálavíkar kommuna,60.0
2016,Kommunustýri,data.fowomenseats-proportion,Skopunar kommuna,40.0
2016,Kommunustýri,data.fowomenseats-proportion,Skúgvoyar kommuna,0.0
2016,Kommunustýri,data.fowomenseats-proportion,Sørvágs kommuna,57.1
2016,Kommunustýri,data.fowomenseats-proportion,Sumbiar kommuna,0.0
2016,Kommunustýri,data.fowomenseats-proportion,Sunda kommuna,36.4
2016,Kommunustýri,data.fowomenseats-proportion,Svínoyar kommuna,
2016,Kommunustýri,data.fowomenseats-proportion,Tórshavnar kommuna,61.5
2016,Kommunustýri,data.fowomenseats-proportion,Tvøroyrar kommuna,42.9
2016,Kommunustýri,data.fowomenseats-proportion,Vága kommuna,27.3
2016,Kommunustýri,data.fowomenseats-proportion,Vágs kommuna,44.4
2016,Kommunustýri,data.fowomenseats-proportion,Vestmanna kommuna,42.9
2016,Kommunustýri,data.fowomenseats-proportion,Viðareiðis kommuna,40.0
2016,Kommunustýri,data.fowomenseats-number,Allar kommunur,68.0
2016,Kommunustýri,data.fowomenseats-number,Bíggjar kommuna,
2016,Kommunustýri,data.fowomenseats-number,Eiðis kommuna,1.0
2016,Kommunustýri,data.fowomenseats-number,Elduvíkar kommuna,
2016,Kommunustýri,data.fowomenseats-number,Eysturkommuna,2.0
2016,Kommunustýri,data.fowomenseats-number,Fámjins kommuna,0.0
2016,Kommunustýri,data.fowomenseats-number,Fuglafjarðar kommuna,1.0
2016,Kommunustýri,data.fowomenseats-number,Fugloyar kommuna,2.0
2016,Kommunustýri,data.fowomenseats-number,Funnings kommuna,
2016,Kommunustýri,data.fowomenseats-number,Gjáar kommuna,
2016,Kommunustýri,data.fowomenseats-number,Gøtu kommuna,
2016,Kommunustýri,data.fowomenseats-number,Haldórsvíkar kommuna,
2016,Kommunustýri,data.fowomenseats-number,Hests kommuna,
2016,Kommunustýri,data.fowomenseats-number,Hósvíkar kommuna,
2016,Kommunustýri,data.fowomenseats-number,Hovs kommuna,2.0
2016,Kommunustýri,data.fowomenseats-number,Húsa kommuna,
2016,Kommunustýri,data.fowomenseats-number,Húsavíkar kommuna,3.0
2016,Kommunustýri,data.fowomenseats-number,Hvalbiar kommuna,2.0
2016,Kommunustýri,data.fowomenseats-number,Hvalvíkar kommuna,
2016,Kommunustýri,data.fowomenseats-number,Hvannasunds kommuna,2.0
2016,Kommunustýri,data.fowomenseats-number,Kirkjubøar kommuna,
2016,Kommunustýri,data.fowomenseats-number,Klaksvíkar kommuna,4.0
2016,Kommunustýri,data.fowomenseats-number,Kunoyar kommuna,2.0
2016,Kommunustýri,data.fowomenseats-number,Kvívíkar kommuna,3.0
2016,Kommunustýri,data.fowomenseats-number,Leirvíkar kommuna,
2016,Kommunustýri,data.fowomenseats-number,Miðvágs kommuna,
2016,Kommunustýri,data.fowomenseats-number,Mikladals kommuna,
2016,Kommunustýri,data.fowomenseats-number,Mykines kommuna,
2016,Kommunustýri,data.fowomenseats-number,Nes kommuna,1.0
2016,Kommunustýri,data.fowomenseats-number,Nólsoyar kommuna,
2016,Kommunustýri,data.fowomenseats-number,Oyndarfjarðar kommuna,
2016,Kommunustýri,data.fowomenseats-number,Porkeris kommuna,2.0
2016,Kommunustýri,data.fowomenseats-number,Runavíkar kommuna,3.0
2016,Kommunustýri,data.fowomenseats-number,Saksunar kommuna,
2016,Kommunustýri,data.fowomenseats-number,Sandavágs kommuna,
2016,Kommunustýri,data.fowomenseats-number,Sands kommuna,1.0
2016,Kommunustýri,data.fowomenseats-number,Sjóvar kommuna,1.0
2016,Kommunustýri,data.fowomenseats-number,Skála kommuna,
2016,Kommunustýri,data.fowomenseats-number,Skálavíkar kommuna,3.0
2016,Kommunustýri,data.fowomenseats-number,Skopunar kommuna,2.0
2016,Kommunustýri,data.fowomenseats-number,Skúgvoyar kommuna,0.0
2016,Kommunustýri,data.fowomenseats-number,Sørvágs kommuna,4.0
2016,Kommunustýri,data.fowomenseats-number,Sumbiar kommuna,0.0
2016,Kommunustýri,data.fowomenseats-number,Sunda kommuna,4.0
2016,Kommunustýri,data.fowomenseats-number,Svínoyar kommuna,
2016,Kommunustýri,data.fowomenseats-number,Tórshavnar kommuna,8.0
2016,Kommunustýri,data.fowomenseats-number,Tvøroyrar kommuna,3.0
2016,Kommunustýri,data.fowomenseats-number,Vága kommuna,3.0
2016,Kommunustýri,data.fowomenseats-number,Vágs kommuna,4.0
2016,Kommunustýri,data.fowomenseats-number,Vestmanna kommuna,3.0
2016,Kommunustýri,data.fowomenseats-number,Viðareiðis kommuna,2.0
2016,Kommunustýri,data.foseats-number,Allar kommunur,201.0
2016,Kommunustýri,data.foseats-number,Bíggjar kommuna,
2016,Kommunustýri,data.foseats-number,Eiðis kommuna,7.0
2016,Kommunustýri,data.foseats-number,Elduvíkar kommuna,
2016,Kommunustýri,data.foseats-number,Eysturkommuna,9.0
2016,Kommunustýri,data.foseats-number,Fámjins kommuna,3.0
2016,Kommunustýri,data.foseats-number,Fuglafjarðar kommuna,9.0
2016,Kommunustýri,data.foseats-number,Fugloyar kommuna,3.0
2016,Kommunustýri,data.foseats-number,Funnings kommuna,
2016,Kommunustýri,data.foseats-number,Gjáar kommuna,
2016,Kommunustýri,data.foseats-number,Gøtu kommuna,
2016,Kommunustýri,data.foseats-number,Haldórsvíkar kommuna,
2016,Kommunustýri,data.foseats-number,Hests kommuna,
2016,Kommunustýri,data.foseats-number,Hósvíkar kommuna,
2016,Kommunustýri,data.foseats-number,Hovs kommuna,5.0
2016,Kommunustýri,data.foseats-number,Húsa kommuna,
2016,Kommunustýri,data.foseats-number,Húsavíkar kommuna,5.0
2016,Kommunustýri,data.foseats-number,Hvalbiar kommuna,7.0
2016,Kommunustýri,data.foseats-number,Hvalvíkar kommuna,
2016,Kommunustýri,data.foseats-number,Hvannasunds kommuna,5.0
2016,Kommunustýri,data.foseats-number,Kirkjubøar kommuna,
2016,Kommunustýri,data.foseats-number,Klaksvíkar kommuna,11.0
2016,Kommunustýri,data.foseats-number,Kunoyar kommuna,5.0
2016,Kommunustýri,data.foseats-number,Kvívíkar kommuna,7.0
2016,Kommunustýri,data.foseats-number,Leirvíkar kommuna,
2016,Kommunustýri,data.foseats-number,Miðvágs kommuna,
2016,Kommunustýri,data.foseats-number,Mikladals kommuna,
2016,Kommunustýri,data.foseats-number,Mykines kommuna,
2016,Kommunustýri,data.foseats-number,Nes kommuna,7.0
2016,Kommunustýri,data.foseats-number,Nólsoyar kommuna,
2016,Kommunustýri,data.foseats-number,Oyndarfjarðar kommuna,
2016,Kommunustýri,data.foseats-number,Porkeris kommuna,5.0
2016,Kommunustýri,data.foseats-number,Runavíkar kommuna,11.0
2016,Kommunustýri,data.foseats-number,Saksunar kommuna,
2016,Kommunustýri,data.foseats-number,Sandavágs kommuna,
2016,Kommunustýri,data.foseats-number,Sands kommuna,7.0
2016,Kommunustýri,data.foseats-number,Sjóvar kommuna,7.0
2016,Kommunustýri,data.foseats-number,Skála kommuna,
2016,Kommunustýri,data.foseats-number,Skálavíkar kommuna,5.0
2016,Kommunustýri,data.foseats-number,Skopunar kommuna,5.0
2016,Kommunustýri,data.foseats-number,Skúgvoyar kommuna,3.0
2016,Kommunustýri,data.foseats-number,Sørvágs kommuna,7.0
2016,Kommunustýri,data.foseats-number,Sumbiar kommuna,5.0
2016,Kommunustýri,data.foseats-number,Sunda kommuna,11.0
2016,Kommunustýri,data.foseats-number,Svínoyar kommuna,
2016,Kommunustýri,data.foseats-number,Tórshavnar kommuna,13.0
2016,Kommunustýri,data.foseats-number,Tvøroyrar kommuna,7.0
2016,Kommunustýri,data.foseats-number,Vága kommuna,11.0
2016,Kommunustýri,data.foseats-number,Vágs kommuna,9.0
2016,Kommunustýri,data.foseats-number,Vestmanna kommuna,7.0
2016,Kommunustýri,data.foseats-number,Viðareiðis kommuna,5.0
2020,Kommunustýri,data.fowomenseats-proportion,Allar kommunur,35.7
2020,Kommunustýri,data.fowomenseats-proportion,Bíggjar kommuna,
2020,Kommunustýri,data.fowomenseats-proportion,Eiðis kommuna,57.1
2020,Kommunustýri,data.fowomenseats-proportion,Elduvíkar kommuna,
2020,Kommunustýri,data.fowomenseats-proportion,Eysturkommuna,44.4
2020,Kommunustýri,data.fowomenseats-proportion,Fámjins kommuna,0.0
2020,Kommunustýri,data.fowomenseats-proportion,Fuglafjarðar kommuna,22.2
2020,Kommunustýri,data.fowomenseats-proportion,Fugloyar kommuna,66.7
2020,Kommunustýri,data.fowomenseats-proportion,Funnings kommuna,
2020,Kommunustýri,data.fowomenseats-proportion,Gjáar kommuna,
2020,Kommunustýri,data.fowomenseats-proportion,Gøtu kommuna,
2020,Kommunustýri,data.fowomenseats-proportion,Haldórsvíkar kommuna,
2020,Kommunustýri,data.fowomenseats-proportion,Hests kommuna,
2020,Kommunustýri,data.fowomenseats-proportion,Hósvíkar kommuna,
2020,Kommunustýri,data.fowomenseats-proportion,Hovs kommuna,33.3
2020,Kommunustýri,data.fowomenseats-proportion,Húsa kommuna,
2020,Kommunustýri,data.fowomenseats-proportion,Húsavíkar kommuna,40.0
2020,Kommunustýri,data.fowomenseats-proportion,Hvalbiar kommuna,28.6
2020,Kommunustýri,data.fowomenseats-proportion,Hvalvíkar kommuna,
2020,Kommunustýri,data.fowomenseats-proportion,Hvannasunds kommuna,80.0
2020,Kommunustýri,data.fowomenseats-proportion,Kirkjubøar kommuna,
2020,Kommunustýri,data.fowomenseats-proportion,Klaksvíkar kommuna,36.4
2020,Kommunustýri,data.fowomenseats-proportion,Kunoyar kommuna,20.0
2020,Kommunustýri,data.fowomenseats-proportion,Kvívíkar kommuna,42.9
2020,Kommunustýri,data.fowomenseats-proportion,Leirvíkar kommuna,
2020,Kommunustýri,data.fowomenseats-proportion,Miðvágs kommuna,
2020,Kommunustýri,data.fowomenseats-proportion,Mikladals kommuna,
2020,Kommunustýri,data.fowomenseats-proportion,Mykines kommuna,
2020,Kommunustýri,data.fowomenseats-proportion,Nes kommuna,28.6
2020,Kommunustýri,data.fowomenseats-proportion,Nólsoyar kommuna,
2020,Kommunustýri,data.fowomenseats-proportion,Oyndarfjarðar kommuna,
2020,Kommunustýri,data.fowomenseats-proportion,Porkeris kommuna,40.0
2020,Kommunustýri,data.fowomenseats-proportion,Runavíkar kommuna,36.4
2020,Kommunustýri,data.fowomenseats-proportion,Saksunar kommuna,
2020,Kommunustýri,data.fowomenseats-proportion,Sandavágs kommuna,
2020,Kommunustýri,data.fowomenseats-proportion,Sands kommuna,42.9
2020,Kommunustýri,data.fowomenseats-proportion,Sjóvar kommuna,0.0
2020,Kommunustýri,data.fowomenseats-proportion,Skála kommuna,
2020,Kommunustýri,data.fowomenseats-proportion,Skálavíkar kommuna,20.0
2020,Kommunustýri,data.fowomenseats-proportion,Skopunar kommuna,40.0
2020,Kommunustýri,data.fowomenseats-proportion,Skúgvoyar kommuna,0.0
2020,Kommunustýri,data.fowomenseats-proportion,Sørvágs kommuna,28.6
2020,Kommunustýri,data.fowomenseats-proportion,Sumbiar kommuna,40.0
2020,Kommunustýri,data.fowomenseats-proportion,Sunda kommuna,9.1
2020,Kommunustýri,data.fowomenseats-proportion,Svínoyar kommuna,
2020,Kommunustýri,data.fowomenseats-proportion,Tórshavnar kommuna,53.8
2020,Kommunustýri,data.fowomenseats-proportion,Tvøroyrar kommuna,42.9
2020,Kommunustýri,data.fowomenseats-proportion,Vága kommuna,45.5
2020,Kommunustýri,data.fowomenseats-proportion,Vágs kommuna,33.3
2020,Kommunustýri,data.fowomenseats-proportion,Vestmanna kommuna,57.1
2020,Kommunustýri,data.fowomenseats-proportion,Viðareiðis kommuna,20.0
2020,Kommunustýri,data.fowomenseats-number,Allar kommunur,71.0
2020,Kommunustýri,data.fowomenseats-number,Bíggjar kommuna,
2020,Kommunustýri,data.fowomenseats-number,Eiðis kommuna,4.0
2020,Kommunustýri,data.fowomenseats-number,Elduvíkar kommuna,
2020,Kommunustýri,data.fowomenseats-number,Eysturkommuna,4.0
2020,Kommunustýri,data.fowomenseats-number,Fámjins kommuna,0.0
2020,Kommunustýri,data.fowomenseats-number,Fuglafjarðar kommuna,2.0
2020,Kommunustýri,data.fowomenseats-number,Fugloyar kommuna,2.0
2020,Kommunustýri,data.fowomenseats-number,Funnings kommuna,
2020,Kommunustýri,data.fowomenseats-number,Gjáar kommuna,
2020,Kommunustýri,data.fowomenseats-number,Gøtu kommuna,
2020,Kommunustýri,data.fowomenseats-number,Haldórsvíkar kommuna,
2020,Kommunustýri,data.fowomenseats-number,Hests kommuna,
2020,Kommunustýri,data.fowomenseats-number,Hósvíkar kommuna,
2020,Kommunustýri,data.fowomenseats-number,Hovs kommuna,1.0
2020,Kommunustýri,data.fowomenseats-number,Húsa kommuna,
2020,Kommunustýri,data.fowomenseats-number,Húsavíkar kommuna,2.0
2020,Kommunustýri,data.fowomenseats-number,Hvalbiar kommuna,2.0
2020,Kommunustýri,data.fowomenseats-number,Hvalvíkar kommuna,
2020,Kommunustýri,data.fowomenseats-number,Hvannasunds kommuna,4.0
2020,Kommunustýri,data.fowomenseats-number,Kirkjubøar kommuna,
2020,Kommunustýri,data.fowomenseats-number,Klaksvíkar kommuna,4.0
2020,Kommunustýri,data.fowomenseats-number,Kunoyar kommuna,1.0
2020,Kommunustýri,data.fowomenseats-number,Kvívíkar kommuna,3.0
2020,Kommunustýri,data.fowomenseats-number,Leirvíkar kommuna,
2020,Kommunustýri,data.fowomenseats-number,Miðvágs kommuna,
2020,Kommunustýri,data.fowomenseats-number,Mikladals kommuna,
2020,Kommunustýri,data.fowomenseats-number,Mykines kommuna,
2020,Kommunustýri,data.fowomenseats-number,Nes kommuna,2.0
2020,Kommunustýri,data.fowomenseats-number,Nólsoyar kommuna,
2020,Kommunustýri,data.fowomenseats-number,Oyndarfjarðar kommuna,
2020,Kommunustýri,data.fowomenseats-number,Porkeris kommuna,2.0
2020,Kommunustýri,data.fowomenseats-number,Runavíkar kommuna,4.0
2020,Kommunustýri,data.fowomenseats-number,Saksunar kommuna,
2020,Kommunustýri,data.fowomenseats-number,Sandavágs kommuna,
2020,Kommunustýri,data.fowomenseats-number,Sands kommuna,3.0
2020,Kommunustýri,data.fowomenseats-number,Sjóvar kommuna,0.0
2020,Kommunustýri,data.fowomenseats-number,Skála kommuna,
2020,Kommunustýri,data.fowomenseats-number,Skálavíkar kommuna,1.0
2020,Kommunustýri,data.fowomenseats-number,Skopunar kommuna,2.0
2020,Kommunustýri,data.fowomenseats-number,Skúgvoyar kommuna,0.0
2020,Kommunustýri,data.fowomenseats-number,Sørvágs kommuna,2.0
2020,Kommunustýri,data.fowomenseats-number,Sumbiar kommuna,2.0
2020,Kommunustýri,data.fowomenseats-number,Sunda kommuna,1.0
2020,Kommunustýri,data.fowomenseats-number,Svínoyar kommuna,
2020,Kommunustýri,data.fowomenseats-number,Tórshavnar kommuna,7.0
2020,Kommunustýri,data.fowomenseats-number,Tvøroyrar kommuna,3.0
2020,Kommunustýri,data.fowomenseats-number,Vága kommuna,5.0
2020,Kommunustýri,data.fowomenseats-number,Vágs kommuna,3.0
2020,Kommunustýri,data.fowomenseats-number,Vestmanna kommuna,4.0
2020,Kommunustýri,data.fowomenseats-number,Viðareiðis kommuna,1.0
2020,Kommunustýri,data.foseats-number,Allar kommunur,199.0
2020,Kommunustýri,data.foseats-number,Bíggjar kommuna,
2020,Kommunustýri,data.foseats-number,Eiðis kommuna,7.0
2020,Kommunustýri,data.foseats-number,Elduvíkar kommuna,
2020,Kommunustýri,data.foseats-number,Eysturkommuna,9.0
2020,Kommunustýri,data.foseats-number,Fámjins kommuna,3.0
2020,Kommunustýri,data.foseats-number,Fuglafjarðar kommuna,9.0
2020,Kommunustýri,data.foseats-number,Fugloyar kommuna,3.0
2020,Kommunustýri,data.foseats-number,Funnings kommuna,
2020,Kommunustýri,data.foseats-number,Gjáar kommuna,
2020,Kommunustýri,data.foseats-number,Gøtu kommuna,
2020,Kommunustýri,data.foseats-number,Haldórsvíkar kommuna,
2020,Kommunustýri,data.foseats-number,Hests kommuna,
2020,Kommunustýri,data.foseats-number,Hósvíkar kommuna,
2020,Kommunustýri,data.foseats-number,Hovs kommuna,3.0
2020,Kommunustýri,data.foseats-number,Húsa kommuna,
2020,Kommunustýri,data.foseats-number,Húsavíkar kommuna,5.0
2020,Kommunustýri,data.foseats-number,Hvalbiar kommuna,7.0
2020,Kommunustýri,data.foseats-number,Hvalvíkar kommuna,
2020,Kommunustýri,data.foseats-number,Hvannasunds kommuna,5.0
2020,Kommunustýri,data.foseats-number,Kirkjubøar kommuna,
2020,Kommunustýri,data.foseats-number,Klaksvíkar kommuna,11.0
2020,Kommunustýri,data.foseats-number,Kunoyar kommuna,5.0
2020,Kommunustýri,data.foseats-number,Kvívíkar kommuna,7.0
2020,Kommunustýri,data.foseats-number,Leirvíkar kommuna,
2020,Kommunustýri,data.foseats-number,Miðvágs kommuna,
2020,Kommunustýri,data.foseats-number,Mikladals kommuna,
2020,Kommunustýri,data.foseats-number,Mykines kommuna,
2020,Kommunustýri,data.foseats-number,Nes kommuna,7.0
2020,Kommunustýri,data.foseats-number,Nólsoyar kommuna,
2020,Kommunustýri,data.foseats-number,Oyndarfjarðar kommuna,
2020,Kommunustýri,data.foseats-number,Porkeris kommuna,5.0
2020,Kommunustýri,data.foseats-number,Runavíkar kommuna,11.0
2020,Kommunustýri,data.foseats-number,Saksunar kommuna,
2020,Kommunustýri,data.foseats-number,Sandavágs kommuna,
2020,Kommunustýri,data.foseats-number,Sands kommuna,7.0
2020,Kommunustýri,data.foseats-number,Sjóvar kommuna,7.0
2020,Kommunustýri,data.foseats-number,Skála kommuna,
2020,Kommunustýri,data.foseats-number,Skálavíkar kommuna,5.0
2020,Kommunustýri,data.foseats-number,Skopunar kommuna,5.0
2020,Kommunustýri,data.foseats-number,Skúgvoyar kommuna,3.0
2020,Kommunustýri,data.foseats-number,Sørvágs kommuna,7.0
2020,Kommunustýri,data.foseats-number,Sumbiar kommuna,5.0
2020,Kommunustýri,data.foseats-number,Sunda kommuna,11.0
2020,Kommunustýri,data.foseats-number,Svínoyar kommuna,
2020,Kommunustýri,data.foseats-number,Tórshavnar kommuna,13.0
2020,Kommunustýri,data.foseats-number,Tvøroyrar kommuna,7.0
2020,Kommunustýri,data.foseats-number,Vága kommuna,11.0
2020,Kommunustýri,data.foseats-number,Vágs kommuna,9.0
2020,Kommunustýri,data.foseats-number,Vestmanna kommuna,7.0
2020,Kommunustýri,data.foseats-number,Viðareiðis kommuna,5.0
