Year,Series,Units,Flokkur/Kommuna,Value
1984,Løgtingið,Partur av sætum hjá kvinnum,Allir flokkar,3.1
1984,Løgtingið,Tal av sætum hjá kvinnum,Allir flokkar,1.0
1984,Løgtingið,Tal av sætum,Allir flokkar,32.0
1984,Løgtingið,Partur av sætum hjá kvinnum,Fólkaflokkurin,0.0
1984,Løgtingið,Tal av sætum hjá kvinnum,Fólkaflokkurin,0.0
1984,Løgtingið,Tal av sætum,Fólkaflokkurin,7.0
1984,Løgtingið,Partur av sætum hjá kvinnum,Framburðsflokkurin,0.0
1984,Løgtingið,Tal av sætum hjá kvinnum,Framburðsflokkurin,0.0
1984,Løgtingið,Tal av sætum,Framburðsflokkurin,2.0
1984,Løgtingið,Partur av sætum hjá kvinnum,Framsókn,
1984,Løgtingið,Tal av sætum hjá kvinnum,Framsókn,
1984,Løgtingið,Tal av sætum,Framsókn,
1984,Løgtingið,Partur av sætum hjá kvinnum,Javnaðarflokkurin,0.0
1984,Løgtingið,Tal av sætum hjá kvinnum,Javnaðarflokkurin,0.0
1984,Løgtingið,Tal av sætum,Javnaðarflokkurin,8.0
1984,Løgtingið,Partur av sætum hjá kvinnum,Kristiligi Fólkaflokkurin,
1984,Løgtingið,Tal av sætum hjá kvinnum,Kristiligi Fólkaflokkurin,
1984,Løgtingið,Tal av sætum,Kristiligi Fólkaflokkurin,
1984,Løgtingið,Partur av sætum hjá kvinnum,Miðflokkurin,
1984,Løgtingið,Tal av sætum hjá kvinnum,Miðflokkurin,
1984,Løgtingið,Tal av sætum,Miðflokkurin,
1984,Løgtingið,Partur av sætum hjá kvinnum,Sambandsflokkurin,0.0
1984,Løgtingið,Tal av sætum hjá kvinnum,Sambandsflokkurin,0.0
1984,Løgtingið,Tal av sætum,Sambandsflokkurin,7.0
1984,Løgtingið,Partur av sætum hjá kvinnum,Sjálvstýri,0.0
1984,Løgtingið,Tal av sætum hjá kvinnum,Sjálvstýri,0.0
1984,Løgtingið,Tal av sætum,Sjálvstýri,2.0
1984,Løgtingið,Partur av sætum hjá kvinnum,Tjóðveldi,16.7
1984,Løgtingið,Tal av sætum hjá kvinnum,Tjóðveldi,1.0
1984,Løgtingið,Tal av sætum,Tjóðveldi,6.0
1984,Løgtingið,Partur av sætum hjá kvinnum,Verkamannafylkingin,
1984,Løgtingið,Tal av sætum hjá kvinnum,Verkamannafylkingin,
1984,Løgtingið,Tal av sætum,Verkamannafylkingin,
1988,Løgtingið,Partur av sætum hjá kvinnum,Allir flokkar,9.4
1988,Løgtingið,Tal av sætum hjá kvinnum,Allir flokkar,3.0
1988,Løgtingið,Tal av sætum,Allir flokkar,32.0
1988,Løgtingið,Partur av sætum hjá kvinnum,Fólkaflokkurin,0.0
1988,Løgtingið,Tal av sætum hjá kvinnum,Fólkaflokkurin,0.0
1988,Løgtingið,Tal av sætum,Fólkaflokkurin,8.0
1988,Løgtingið,Partur av sætum hjá kvinnum,Framburðsflokkurin,
1988,Løgtingið,Tal av sætum hjá kvinnum,Framburðsflokkurin,
1988,Løgtingið,Tal av sætum,Framburðsflokkurin,
1988,Løgtingið,Partur av sætum hjá kvinnum,Framsókn,
1988,Løgtingið,Tal av sætum hjá kvinnum,Framsókn,
1988,Løgtingið,Tal av sætum,Framsókn,
1988,Løgtingið,Partur av sætum hjá kvinnum,Javnaðarflokkurin,14.3
1988,Løgtingið,Tal av sætum hjá kvinnum,Javnaðarflokkurin,1.0
1988,Løgtingið,Tal av sætum,Javnaðarflokkurin,7.0
1988,Løgtingið,Partur av sætum hjá kvinnum,Kristiligi Fólkaflokkurin,0.0
1988,Løgtingið,Tal av sætum hjá kvinnum,Kristiligi Fólkaflokkurin,0.0
1988,Løgtingið,Tal av sætum,Kristiligi Fólkaflokkurin,2.0
1988,Løgtingið,Partur av sætum hjá kvinnum,Miðflokkurin,
1988,Løgtingið,Tal av sætum hjá kvinnum,Miðflokkurin,
1988,Løgtingið,Tal av sætum,Miðflokkurin,
1988,Løgtingið,Partur av sætum hjá kvinnum,Sambandsflokkurin,0.0
1988,Løgtingið,Tal av sætum hjá kvinnum,Sambandsflokkurin,0.0
1988,Løgtingið,Tal av sætum,Sambandsflokkurin,7.0
1988,Løgtingið,Partur av sætum hjá kvinnum,Sjálvstýri,0.0
1988,Løgtingið,Tal av sætum hjá kvinnum,Sjálvstýri,0.0
1988,Løgtingið,Tal av sætum,Sjálvstýri,2.0
1988,Løgtingið,Partur av sætum hjá kvinnum,Tjóðveldi,33.3
1988,Løgtingið,Tal av sætum hjá kvinnum,Tjóðveldi,2.0
1988,Løgtingið,Tal av sætum,Tjóðveldi,6.0
1988,Løgtingið,Partur av sætum hjá kvinnum,Verkamannafylkingin,
1988,Løgtingið,Tal av sætum hjá kvinnum,Verkamannafylkingin,
1988,Løgtingið,Tal av sætum,Verkamannafylkingin,
1990,Løgtingið,Partur av sætum hjá kvinnum,Allir flokkar,9.4
1990,Løgtingið,Tal av sætum hjá kvinnum,Allir flokkar,3.0
1990,Løgtingið,Tal av sætum,Allir flokkar,32.0
1990,Løgtingið,Partur av sætum hjá kvinnum,Fólkaflokkurin,0.0
1990,Løgtingið,Tal av sætum hjá kvinnum,Fólkaflokkurin,0.0
1990,Løgtingið,Tal av sætum,Fólkaflokkurin,7.0
1990,Løgtingið,Partur av sætum hjá kvinnum,Framburðsflokkurin,
1990,Løgtingið,Tal av sætum hjá kvinnum,Framburðsflokkurin,
1990,Løgtingið,Tal av sætum,Framburðsflokkurin,
1990,Løgtingið,Partur av sætum hjá kvinnum,Framsókn,
1990,Løgtingið,Tal av sætum hjá kvinnum,Framsókn,
1990,Løgtingið,Tal av sætum,Framsókn,
1990,Løgtingið,Partur av sætum hjá kvinnum,Javnaðarflokkurin,10.0
1990,Løgtingið,Tal av sætum hjá kvinnum,Javnaðarflokkurin,1.0
1990,Løgtingið,Tal av sætum,Javnaðarflokkurin,10.0
1990,Løgtingið,Partur av sætum hjá kvinnum,Kristiligi Fólkaflokkurin,0.0
1990,Løgtingið,Tal av sætum hjá kvinnum,Kristiligi Fólkaflokkurin,0.0
1990,Løgtingið,Tal av sætum,Kristiligi Fólkaflokkurin,2.0
1990,Løgtingið,Partur av sætum hjá kvinnum,Miðflokkurin,
1990,Løgtingið,Tal av sætum hjá kvinnum,Miðflokkurin,
1990,Løgtingið,Tal av sætum,Miðflokkurin,
1990,Løgtingið,Partur av sætum hjá kvinnum,Sambandsflokkurin,16.7
1990,Løgtingið,Tal av sætum hjá kvinnum,Sambandsflokkurin,1.0
1990,Løgtingið,Tal av sætum,Sambandsflokkurin,6.0
1990,Løgtingið,Partur av sætum hjá kvinnum,Sjálvstýri,33.3
1990,Løgtingið,Tal av sætum hjá kvinnum,Sjálvstýri,1.0
1990,Løgtingið,Tal av sætum,Sjálvstýri,3.0
1990,Løgtingið,Partur av sætum hjá kvinnum,Tjóðveldi,0.0
1990,Løgtingið,Tal av sætum hjá kvinnum,Tjóðveldi,0.0
1990,Løgtingið,Tal av sætum,Tjóðveldi,4.0
1990,Løgtingið,Partur av sætum hjá kvinnum,Verkamannafylkingin,
1990,Løgtingið,Tal av sætum hjá kvinnum,Verkamannafylkingin,
1990,Løgtingið,Tal av sætum,Verkamannafylkingin,
1994,Løgtingið,Partur av sætum hjá kvinnum,Allir flokkar,15.6
1994,Løgtingið,Tal av sætum hjá kvinnum,Allir flokkar,5.0
1994,Løgtingið,Tal av sætum,Allir flokkar,32.0
1994,Løgtingið,Partur av sætum hjá kvinnum,Fólkaflokkurin,0.0
1994,Løgtingið,Tal av sætum hjá kvinnum,Fólkaflokkurin,0.0
1994,Løgtingið,Tal av sætum,Fólkaflokkurin,6.0
1994,Løgtingið,Partur av sætum hjá kvinnum,Framburðsflokkurin,
1994,Løgtingið,Tal av sætum hjá kvinnum,Framburðsflokkurin,
1994,Løgtingið,Tal av sætum,Framburðsflokkurin,
1994,Løgtingið,Partur av sætum hjá kvinnum,Framsókn,
1994,Løgtingið,Tal av sætum hjá kvinnum,Framsókn,
1994,Løgtingið,Tal av sætum,Framsókn,
1994,Løgtingið,Partur av sætum hjá kvinnum,Javnaðarflokkurin,20.0
1994,Løgtingið,Tal av sætum hjá kvinnum,Javnaðarflokkurin,1.0
1994,Løgtingið,Tal av sætum,Javnaðarflokkurin,5.0
1994,Løgtingið,Partur av sætum hjá kvinnum,Kristiligi Fólkaflokkurin,0.0
1994,Løgtingið,Tal av sætum hjá kvinnum,Kristiligi Fólkaflokkurin,0.0
1994,Løgtingið,Tal av sætum,Kristiligi Fólkaflokkurin,2.0
1994,Løgtingið,Partur av sætum hjá kvinnum,Miðflokkurin,0.0
1994,Løgtingið,Tal av sætum hjá kvinnum,Miðflokkurin,0.0
1994,Løgtingið,Tal av sætum,Miðflokkurin,2.0
1994,Løgtingið,Partur av sætum hjá kvinnum,Sambandsflokkurin,25.0
1994,Løgtingið,Tal av sætum hjá kvinnum,Sambandsflokkurin,2.0
1994,Løgtingið,Tal av sætum,Sambandsflokkurin,8.0
1994,Løgtingið,Partur av sætum hjá kvinnum,Sjálvstýri,50.0
1994,Løgtingið,Tal av sætum hjá kvinnum,Sjálvstýri,1.0
1994,Løgtingið,Tal av sætum,Sjálvstýri,2.0
1994,Løgtingið,Partur av sætum hjá kvinnum,Tjóðveldi,0.0
1994,Løgtingið,Tal av sætum hjá kvinnum,Tjóðveldi,0.0
1994,Løgtingið,Tal av sætum,Tjóðveldi,4.0
1994,Løgtingið,Partur av sætum hjá kvinnum,Verkamannafylkingin,33.3
1994,Løgtingið,Tal av sætum hjá kvinnum,Verkamannafylkingin,1.0
1994,Løgtingið,Tal av sætum,Verkamannafylkingin,3.0
1998,Løgtingið,Partur av sætum hjá kvinnum,Allir flokkar,12.5
1998,Løgtingið,Tal av sætum hjá kvinnum,Allir flokkar,4.0
1998,Løgtingið,Tal av sætum,Allir flokkar,32.0
1998,Løgtingið,Partur av sætum hjá kvinnum,Fólkaflokkurin,0.0
1998,Løgtingið,Tal av sætum hjá kvinnum,Fólkaflokkurin,0.0
1998,Løgtingið,Tal av sætum,Fólkaflokkurin,8.0
1998,Løgtingið,Partur av sætum hjá kvinnum,Framburðsflokkurin,
1998,Løgtingið,Tal av sætum hjá kvinnum,Framburðsflokkurin,
1998,Løgtingið,Tal av sætum,Framburðsflokkurin,
1998,Løgtingið,Partur av sætum hjá kvinnum,Framsókn,
1998,Løgtingið,Tal av sætum hjá kvinnum,Framsókn,
1998,Løgtingið,Tal av sætum,Framsókn,
1998,Løgtingið,Partur av sætum hjá kvinnum,Javnaðarflokkurin,14.3
1998,Løgtingið,Tal av sætum hjá kvinnum,Javnaðarflokkurin,1.0
1998,Løgtingið,Tal av sætum,Javnaðarflokkurin,7.0
1998,Løgtingið,Partur av sætum hjá kvinnum,Kristiligi Fólkaflokkurin,
1998,Løgtingið,Tal av sætum hjá kvinnum,Kristiligi Fólkaflokkurin,
1998,Løgtingið,Tal av sætum,Kristiligi Fólkaflokkurin,
1998,Løgtingið,Partur av sætum hjá kvinnum,Miðflokkurin,0.0
1998,Løgtingið,Tal av sætum hjá kvinnum,Miðflokkurin,0.0
1998,Løgtingið,Tal av sætum,Miðflokkurin,1.0
1998,Løgtingið,Partur av sætum hjá kvinnum,Sambandsflokkurin,16.7
1998,Løgtingið,Tal av sætum hjá kvinnum,Sambandsflokkurin,1.0
1998,Løgtingið,Tal av sætum,Sambandsflokkurin,6.0
1998,Løgtingið,Partur av sætum hjá kvinnum,Sjálvstýri,50.0
1998,Løgtingið,Tal av sætum hjá kvinnum,Sjálvstýri,1.0
1998,Løgtingið,Tal av sætum,Sjálvstýri,2.0
1998,Løgtingið,Partur av sætum hjá kvinnum,Tjóðveldi,12.5
1998,Løgtingið,Tal av sætum hjá kvinnum,Tjóðveldi,1.0
1998,Løgtingið,Tal av sætum,Tjóðveldi,8.0
1998,Løgtingið,Partur av sætum hjá kvinnum,Verkamannafylkingin,
1998,Løgtingið,Tal av sætum hjá kvinnum,Verkamannafylkingin,
1998,Løgtingið,Tal av sætum,Verkamannafylkingin,
2002,Løgtingið,Partur av sætum hjá kvinnum,Allir flokkar,12.5
2002,Løgtingið,Tal av sætum hjá kvinnum,Allir flokkar,4.0
2002,Løgtingið,Tal av sætum,Allir flokkar,32.0
2002,Løgtingið,Partur av sætum hjá kvinnum,Fólkaflokkurin,0.0
2002,Løgtingið,Tal av sætum hjá kvinnum,Fólkaflokkurin,0.0
2002,Løgtingið,Tal av sætum,Fólkaflokkurin,7.0
2002,Løgtingið,Partur av sætum hjá kvinnum,Framburðsflokkurin,
2002,Løgtingið,Tal av sætum hjá kvinnum,Framburðsflokkurin,
2002,Løgtingið,Tal av sætum,Framburðsflokkurin,
2002,Løgtingið,Partur av sætum hjá kvinnum,Framsókn,
2002,Løgtingið,Tal av sætum hjá kvinnum,Framsókn,
2002,Løgtingið,Tal av sætum,Framsókn,
2002,Løgtingið,Partur av sætum hjá kvinnum,Javnaðarflokkurin,14.3
2002,Løgtingið,Tal av sætum hjá kvinnum,Javnaðarflokkurin,1.0
2002,Løgtingið,Tal av sætum,Javnaðarflokkurin,7.0
2002,Løgtingið,Partur av sætum hjá kvinnum,Kristiligi Fólkaflokkurin,
2002,Løgtingið,Tal av sætum hjá kvinnum,Kristiligi Fólkaflokkurin,
2002,Løgtingið,Tal av sætum,Kristiligi Fólkaflokkurin,
2002,Løgtingið,Partur av sætum hjá kvinnum,Miðflokkurin,0.0
2002,Løgtingið,Tal av sætum hjá kvinnum,Miðflokkurin,0.0
2002,Løgtingið,Tal av sætum,Miðflokkurin,1.0
2002,Løgtingið,Partur av sætum hjá kvinnum,Sambandsflokkurin,12.5
2002,Løgtingið,Tal av sætum hjá kvinnum,Sambandsflokkurin,1.0
2002,Løgtingið,Tal av sætum,Sambandsflokkurin,8.0
2002,Løgtingið,Partur av sætum hjá kvinnum,Sjálvstýri,0.0
2002,Løgtingið,Tal av sætum hjá kvinnum,Sjálvstýri,0.0
2002,Løgtingið,Tal av sætum,Sjálvstýri,1.0
2002,Løgtingið,Partur av sætum hjá kvinnum,Tjóðveldi,25.0
2002,Løgtingið,Tal av sætum hjá kvinnum,Tjóðveldi,2.0
2002,Løgtingið,Tal av sætum,Tjóðveldi,8.0
2002,Løgtingið,Partur av sætum hjá kvinnum,Verkamannafylkingin,
2002,Løgtingið,Tal av sætum hjá kvinnum,Verkamannafylkingin,
2002,Løgtingið,Tal av sætum,Verkamannafylkingin,
2004,Løgtingið,Partur av sætum hjá kvinnum,Allir flokkar,9.4
2004,Løgtingið,Tal av sætum hjá kvinnum,Allir flokkar,3.0
2004,Løgtingið,Tal av sætum,Allir flokkar,32.0
2004,Løgtingið,Partur av sætum hjá kvinnum,Fólkaflokkurin,0.0
2004,Løgtingið,Tal av sætum hjá kvinnum,Fólkaflokkurin,0.0
2004,Løgtingið,Tal av sætum,Fólkaflokkurin,7.0
2004,Løgtingið,Partur av sætum hjá kvinnum,Framburðsflokkurin,
2004,Løgtingið,Tal av sætum hjá kvinnum,Framburðsflokkurin,
2004,Løgtingið,Tal av sætum,Framburðsflokkurin,
2004,Løgtingið,Partur av sætum hjá kvinnum,Framsókn,
2004,Løgtingið,Tal av sætum hjá kvinnum,Framsókn,
2004,Løgtingið,Tal av sætum,Framsókn,
2004,Løgtingið,Partur av sætum hjá kvinnum,Javnaðarflokkurin,0.0
2004,Løgtingið,Tal av sætum hjá kvinnum,Javnaðarflokkurin,0.0
2004,Løgtingið,Tal av sætum,Javnaðarflokkurin,7.0
2004,Løgtingið,Partur av sætum hjá kvinnum,Kristiligi Fólkaflokkurin,
2004,Løgtingið,Tal av sætum hjá kvinnum,Kristiligi Fólkaflokkurin,
2004,Løgtingið,Tal av sætum,Kristiligi Fólkaflokkurin,
2004,Løgtingið,Partur av sætum hjá kvinnum,Miðflokkurin,0.0
2004,Løgtingið,Tal av sætum hjá kvinnum,Miðflokkurin,0.0
2004,Løgtingið,Tal av sætum,Miðflokkurin,2.0
2004,Løgtingið,Partur av sætum hjá kvinnum,Sambandsflokkurin,14.3
2004,Løgtingið,Tal av sætum hjá kvinnum,Sambandsflokkurin,1.0
2004,Løgtingið,Tal av sætum,Sambandsflokkurin,7.0
2004,Løgtingið,Partur av sætum hjá kvinnum,Sjálvstýri,0.0
2004,Løgtingið,Tal av sætum hjá kvinnum,Sjálvstýri,0.0
2004,Løgtingið,Tal av sætum,Sjálvstýri,1.0
2004,Løgtingið,Partur av sætum hjá kvinnum,Tjóðveldi,25.0
2004,Løgtingið,Tal av sætum hjá kvinnum,Tjóðveldi,2.0
2004,Løgtingið,Tal av sætum,Tjóðveldi,8.0
2004,Løgtingið,Partur av sætum hjá kvinnum,Verkamannafylkingin,
2004,Løgtingið,Tal av sætum hjá kvinnum,Verkamannafylkingin,
2004,Løgtingið,Tal av sætum,Verkamannafylkingin,
2008,Løgtingið,Partur av sætum hjá kvinnum,Allir flokkar,21.2
2008,Løgtingið,Tal av sætum hjá kvinnum,Allir flokkar,7.0
2008,Løgtingið,Tal av sætum,Allir flokkar,33.0
2008,Løgtingið,Partur av sætum hjá kvinnum,Fólkaflokkurin,14.3
2008,Løgtingið,Tal av sætum hjá kvinnum,Fólkaflokkurin,1.0
2008,Løgtingið,Tal av sætum,Fólkaflokkurin,7.0
2008,Løgtingið,Partur av sætum hjá kvinnum,Framburðsflokkurin,
2008,Løgtingið,Tal av sætum hjá kvinnum,Framburðsflokkurin,
2008,Løgtingið,Tal av sætum,Framburðsflokkurin,
2008,Løgtingið,Partur av sætum hjá kvinnum,Framsókn,
2008,Løgtingið,Tal av sætum hjá kvinnum,Framsókn,
2008,Løgtingið,Tal av sætum,Framsókn,
2008,Løgtingið,Partur av sætum hjá kvinnum,Javnaðarflokkurin,33.3
2008,Løgtingið,Tal av sætum hjá kvinnum,Javnaðarflokkurin,2.0
2008,Løgtingið,Tal av sætum,Javnaðarflokkurin,6.0
2008,Løgtingið,Partur av sætum hjá kvinnum,Kristiligi Fólkaflokkurin,
2008,Løgtingið,Tal av sætum hjá kvinnum,Kristiligi Fólkaflokkurin,
2008,Løgtingið,Tal av sætum,Kristiligi Fólkaflokkurin,
2008,Løgtingið,Partur av sætum hjá kvinnum,Miðflokkurin,0.0
2008,Løgtingið,Tal av sætum hjá kvinnum,Miðflokkurin,0.0
2008,Løgtingið,Tal av sætum,Miðflokkurin,3.0
2008,Løgtingið,Partur av sætum hjá kvinnum,Sambandsflokkurin,14.3
2008,Løgtingið,Tal av sætum hjá kvinnum,Sambandsflokkurin,1.0
2008,Løgtingið,Tal av sætum,Sambandsflokkurin,7.0
2008,Løgtingið,Partur av sætum hjá kvinnum,Sjálvstýri,0.0
2008,Løgtingið,Tal av sætum hjá kvinnum,Sjálvstýri,0.0
2008,Løgtingið,Tal av sætum,Sjálvstýri,2.0
2008,Løgtingið,Partur av sætum hjá kvinnum,Tjóðveldi,37.5
2008,Løgtingið,Tal av sætum hjá kvinnum,Tjóðveldi,3.0
2008,Løgtingið,Tal av sætum,Tjóðveldi,8.0
2008,Løgtingið,Partur av sætum hjá kvinnum,Verkamannafylkingin,
2008,Løgtingið,Tal av sætum hjá kvinnum,Verkamannafylkingin,
2008,Løgtingið,Tal av sætum,Verkamannafylkingin,
2011,Løgtingið,Partur av sætum hjá kvinnum,Allir flokkar,30.3
2011,Løgtingið,Tal av sætum hjá kvinnum,Allir flokkar,10.0
2011,Løgtingið,Tal av sætum,Allir flokkar,33.0
2011,Løgtingið,Partur av sætum hjá kvinnum,Fólkaflokkurin,25.0
2011,Løgtingið,Tal av sætum hjá kvinnum,Fólkaflokkurin,2.0
2011,Løgtingið,Tal av sætum,Fólkaflokkurin,8.0
2011,Løgtingið,Partur av sætum hjá kvinnum,Framburðsflokkurin,
2011,Løgtingið,Tal av sætum hjá kvinnum,Framburðsflokkurin,
2011,Løgtingið,Tal av sætum,Framburðsflokkurin,
2011,Løgtingið,Partur av sætum hjá kvinnum,Framsókn,0.0
2011,Løgtingið,Tal av sætum hjá kvinnum,Framsókn,0.0
2011,Løgtingið,Tal av sætum,Framsókn,2.0
2011,Løgtingið,Partur av sætum hjá kvinnum,Javnaðarflokkurin,33.3
2011,Løgtingið,Tal av sætum hjá kvinnum,Javnaðarflokkurin,2.0
2011,Løgtingið,Tal av sætum,Javnaðarflokkurin,6.0
2011,Løgtingið,Partur av sætum hjá kvinnum,Kristiligi Fólkaflokkurin,
2011,Løgtingið,Tal av sætum hjá kvinnum,Kristiligi Fólkaflokkurin,
2011,Løgtingið,Tal av sætum,Kristiligi Fólkaflokkurin,
2011,Løgtingið,Partur av sætum hjá kvinnum,Miðflokkurin,0.0
2011,Løgtingið,Tal av sætum hjá kvinnum,Miðflokkurin,0.0
2011,Løgtingið,Tal av sætum,Miðflokkurin,2.0
2011,Løgtingið,Partur av sætum hjá kvinnum,Sambandsflokkurin,25.0
2011,Løgtingið,Tal av sætum hjá kvinnum,Sambandsflokkurin,2.0
2011,Løgtingið,Tal av sætum,Sambandsflokkurin,8.0
2011,Løgtingið,Partur av sætum hjá kvinnum,Sjálvstýri,0.0
2011,Løgtingið,Tal av sætum hjá kvinnum,Sjálvstýri,0.0
2011,Løgtingið,Tal av sætum,Sjálvstýri,1.0
2011,Løgtingið,Partur av sætum hjá kvinnum,Tjóðveldi,66.7
2011,Løgtingið,Tal av sætum hjá kvinnum,Tjóðveldi,4.0
2011,Løgtingið,Tal av sætum,Tjóðveldi,6.0
2011,Løgtingið,Partur av sætum hjá kvinnum,Verkamannafylkingin,
2011,Løgtingið,Tal av sætum hjá kvinnum,Verkamannafylkingin,
2011,Løgtingið,Tal av sætum,Verkamannafylkingin,
2015,Løgtingið,Partur av sætum hjá kvinnum,Allir flokkar,30.3
2015,Løgtingið,Tal av sætum hjá kvinnum,Allir flokkar,10.0
2015,Løgtingið,Tal av sætum,Allir flokkar,33.0
2015,Løgtingið,Partur av sætum hjá kvinnum,Fólkaflokkurin,33.3
2015,Løgtingið,Tal av sætum hjá kvinnum,Fólkaflokkurin,2.0
2015,Løgtingið,Tal av sætum,Fólkaflokkurin,6.0
2015,Løgtingið,Partur av sætum hjá kvinnum,Framburðsflokkurin,
2015,Løgtingið,Tal av sætum hjá kvinnum,Framburðsflokkurin,
2015,Løgtingið,Tal av sætum,Framburðsflokkurin,
2015,Løgtingið,Partur av sætum hjá kvinnum,Framsókn,50.0
2015,Løgtingið,Tal av sætum hjá kvinnum,Framsókn,1.0
2015,Løgtingið,Tal av sætum,Framsókn,2.0
2015,Løgtingið,Partur av sætum hjá kvinnum,Javnaðarflokkurin,37.5
2015,Løgtingið,Tal av sætum hjá kvinnum,Javnaðarflokkurin,3.0
2015,Løgtingið,Tal av sætum,Javnaðarflokkurin,8.0
2015,Løgtingið,Partur av sætum hjá kvinnum,Kristiligi Fólkaflokkurin,
2015,Løgtingið,Tal av sætum hjá kvinnum,Kristiligi Fólkaflokkurin,
2015,Løgtingið,Tal av sætum,Kristiligi Fólkaflokkurin,
2015,Løgtingið,Partur av sætum hjá kvinnum,Miðflokkurin,0.0
2015,Løgtingið,Tal av sætum hjá kvinnum,Miðflokkurin,0.0
2015,Løgtingið,Tal av sætum,Miðflokkurin,2.0
2015,Løgtingið,Partur av sætum hjá kvinnum,Sambandsflokkurin,0.0
2015,Løgtingið,Tal av sætum hjá kvinnum,Sambandsflokkurin,0.0
2015,Løgtingið,Tal av sætum,Sambandsflokkurin,6.0
2015,Løgtingið,Partur av sætum hjá kvinnum,Sjálvstýri,0.0
2015,Løgtingið,Tal av sætum hjá kvinnum,Sjálvstýri,0.0
2015,Løgtingið,Tal av sætum,Sjálvstýri,2.0
2015,Løgtingið,Partur av sætum hjá kvinnum,Tjóðveldi,57.1
2015,Løgtingið,Tal av sætum hjá kvinnum,Tjóðveldi,4.0
2015,Løgtingið,Tal av sætum,Tjóðveldi,7.0
2015,Løgtingið,Partur av sætum hjá kvinnum,Verkamannafylkingin,
2015,Løgtingið,Tal av sætum hjá kvinnum,Verkamannafylkingin,
2015,Løgtingið,Tal av sætum,Verkamannafylkingin,
2019,Løgtingið,Partur av sætum hjá kvinnum,Allir flokkar,24.2
2019,Løgtingið,Tal av sætum hjá kvinnum,Allir flokkar,8.0
2019,Løgtingið,Tal av sætum,Allir flokkar,33.0
2019,Løgtingið,Partur av sætum hjá kvinnum,Fólkaflokkurin,12.5
2019,Løgtingið,Tal av sætum hjá kvinnum,Fólkaflokkurin,1.0
2019,Løgtingið,Tal av sætum,Fólkaflokkurin,8.0
2019,Løgtingið,Partur av sætum hjá kvinnum,Framburðsflokkurin,
2019,Løgtingið,Tal av sætum hjá kvinnum,Framburðsflokkurin,
2019,Løgtingið,Tal av sætum,Framburðsflokkurin,
2019,Løgtingið,Partur av sætum hjá kvinnum,Framsókn,0.0
2019,Løgtingið,Tal av sætum hjá kvinnum,Framsókn,0.0
2019,Løgtingið,Tal av sætum,Framsókn,2.0
2019,Løgtingið,Partur av sætum hjá kvinnum,Javnaðarflokkurin,14.3
2019,Løgtingið,Tal av sætum hjá kvinnum,Javnaðarflokkurin,1.0
2019,Løgtingið,Tal av sætum,Javnaðarflokkurin,7.0
2019,Løgtingið,Partur av sætum hjá kvinnum,Kristiligi Fólkaflokkurin,
2019,Løgtingið,Tal av sætum hjá kvinnum,Kristiligi Fólkaflokkurin,
2019,Løgtingið,Tal av sætum,Kristiligi Fólkaflokkurin,
2019,Løgtingið,Partur av sætum hjá kvinnum,Miðflokkurin,0.0
2019,Løgtingið,Tal av sætum hjá kvinnum,Miðflokkurin,0.0
2019,Løgtingið,Tal av sætum,Miðflokkurin,2.0
2019,Løgtingið,Partur av sætum hjá kvinnum,Sambandsflokkurin,14.3
2019,Løgtingið,Tal av sætum hjá kvinnum,Sambandsflokkurin,1.0
2019,Løgtingið,Tal av sætum,Sambandsflokkurin,7.0
2019,Løgtingið,Partur av sætum hjá kvinnum,Sjálvstýri,0.0
2019,Løgtingið,Tal av sætum hjá kvinnum,Sjálvstýri,0.0
2019,Løgtingið,Tal av sætum,Sjálvstýri,1.0
2019,Løgtingið,Partur av sætum hjá kvinnum,Tjóðveldi,83.3
2019,Løgtingið,Tal av sætum hjá kvinnum,Tjóðveldi,5.0
2019,Løgtingið,Tal av sætum,Tjóðveldi,6.0
2019,Løgtingið,Partur av sætum hjá kvinnum,Verkamannafylkingin,
2019,Løgtingið,Tal av sætum hjá kvinnum,Verkamannafylkingin,
2019,Løgtingið,Tal av sætum,Verkamannafylkingin,
1996,municipalities,Partur av sætum hjá kvinnum,Allar kommunur,16.5
1996,municipalities,Partur av sætum hjá kvinnum,Bíggjar kommuna,33.3
1996,municipalities,Partur av sætum hjá kvinnum,Eiðis kommuna,14.3
1996,municipalities,Partur av sætum hjá kvinnum,Elduvíkar kommuna,20.0
1996,municipalities,Partur av sætum hjá kvinnum,Eysturkommuna,
1996,municipalities,Partur av sætum hjá kvinnum,Fámjins kommuna,20.0
1996,municipalities,Partur av sætum hjá kvinnum,Fuglafjarðar kommuna,11.1
1996,municipalities,Partur av sætum hjá kvinnum,Fugloyar kommuna,0.0
1996,municipalities,Partur av sætum hjá kvinnum,Funnings kommuna,0.0
1996,municipalities,Partur av sætum hjá kvinnum,Gjáar kommuna,0.0
1996,municipalities,Partur av sætum hjá kvinnum,Gøtu kommuna,0.0
1996,municipalities,Partur av sætum hjá kvinnum,Haldórsvíkar kommuna,0.0
1996,municipalities,Partur av sætum hjá kvinnum,Hests kommuna,0.0
1996,municipalities,Partur av sætum hjá kvinnum,Hósvíkar kommuna,20.0
1996,municipalities,Partur av sætum hjá kvinnum,Hovs kommuna,20.0
1996,municipalities,Partur av sætum hjá kvinnum,Húsa kommuna,20.0
1996,municipalities,Partur av sætum hjá kvinnum,Húsavíkar kommuna,20.0
1996,municipalities,Partur av sætum hjá kvinnum,Hvalbiar kommuna,0.0
1996,municipalities,Partur av sætum hjá kvinnum,Hvalvíkar kommuna,20.0
1996,municipalities,Partur av sætum hjá kvinnum,Hvannasunds kommuna,0.0
1996,municipalities,Partur av sætum hjá kvinnum,Kirkjubøar kommuna,20.0
1996,municipalities,Partur av sætum hjá kvinnum,Klaksvíkar kommuna,18.2
1996,municipalities,Partur av sætum hjá kvinnum,Kunoyar kommuna,20.0
1996,municipalities,Partur av sætum hjá kvinnum,Kvívíkar kommuna,20.0
1996,municipalities,Partur av sætum hjá kvinnum,Leirvíkar kommuna,0.0
1996,municipalities,Partur av sætum hjá kvinnum,Miðvágs kommuna,57.1
1996,municipalities,Partur av sætum hjá kvinnum,Mikladals kommuna,40.0
1996,municipalities,Partur av sætum hjá kvinnum,Mykines kommuna,33.3
1996,municipalities,Partur av sætum hjá kvinnum,Nes kommuna,28.6
1996,municipalities,Partur av sætum hjá kvinnum,Nólsoyar kommuna,0.0
1996,municipalities,Partur av sætum hjá kvinnum,Oyndarfjarðar kommuna,0.0
1996,municipalities,Partur av sætum hjá kvinnum,Porkeris kommuna,20.0
1996,municipalities,Partur av sætum hjá kvinnum,Runavíkar kommuna,0.0
1996,municipalities,Partur av sætum hjá kvinnum,Saksunar kommuna,0.0
1996,municipalities,Partur av sætum hjá kvinnum,Sandavágs kommuna,14.3
1996,municipalities,Partur av sætum hjá kvinnum,Sands kommuna,20.0
1996,municipalities,Partur av sætum hjá kvinnum,Sjóvar kommuna,20.0
1996,municipalities,Partur av sætum hjá kvinnum,Skála kommuna,40.0
1996,municipalities,Partur av sætum hjá kvinnum,Skálavíkar kommuna,40.0
1996,municipalities,Partur av sætum hjá kvinnum,Skopunar kommuna,0.0
1996,municipalities,Partur av sætum hjá kvinnum,Skúgvoyar kommuna,33.3
1996,municipalities,Partur av sætum hjá kvinnum,Sørvágs kommuna,14.3
1996,municipalities,Partur av sætum hjá kvinnum,Sumbiar kommuna,0.0
1996,municipalities,Partur av sætum hjá kvinnum,Sunda kommuna,0.0
1996,municipalities,Partur av sætum hjá kvinnum,Svínoyar kommuna,0.0
1996,municipalities,Partur av sætum hjá kvinnum,Tórshavnar kommuna,23.1
1996,municipalities,Partur av sætum hjá kvinnum,Tvøroyrar kommuna,0.0
1996,municipalities,Partur av sætum hjá kvinnum,Vága kommuna,
1996,municipalities,Partur av sætum hjá kvinnum,Vágs kommuna,22.2
1996,municipalities,Partur av sætum hjá kvinnum,Vestmanna kommuna,57.1
1996,municipalities,Partur av sætum hjá kvinnum,Viðareiðis kommuna,40.0
1996,municipalities,Tal av sætum hjá kvinnum,Allar kommunur,45.0
1996,municipalities,Tal av sætum hjá kvinnum,Bíggjar kommuna,1.0
1996,municipalities,Tal av sætum hjá kvinnum,Eiðis kommuna,1.0
1996,municipalities,Tal av sætum hjá kvinnum,Elduvíkar kommuna,1.0
1996,municipalities,Tal av sætum hjá kvinnum,Eysturkommuna,
1996,municipalities,Tal av sætum hjá kvinnum,Fámjins kommuna,1.0
1996,municipalities,Tal av sætum hjá kvinnum,Fuglafjarðar kommuna,1.0
1996,municipalities,Tal av sætum hjá kvinnum,Fugloyar kommuna,0.0
1996,municipalities,Tal av sætum hjá kvinnum,Funnings kommuna,0.0
1996,municipalities,Tal av sætum hjá kvinnum,Gjáar kommuna,0.0
1996,municipalities,Tal av sætum hjá kvinnum,Gøtu kommuna,0.0
1996,municipalities,Tal av sætum hjá kvinnum,Haldórsvíkar kommuna,0.0
1996,municipalities,Tal av sætum hjá kvinnum,Hests kommuna,0.0
1996,municipalities,Tal av sætum hjá kvinnum,Hósvíkar kommuna,1.0
1996,municipalities,Tal av sætum hjá kvinnum,Hovs kommuna,1.0
1996,municipalities,Tal av sætum hjá kvinnum,Húsa kommuna,1.0
1996,municipalities,Tal av sætum hjá kvinnum,Húsavíkar kommuna,1.0
1996,municipalities,Tal av sætum hjá kvinnum,Hvalbiar kommuna,0.0
1996,municipalities,Tal av sætum hjá kvinnum,Hvalvíkar kommuna,1.0
1996,municipalities,Tal av sætum hjá kvinnum,Hvannasunds kommuna,0.0
1996,municipalities,Tal av sætum hjá kvinnum,Kirkjubøar kommuna,1.0
1996,municipalities,Tal av sætum hjá kvinnum,Klaksvíkar kommuna,2.0
1996,municipalities,Tal av sætum hjá kvinnum,Kunoyar kommuna,1.0
1996,municipalities,Tal av sætum hjá kvinnum,Kvívíkar kommuna,1.0
1996,municipalities,Tal av sætum hjá kvinnum,Leirvíkar kommuna,0.0
1996,municipalities,Tal av sætum hjá kvinnum,Miðvágs kommuna,4.0
1996,municipalities,Tal av sætum hjá kvinnum,Mikladals kommuna,2.0
1996,municipalities,Tal av sætum hjá kvinnum,Mykines kommuna,1.0
1996,municipalities,Tal av sætum hjá kvinnum,Nes kommuna,2.0
1996,municipalities,Tal av sætum hjá kvinnum,Nólsoyar kommuna,0.0
1996,municipalities,Tal av sætum hjá kvinnum,Oyndarfjarðar kommuna,0.0
1996,municipalities,Tal av sætum hjá kvinnum,Porkeris kommuna,1.0
1996,municipalities,Tal av sætum hjá kvinnum,Runavíkar kommuna,0.0
1996,municipalities,Tal av sætum hjá kvinnum,Saksunar kommuna,0.0
1996,municipalities,Tal av sætum hjá kvinnum,Sandavágs kommuna,1.0
1996,municipalities,Tal av sætum hjá kvinnum,Sands kommuna,1.0
1996,municipalities,Tal av sætum hjá kvinnum,Sjóvar kommuna,1.0
1996,municipalities,Tal av sætum hjá kvinnum,Skála kommuna,2.0
1996,municipalities,Tal av sætum hjá kvinnum,Skálavíkar kommuna,2.0
1996,municipalities,Tal av sætum hjá kvinnum,Skopunar kommuna,0.0
1996,municipalities,Tal av sætum hjá kvinnum,Skúgvoyar kommuna,1.0
1996,municipalities,Tal av sætum hjá kvinnum,Sørvágs kommuna,1.0
1996,municipalities,Tal av sætum hjá kvinnum,Sumbiar kommuna,0.0
1996,municipalities,Tal av sætum hjá kvinnum,Sunda kommuna,0.0
1996,municipalities,Tal av sætum hjá kvinnum,Svínoyar kommuna,0.0
1996,municipalities,Tal av sætum hjá kvinnum,Tórshavnar kommuna,3.0
1996,municipalities,Tal av sætum hjá kvinnum,Tvøroyrar kommuna,0.0
1996,municipalities,Tal av sætum hjá kvinnum,Vága kommuna,
1996,municipalities,Tal av sætum hjá kvinnum,Vágs kommuna,2.0
1996,municipalities,Tal av sætum hjá kvinnum,Vestmanna kommuna,4.0
1996,municipalities,Tal av sætum hjá kvinnum,Viðareiðis kommuna,2.0
1996,municipalities,Tal av sætum,Allar kommunur,272.0
1996,municipalities,Tal av sætum,Bíggjar kommuna,3.0
1996,municipalities,Tal av sætum,Eiðis kommuna,7.0
1996,municipalities,Tal av sætum,Elduvíkar kommuna,5.0
1996,municipalities,Tal av sætum,Eysturkommuna,
1996,municipalities,Tal av sætum,Fámjins kommuna,5.0
1996,municipalities,Tal av sætum,Fuglafjarðar kommuna,9.0
1996,municipalities,Tal av sætum,Fugloyar kommuna,5.0
1996,municipalities,Tal av sætum,Funnings kommuna,5.0
1996,municipalities,Tal av sætum,Gjáar kommuna,5.0
1996,municipalities,Tal av sætum,Gøtu kommuna,5.0
1996,municipalities,Tal av sætum,Haldórsvíkar kommuna,5.0
1996,municipalities,Tal av sætum,Hests kommuna,5.0
1996,municipalities,Tal av sætum,Hósvíkar kommuna,5.0
1996,municipalities,Tal av sætum,Hovs kommuna,5.0
1996,municipalities,Tal av sætum,Húsa kommuna,5.0
1996,municipalities,Tal av sætum,Húsavíkar kommuna,5.0
1996,municipalities,Tal av sætum,Hvalbiar kommuna,5.0
1996,municipalities,Tal av sætum,Hvalvíkar kommuna,5.0
1996,municipalities,Tal av sætum,Hvannasunds kommuna,5.0
1996,municipalities,Tal av sætum,Kirkjubøar kommuna,5.0
1996,municipalities,Tal av sætum,Klaksvíkar kommuna,11.0
1996,municipalities,Tal av sætum,Kunoyar kommuna,5.0
1996,municipalities,Tal av sætum,Kvívíkar kommuna,5.0
1996,municipalities,Tal av sætum,Leirvíkar kommuna,5.0
1996,municipalities,Tal av sætum,Miðvágs kommuna,7.0
1996,municipalities,Tal av sætum,Mikladals kommuna,5.0
1996,municipalities,Tal av sætum,Mykines kommuna,3.0
1996,municipalities,Tal av sætum,Nes kommuna,7.0
1996,municipalities,Tal av sætum,Nólsoyar kommuna,5.0
1996,municipalities,Tal av sætum,Oyndarfjarðar kommuna,5.0
1996,municipalities,Tal av sætum,Porkeris kommuna,5.0
1996,municipalities,Tal av sætum,Runavíkar kommuna,9.0
1996,municipalities,Tal av sætum,Saksunar kommuna,3.0
1996,municipalities,Tal av sætum,Sandavágs kommuna,7.0
1996,municipalities,Tal av sætum,Sands kommuna,5.0
1996,municipalities,Tal av sætum,Sjóvar kommuna,5.0
1996,municipalities,Tal av sætum,Skála kommuna,5.0
1996,municipalities,Tal av sætum,Skálavíkar kommuna,5.0
1996,municipalities,Tal av sætum,Skopunar kommuna,5.0
1996,municipalities,Tal av sætum,Skúgvoyar kommuna,3.0
1996,municipalities,Tal av sætum,Sørvágs kommuna,7.0
1996,municipalities,Tal av sætum,Sumbiar kommuna,5.0
1996,municipalities,Tal av sætum,Sunda kommuna,5.0
1996,municipalities,Tal av sætum,Svínoyar kommuna,5.0
1996,municipalities,Tal av sætum,Tórshavnar kommuna,13.0
1996,municipalities,Tal av sætum,Tvøroyrar kommuna,7.0
1996,municipalities,Tal av sætum,Vága kommuna,
1996,municipalities,Tal av sætum,Vágs kommuna,9.0
1996,municipalities,Tal av sætum,Vestmanna kommuna,7.0
1996,municipalities,Tal av sætum,Viðareiðis kommuna,5.0
2000,municipalities,Partur av sætum hjá kvinnum,Allar kommunur,22.8
2000,municipalities,Partur av sætum hjá kvinnum,Bíggjar kommuna,0.0
2000,municipalities,Partur av sætum hjá kvinnum,Eiðis kommuna,14.3
2000,municipalities,Partur av sætum hjá kvinnum,Elduvíkar kommuna,20.0
2000,municipalities,Partur av sætum hjá kvinnum,Eysturkommuna,
2000,municipalities,Partur av sætum hjá kvinnum,Fámjins kommuna,20.0
2000,municipalities,Partur av sætum hjá kvinnum,Fuglafjarðar kommuna,11.1
2000,municipalities,Partur av sætum hjá kvinnum,Fugloyar kommuna,0.0
2000,municipalities,Partur av sætum hjá kvinnum,Funnings kommuna,33.3
2000,municipalities,Partur av sætum hjá kvinnum,Gjáar kommuna,33.3
2000,municipalities,Partur av sætum hjá kvinnum,Gøtu kommuna,28.6
2000,municipalities,Partur av sætum hjá kvinnum,Haldórsvíkar kommuna,0.0
2000,municipalities,Partur av sætum hjá kvinnum,Hests kommuna,0.0
2000,municipalities,Partur av sætum hjá kvinnum,Hósvíkar kommuna,40.0
2000,municipalities,Partur av sætum hjá kvinnum,Hovs kommuna,40.0
2000,municipalities,Partur av sætum hjá kvinnum,Húsa kommuna,33.3
2000,municipalities,Partur av sætum hjá kvinnum,Húsavíkar kommuna,20.0
2000,municipalities,Partur av sætum hjá kvinnum,Hvalbiar kommuna,14.3
2000,municipalities,Partur av sætum hjá kvinnum,Hvalvíkar kommuna,20.0
2000,municipalities,Partur av sætum hjá kvinnum,Hvannasunds kommuna,40.0
2000,municipalities,Partur av sætum hjá kvinnum,Kirkjubøar kommuna,20.0
2000,municipalities,Partur av sætum hjá kvinnum,Klaksvíkar kommuna,27.3
2000,municipalities,Partur av sætum hjá kvinnum,Kunoyar kommuna,20.0
2000,municipalities,Partur av sætum hjá kvinnum,Kvívíkar kommuna,28.6
2000,municipalities,Partur av sætum hjá kvinnum,Leirvíkar kommuna,42.9
2000,municipalities,Partur av sætum hjá kvinnum,Miðvágs kommuna,57.1
2000,municipalities,Partur av sætum hjá kvinnum,Mikladals kommuna,33.3
2000,municipalities,Partur av sætum hjá kvinnum,Mykines kommuna,33.3
2000,municipalities,Partur av sætum hjá kvinnum,Nes kommuna,28.6
2000,municipalities,Partur av sætum hjá kvinnum,Nólsoyar kommuna,20.0
2000,municipalities,Partur av sætum hjá kvinnum,Oyndarfjarðar kommuna,60.0
2000,municipalities,Partur av sætum hjá kvinnum,Porkeris kommuna,20.0
2000,municipalities,Partur av sætum hjá kvinnum,Runavíkar kommuna,22.2
2000,municipalities,Partur av sætum hjá kvinnum,Saksunar kommuna,0.0
2000,municipalities,Partur av sætum hjá kvinnum,Sandavágs kommuna,14.3
2000,municipalities,Partur av sætum hjá kvinnum,Sands kommuna,14.3
2000,municipalities,Partur av sætum hjá kvinnum,Sjóvar kommuna,0.0
2000,municipalities,Partur av sætum hjá kvinnum,Skála kommuna,0.0
2000,municipalities,Partur av sætum hjá kvinnum,Skálavíkar kommuna,20.0
2000,municipalities,Partur av sætum hjá kvinnum,Skopunar kommuna,40.0
2000,municipalities,Partur av sætum hjá kvinnum,Skúgvoyar kommuna,33.3
2000,municipalities,Partur av sætum hjá kvinnum,Sørvágs kommuna,14.3
2000,municipalities,Partur av sætum hjá kvinnum,Sumbiar kommuna,0.0
2000,municipalities,Partur av sætum hjá kvinnum,Sunda kommuna,60.0
2000,municipalities,Partur av sætum hjá kvinnum,Svínoyar kommuna,0.0
2000,municipalities,Partur av sætum hjá kvinnum,Tórshavnar kommuna,23.1
2000,municipalities,Partur av sætum hjá kvinnum,Tvøroyrar kommuna,0.0
2000,municipalities,Partur av sætum hjá kvinnum,Vága kommuna,
2000,municipalities,Partur av sætum hjá kvinnum,Vágs kommuna,22.2
2000,municipalities,Partur av sætum hjá kvinnum,Vestmanna kommuna,57.1
2000,municipalities,Partur av sætum hjá kvinnum,Viðareiðis kommuna,0.0
2000,municipalities,Tal av sætum hjá kvinnum,Allar kommunur,62.0
2000,municipalities,Tal av sætum hjá kvinnum,Bíggjar kommuna,0.0
2000,municipalities,Tal av sætum hjá kvinnum,Eiðis kommuna,1.0
2000,municipalities,Tal av sætum hjá kvinnum,Elduvíkar kommuna,1.0
2000,municipalities,Tal av sætum hjá kvinnum,Eysturkommuna,
2000,municipalities,Tal av sætum hjá kvinnum,Fámjins kommuna,1.0
2000,municipalities,Tal av sætum hjá kvinnum,Fuglafjarðar kommuna,1.0
2000,municipalities,Tal av sætum hjá kvinnum,Fugloyar kommuna,0.0
2000,municipalities,Tal av sætum hjá kvinnum,Funnings kommuna,1.0
2000,municipalities,Tal av sætum hjá kvinnum,Gjáar kommuna,1.0
2000,municipalities,Tal av sætum hjá kvinnum,Gøtu kommuna,2.0
2000,municipalities,Tal av sætum hjá kvinnum,Haldórsvíkar kommuna,0.0
2000,municipalities,Tal av sætum hjá kvinnum,Hests kommuna,0.0
2000,municipalities,Tal av sætum hjá kvinnum,Hósvíkar kommuna,2.0
2000,municipalities,Tal av sætum hjá kvinnum,Hovs kommuna,2.0
2000,municipalities,Tal av sætum hjá kvinnum,Húsa kommuna,1.0
2000,municipalities,Tal av sætum hjá kvinnum,Húsavíkar kommuna,1.0
2000,municipalities,Tal av sætum hjá kvinnum,Hvalbiar kommuna,1.0
2000,municipalities,Tal av sætum hjá kvinnum,Hvalvíkar kommuna,1.0
2000,municipalities,Tal av sætum hjá kvinnum,Hvannasunds kommuna,2.0
2000,municipalities,Tal av sætum hjá kvinnum,Kirkjubøar kommuna,1.0
2000,municipalities,Tal av sætum hjá kvinnum,Klaksvíkar kommuna,3.0
2000,municipalities,Tal av sætum hjá kvinnum,Kunoyar kommuna,1.0
2000,municipalities,Tal av sætum hjá kvinnum,Kvívíkar kommuna,2.0
2000,municipalities,Tal av sætum hjá kvinnum,Leirvíkar kommuna,3.0
2000,municipalities,Tal av sætum hjá kvinnum,Miðvágs kommuna,4.0
2000,municipalities,Tal av sætum hjá kvinnum,Mikladals kommuna,1.0
2000,municipalities,Tal av sætum hjá kvinnum,Mykines kommuna,1.0
2000,municipalities,Tal av sætum hjá kvinnum,Nes kommuna,2.0
2000,municipalities,Tal av sætum hjá kvinnum,Nólsoyar kommuna,1.0
2000,municipalities,Tal av sætum hjá kvinnum,Oyndarfjarðar kommuna,3.0
2000,municipalities,Tal av sætum hjá kvinnum,Porkeris kommuna,1.0
2000,municipalities,Tal av sætum hjá kvinnum,Runavíkar kommuna,2.0
2000,municipalities,Tal av sætum hjá kvinnum,Saksunar kommuna,0.0
2000,municipalities,Tal av sætum hjá kvinnum,Sandavágs kommuna,1.0
2000,municipalities,Tal av sætum hjá kvinnum,Sands kommuna,1.0
2000,municipalities,Tal av sætum hjá kvinnum,Sjóvar kommuna,0.0
2000,municipalities,Tal av sætum hjá kvinnum,Skála kommuna,0.0
2000,municipalities,Tal av sætum hjá kvinnum,Skálavíkar kommuna,1.0
2000,municipalities,Tal av sætum hjá kvinnum,Skopunar kommuna,2.0
2000,municipalities,Tal av sætum hjá kvinnum,Skúgvoyar kommuna,1.0
2000,municipalities,Tal av sætum hjá kvinnum,Sørvágs kommuna,1.0
2000,municipalities,Tal av sætum hjá kvinnum,Sumbiar kommuna,0.0
2000,municipalities,Tal av sætum hjá kvinnum,Sunda kommuna,3.0
2000,municipalities,Tal av sætum hjá kvinnum,Svínoyar kommuna,0.0
2000,municipalities,Tal av sætum hjá kvinnum,Tórshavnar kommuna,3.0
2000,municipalities,Tal av sætum hjá kvinnum,Tvøroyrar kommuna,0.0
2000,municipalities,Tal av sætum hjá kvinnum,Vága kommuna,
2000,municipalities,Tal av sætum hjá kvinnum,Vágs kommuna,2.0
2000,municipalities,Tal av sætum hjá kvinnum,Vestmanna kommuna,4.0
2000,municipalities,Tal av sætum hjá kvinnum,Viðareiðis kommuna,0.0
2000,municipalities,Tal av sætum,Allar kommunur,272.0
2000,municipalities,Tal av sætum,Bíggjar kommuna,3.0
2000,municipalities,Tal av sætum,Eiðis kommuna,7.0
2000,municipalities,Tal av sætum,Elduvíkar kommuna,5.0
2000,municipalities,Tal av sætum,Eysturkommuna,
2000,municipalities,Tal av sætum,Fámjins kommuna,5.0
2000,municipalities,Tal av sætum,Fuglafjarðar kommuna,9.0
2000,municipalities,Tal av sætum,Fugloyar kommuna,3.0
2000,municipalities,Tal av sætum,Funnings kommuna,3.0
2000,municipalities,Tal av sætum,Gjáar kommuna,3.0
2000,municipalities,Tal av sætum,Gøtu kommuna,7.0
2000,municipalities,Tal av sætum,Haldórsvíkar kommuna,5.0
2000,municipalities,Tal av sætum,Hests kommuna,3.0
2000,municipalities,Tal av sætum,Hósvíkar kommuna,5.0
2000,municipalities,Tal av sætum,Hovs kommuna,5.0
2000,municipalities,Tal av sætum,Húsa kommuna,3.0
2000,municipalities,Tal av sætum,Húsavíkar kommuna,5.0
2000,municipalities,Tal av sætum,Hvalbiar kommuna,7.0
2000,municipalities,Tal av sætum,Hvalvíkar kommuna,5.0
2000,municipalities,Tal av sætum,Hvannasunds kommuna,5.0
2000,municipalities,Tal av sætum,Kirkjubøar kommuna,5.0
2000,municipalities,Tal av sætum,Klaksvíkar kommuna,11.0
2000,municipalities,Tal av sætum,Kunoyar kommuna,5.0
2000,municipalities,Tal av sætum,Kvívíkar kommuna,7.0
2000,municipalities,Tal av sætum,Leirvíkar kommuna,7.0
2000,municipalities,Tal av sætum,Miðvágs kommuna,7.0
2000,municipalities,Tal av sætum,Mikladals kommuna,3.0
2000,municipalities,Tal av sætum,Mykines kommuna,3.0
2000,municipalities,Tal av sætum,Nes kommuna,7.0
2000,municipalities,Tal av sætum,Nólsoyar kommuna,5.0
2000,municipalities,Tal av sætum,Oyndarfjarðar kommuna,5.0
2000,municipalities,Tal av sætum,Porkeris kommuna,5.0
2000,municipalities,Tal av sætum,Runavíkar kommuna,9.0
2000,municipalities,Tal av sætum,Saksunar kommuna,3.0
2000,municipalities,Tal av sætum,Sandavágs kommuna,7.0
2000,municipalities,Tal av sætum,Sands kommuna,7.0
2000,municipalities,Tal av sætum,Sjóvar kommuna,7.0
2000,municipalities,Tal av sætum,Skála kommuna,7.0
2000,municipalities,Tal av sætum,Skálavíkar kommuna,5.0
2000,municipalities,Tal av sætum,Skopunar kommuna,5.0
2000,municipalities,Tal av sætum,Skúgvoyar kommuna,3.0
2000,municipalities,Tal av sætum,Sørvágs kommuna,7.0
2000,municipalities,Tal av sætum,Sumbiar kommuna,5.0
2000,municipalities,Tal av sætum,Sunda kommuna,5.0
2000,municipalities,Tal av sætum,Svínoyar kommuna,3.0
2000,municipalities,Tal av sætum,Tórshavnar kommuna,13.0
2000,municipalities,Tal av sætum,Tvøroyrar kommuna,7.0
2000,municipalities,Tal av sætum,Vága kommuna,
2000,municipalities,Tal av sætum,Vágs kommuna,9.0
2000,municipalities,Tal av sætum,Vestmanna kommuna,7.0
2000,municipalities,Tal av sætum,Viðareiðis kommuna,5.0
2004,municipalities,Partur av sætum hjá kvinnum,Allar kommunur,22.7
2004,municipalities,Partur av sætum hjá kvinnum,Bíggjar kommuna,
2004,municipalities,Partur av sætum hjá kvinnum,Eiðis kommuna,14.3
2004,municipalities,Partur av sætum hjá kvinnum,Elduvíkar kommuna,
2004,municipalities,Partur av sætum hjá kvinnum,Eysturkommuna,
2004,municipalities,Partur av sætum hjá kvinnum,Fámjins kommuna,40.0
2004,municipalities,Partur av sætum hjá kvinnum,Fuglafjarðar kommuna,11.1
2004,municipalities,Partur av sætum hjá kvinnum,Fugloyar kommuna,33.3
2004,municipalities,Partur av sætum hjá kvinnum,Funnings kommuna,33.3
2004,municipalities,Partur av sætum hjá kvinnum,Gjáar kommuna,
2004,municipalities,Partur av sætum hjá kvinnum,Gøtu kommuna,42.9
2004,municipalities,Partur av sætum hjá kvinnum,Haldórsvíkar kommuna,
2004,municipalities,Partur av sætum hjá kvinnum,Hests kommuna,
2004,municipalities,Partur av sætum hjá kvinnum,Hósvíkar kommuna,
2004,municipalities,Partur av sætum hjá kvinnum,Hovs kommuna,40.0
2004,municipalities,Partur av sætum hjá kvinnum,Húsa kommuna,33.3
2004,municipalities,Partur av sætum hjá kvinnum,Húsavíkar kommuna,20.0
2004,municipalities,Partur av sætum hjá kvinnum,Hvalbiar kommuna,14.3
2004,municipalities,Partur av sætum hjá kvinnum,Hvalvíkar kommuna,
2004,municipalities,Partur av sætum hjá kvinnum,Hvannasunds kommuna,20.0
2004,municipalities,Partur av sætum hjá kvinnum,Kirkjubøar kommuna,
2004,municipalities,Partur av sætum hjá kvinnum,Klaksvíkar kommuna,27.3
2004,municipalities,Partur av sætum hjá kvinnum,Kunoyar kommuna,20.0
2004,municipalities,Partur av sætum hjá kvinnum,Kvívíkar kommuna,28.6
2004,municipalities,Partur av sætum hjá kvinnum,Leirvíkar kommuna,28.6
2004,municipalities,Partur av sætum hjá kvinnum,Miðvágs kommuna,14.3
2004,municipalities,Partur av sætum hjá kvinnum,Mikladals kommuna,
2004,municipalities,Partur av sætum hjá kvinnum,Mykines kommuna,
2004,municipalities,Partur av sætum hjá kvinnum,Nes kommuna,28.6
2004,municipalities,Partur av sætum hjá kvinnum,Nólsoyar kommuna,
2004,municipalities,Partur av sætum hjá kvinnum,Oyndarfjarðar kommuna,
2004,municipalities,Partur av sætum hjá kvinnum,Porkeris kommuna,20.0
2004,municipalities,Partur av sætum hjá kvinnum,Runavíkar kommuna,0.0
2004,municipalities,Partur av sætum hjá kvinnum,Saksunar kommuna,
2004,municipalities,Partur av sætum hjá kvinnum,Sandavágs kommuna,14.3
2004,municipalities,Partur av sætum hjá kvinnum,Sands kommuna,14.3
2004,municipalities,Partur av sætum hjá kvinnum,Sjóvar kommuna,14.3
2004,municipalities,Partur av sætum hjá kvinnum,Skála kommuna,
2004,municipalities,Partur av sætum hjá kvinnum,Skálavíkar kommuna,20.0
2004,municipalities,Partur av sætum hjá kvinnum,Skopunar kommuna,40.0
2004,municipalities,Partur av sætum hjá kvinnum,Skúgvoyar kommuna,33.3
2004,municipalities,Partur av sætum hjá kvinnum,Sørvágs kommuna,28.6
2004,municipalities,Partur av sætum hjá kvinnum,Sumbiar kommuna,0.0
2004,municipalities,Partur av sætum hjá kvinnum,Sunda kommuna,18.2
2004,municipalities,Partur av sætum hjá kvinnum,Svínoyar kommuna,33.3
2004,municipalities,Partur av sætum hjá kvinnum,Tórshavnar kommuna,46.2
2004,municipalities,Partur av sætum hjá kvinnum,Tvøroyrar kommuna,14.3
2004,municipalities,Partur av sætum hjá kvinnum,Vága kommuna,
2004,municipalities,Partur av sætum hjá kvinnum,Vágs kommuna,22.2
2004,municipalities,Partur av sætum hjá kvinnum,Vestmanna kommuna,14.3
2004,municipalities,Partur av sætum hjá kvinnum,Viðareiðis kommuna,20.0
2004,municipalities,Tal av sætum hjá kvinnum,Allar kommunur,50.0
2004,municipalities,Tal av sætum hjá kvinnum,Bíggjar kommuna,
2004,municipalities,Tal av sætum hjá kvinnum,Eiðis kommuna,1.0
2004,municipalities,Tal av sætum hjá kvinnum,Elduvíkar kommuna,
2004,municipalities,Tal av sætum hjá kvinnum,Eysturkommuna,
2004,municipalities,Tal av sætum hjá kvinnum,Fámjins kommuna,2.0
2004,municipalities,Tal av sætum hjá kvinnum,Fuglafjarðar kommuna,1.0
2004,municipalities,Tal av sætum hjá kvinnum,Fugloyar kommuna,1.0
2004,municipalities,Tal av sætum hjá kvinnum,Funnings kommuna,1.0
2004,municipalities,Tal av sætum hjá kvinnum,Gjáar kommuna,
2004,municipalities,Tal av sætum hjá kvinnum,Gøtu kommuna,3.0
2004,municipalities,Tal av sætum hjá kvinnum,Haldórsvíkar kommuna,
2004,municipalities,Tal av sætum hjá kvinnum,Hests kommuna,
2004,municipalities,Tal av sætum hjá kvinnum,Hósvíkar kommuna,
2004,municipalities,Tal av sætum hjá kvinnum,Hovs kommuna,2.0
2004,municipalities,Tal av sætum hjá kvinnum,Húsa kommuna,1.0
2004,municipalities,Tal av sætum hjá kvinnum,Húsavíkar kommuna,1.0
2004,municipalities,Tal av sætum hjá kvinnum,Hvalbiar kommuna,1.0
2004,municipalities,Tal av sætum hjá kvinnum,Hvalvíkar kommuna,
2004,municipalities,Tal av sætum hjá kvinnum,Hvannasunds kommuna,1.0
2004,municipalities,Tal av sætum hjá kvinnum,Kirkjubøar kommuna,
2004,municipalities,Tal av sætum hjá kvinnum,Klaksvíkar kommuna,3.0
2004,municipalities,Tal av sætum hjá kvinnum,Kunoyar kommuna,1.0
2004,municipalities,Tal av sætum hjá kvinnum,Kvívíkar kommuna,2.0
2004,municipalities,Tal av sætum hjá kvinnum,Leirvíkar kommuna,2.0
2004,municipalities,Tal av sætum hjá kvinnum,Miðvágs kommuna,1.0
2004,municipalities,Tal av sætum hjá kvinnum,Mikladals kommuna,
2004,municipalities,Tal av sætum hjá kvinnum,Mykines kommuna,
2004,municipalities,Tal av sætum hjá kvinnum,Nes kommuna,2.0
2004,municipalities,Tal av sætum hjá kvinnum,Nólsoyar kommuna,
2004,municipalities,Tal av sætum hjá kvinnum,Oyndarfjarðar kommuna,
2004,municipalities,Tal av sætum hjá kvinnum,Porkeris kommuna,1.0
2004,municipalities,Tal av sætum hjá kvinnum,Runavíkar kommuna,0.0
2004,municipalities,Tal av sætum hjá kvinnum,Saksunar kommuna,
2004,municipalities,Tal av sætum hjá kvinnum,Sandavágs kommuna,1.0
2004,municipalities,Tal av sætum hjá kvinnum,Sands kommuna,1.0
2004,municipalities,Tal av sætum hjá kvinnum,Sjóvar kommuna,1.0
2004,municipalities,Tal av sætum hjá kvinnum,Skála kommuna,
2004,municipalities,Tal av sætum hjá kvinnum,Skálavíkar kommuna,1.0
2004,municipalities,Tal av sætum hjá kvinnum,Skopunar kommuna,2.0
2004,municipalities,Tal av sætum hjá kvinnum,Skúgvoyar kommuna,1.0
2004,municipalities,Tal av sætum hjá kvinnum,Sørvágs kommuna,2.0
2004,municipalities,Tal av sætum hjá kvinnum,Sumbiar kommuna,0.0
2004,municipalities,Tal av sætum hjá kvinnum,Sunda kommuna,2.0
2004,municipalities,Tal av sætum hjá kvinnum,Svínoyar kommuna,1.0
2004,municipalities,Tal av sætum hjá kvinnum,Tórshavnar kommuna,6.0
2004,municipalities,Tal av sætum hjá kvinnum,Tvøroyrar kommuna,1.0
2004,municipalities,Tal av sætum hjá kvinnum,Vága kommuna,
2004,municipalities,Tal av sætum hjá kvinnum,Vágs kommuna,2.0
2004,municipalities,Tal av sætum hjá kvinnum,Vestmanna kommuna,1.0
2004,municipalities,Tal av sætum hjá kvinnum,Viðareiðis kommuna,1.0
2004,municipalities,Tal av sætum,Allar kommunur,220.0
2004,municipalities,Tal av sætum,Bíggjar kommuna,
2004,municipalities,Tal av sætum,Eiðis kommuna,7.0
2004,municipalities,Tal av sætum,Elduvíkar kommuna,
2004,municipalities,Tal av sætum,Eysturkommuna,
2004,municipalities,Tal av sætum,Fámjins kommuna,5.0
2004,municipalities,Tal av sætum,Fuglafjarðar kommuna,9.0
2004,municipalities,Tal av sætum,Fugloyar kommuna,3.0
2004,municipalities,Tal av sætum,Funnings kommuna,3.0
2004,municipalities,Tal av sætum,Gjáar kommuna,
2004,municipalities,Tal av sætum,Gøtu kommuna,7.0
2004,municipalities,Tal av sætum,Haldórsvíkar kommuna,
2004,municipalities,Tal av sætum,Hests kommuna,
2004,municipalities,Tal av sætum,Hósvíkar kommuna,
2004,municipalities,Tal av sætum,Hovs kommuna,5.0
2004,municipalities,Tal av sætum,Húsa kommuna,3.0
2004,municipalities,Tal av sætum,Húsavíkar kommuna,5.0
2004,municipalities,Tal av sætum,Hvalbiar kommuna,7.0
2004,municipalities,Tal av sætum,Hvalvíkar kommuna,
2004,municipalities,Tal av sætum,Hvannasunds kommuna,5.0
2004,municipalities,Tal av sætum,Kirkjubøar kommuna,
2004,municipalities,Tal av sætum,Klaksvíkar kommuna,11.0
2004,municipalities,Tal av sætum,Kunoyar kommuna,5.0
2004,municipalities,Tal av sætum,Kvívíkar kommuna,7.0
2004,municipalities,Tal av sætum,Leirvíkar kommuna,7.0
2004,municipalities,Tal av sætum,Miðvágs kommuna,7.0
2004,municipalities,Tal av sætum,Mikladals kommuna,
2004,municipalities,Tal av sætum,Mykines kommuna,
2004,municipalities,Tal av sætum,Nes kommuna,7.0
2004,municipalities,Tal av sætum,Nólsoyar kommuna,
2004,municipalities,Tal av sætum,Oyndarfjarðar kommuna,
2004,municipalities,Tal av sætum,Porkeris kommuna,5.0
2004,municipalities,Tal av sætum,Runavíkar kommuna,11.0
2004,municipalities,Tal av sætum,Saksunar kommuna,
2004,municipalities,Tal av sætum,Sandavágs kommuna,7.0
2004,municipalities,Tal av sætum,Sands kommuna,7.0
2004,municipalities,Tal av sætum,Sjóvar kommuna,7.0
2004,municipalities,Tal av sætum,Skála kommuna,
2004,municipalities,Tal av sætum,Skálavíkar kommuna,5.0
2004,municipalities,Tal av sætum,Skopunar kommuna,5.0
2004,municipalities,Tal av sætum,Skúgvoyar kommuna,3.0
2004,municipalities,Tal av sætum,Sørvágs kommuna,7.0
2004,municipalities,Tal av sætum,Sumbiar kommuna,5.0
2004,municipalities,Tal av sætum,Sunda kommuna,11.0
2004,municipalities,Tal av sætum,Svínoyar kommuna,3.0
2004,municipalities,Tal av sætum,Tórshavnar kommuna,13.0
2004,municipalities,Tal av sætum,Tvøroyrar kommuna,7.0
2004,municipalities,Tal av sætum,Vága kommuna,
2004,municipalities,Tal av sætum,Vágs kommuna,9.0
2004,municipalities,Tal av sætum,Vestmanna kommuna,7.0
2004,municipalities,Tal av sætum,Viðareiðis kommuna,5.0
2008,municipalities,Partur av sætum hjá kvinnum,Allar kommunur,30.8
2008,municipalities,Partur av sætum hjá kvinnum,Bíggjar kommuna,
2008,municipalities,Partur av sætum hjá kvinnum,Eiðis kommuna,14.3
2008,municipalities,Partur av sætum hjá kvinnum,Elduvíkar kommuna,
2008,municipalities,Partur av sætum hjá kvinnum,Eysturkommuna,33.3
2008,municipalities,Partur av sætum hjá kvinnum,Fámjins kommuna,60.0
2008,municipalities,Partur av sætum hjá kvinnum,Fuglafjarðar kommuna,22.2
2008,municipalities,Partur av sætum hjá kvinnum,Fugloyar kommuna,33.3
2008,municipalities,Partur av sætum hjá kvinnum,Funnings kommuna,
2008,municipalities,Partur av sætum hjá kvinnum,Gjáar kommuna,
2008,municipalities,Partur av sætum hjá kvinnum,Gøtu kommuna,
2008,municipalities,Partur av sætum hjá kvinnum,Haldórsvíkar kommuna,
2008,municipalities,Partur av sætum hjá kvinnum,Hests kommuna,
2008,municipalities,Partur av sætum hjá kvinnum,Hósvíkar kommuna,
2008,municipalities,Partur av sætum hjá kvinnum,Hovs kommuna,60.0
2008,municipalities,Partur av sætum hjá kvinnum,Húsa kommuna,33.3
2008,municipalities,Partur av sætum hjá kvinnum,Húsavíkar kommuna,20.0
2008,municipalities,Partur av sætum hjá kvinnum,Hvalbiar kommuna,14.3
2008,municipalities,Partur av sætum hjá kvinnum,Hvalvíkar kommuna,
2008,municipalities,Partur av sætum hjá kvinnum,Hvannasunds kommuna,60.0
2008,municipalities,Partur av sætum hjá kvinnum,Kirkjubøar kommuna,
2008,municipalities,Partur av sætum hjá kvinnum,Klaksvíkar kommuna,36.4
2008,municipalities,Partur av sætum hjá kvinnum,Kunoyar kommuna,40.0
2008,municipalities,Partur av sætum hjá kvinnum,Kvívíkar kommuna,42.9
2008,municipalities,Partur av sætum hjá kvinnum,Leirvíkar kommuna,
2008,municipalities,Partur av sætum hjá kvinnum,Miðvágs kommuna,
2008,municipalities,Partur av sætum hjá kvinnum,Mikladals kommuna,
2008,municipalities,Partur av sætum hjá kvinnum,Mykines kommuna,
2008,municipalities,Partur av sætum hjá kvinnum,Nes kommuna,28.6
2008,municipalities,Partur av sætum hjá kvinnum,Nólsoyar kommuna,
2008,municipalities,Partur av sætum hjá kvinnum,Oyndarfjarðar kommuna,
2008,municipalities,Partur av sætum hjá kvinnum,Porkeris kommuna,20.0
2008,municipalities,Partur av sætum hjá kvinnum,Runavíkar kommuna,27.3
2008,municipalities,Partur av sætum hjá kvinnum,Saksunar kommuna,
2008,municipalities,Partur av sætum hjá kvinnum,Sandavágs kommuna,
2008,municipalities,Partur av sætum hjá kvinnum,Sands kommuna,14.3
2008,municipalities,Partur av sætum hjá kvinnum,Sjóvar kommuna,28.6
2008,municipalities,Partur av sætum hjá kvinnum,Skála kommuna,
2008,municipalities,Partur av sætum hjá kvinnum,Skálavíkar kommuna,20.0
2008,municipalities,Partur av sætum hjá kvinnum,Skopunar kommuna,42.9
2008,municipalities,Partur av sætum hjá kvinnum,Skúgvoyar kommuna,33.3
2008,municipalities,Partur av sætum hjá kvinnum,Sørvágs kommuna,28.6
2008,municipalities,Partur av sætum hjá kvinnum,Sumbiar kommuna,20.0
2008,municipalities,Partur av sætum hjá kvinnum,Sunda kommuna,36.4
2008,municipalities,Partur av sætum hjá kvinnum,Svínoyar kommuna,
2008,municipalities,Partur av sætum hjá kvinnum,Tórshavnar kommuna,30.8
2008,municipalities,Partur av sætum hjá kvinnum,Tvøroyrar kommuna,14.3
2008,municipalities,Partur av sætum hjá kvinnum,Vága kommuna,36.4
2008,municipalities,Partur av sætum hjá kvinnum,Vágs kommuna,33.3
2008,municipalities,Partur av sætum hjá kvinnum,Vestmanna kommuna,42.9
2008,municipalities,Partur av sætum hjá kvinnum,Viðareiðis kommuna,0.0
2008,municipalities,Tal av sætum hjá kvinnum,Allar kommunur,64.0
2008,municipalities,Tal av sætum hjá kvinnum,Bíggjar kommuna,
2008,municipalities,Tal av sætum hjá kvinnum,Eiðis kommuna,1.0
2008,municipalities,Tal av sætum hjá kvinnum,Elduvíkar kommuna,
2008,municipalities,Tal av sætum hjá kvinnum,Eysturkommuna,3.0
2008,municipalities,Tal av sætum hjá kvinnum,Fámjins kommuna,3.0
2008,municipalities,Tal av sætum hjá kvinnum,Fuglafjarðar kommuna,2.0
2008,municipalities,Tal av sætum hjá kvinnum,Fugloyar kommuna,1.0
2008,municipalities,Tal av sætum hjá kvinnum,Funnings kommuna,
2008,municipalities,Tal av sætum hjá kvinnum,Gjáar kommuna,
2008,municipalities,Tal av sætum hjá kvinnum,Gøtu kommuna,
2008,municipalities,Tal av sætum hjá kvinnum,Haldórsvíkar kommuna,
2008,municipalities,Tal av sætum hjá kvinnum,Hests kommuna,
2008,municipalities,Tal av sætum hjá kvinnum,Hósvíkar kommuna,
2008,municipalities,Tal av sætum hjá kvinnum,Hovs kommuna,3.0
2008,municipalities,Tal av sætum hjá kvinnum,Húsa kommuna,1.0
2008,municipalities,Tal av sætum hjá kvinnum,Húsavíkar kommuna,1.0
2008,municipalities,Tal av sætum hjá kvinnum,Hvalbiar kommuna,1.0
2008,municipalities,Tal av sætum hjá kvinnum,Hvalvíkar kommuna,
2008,municipalities,Tal av sætum hjá kvinnum,Hvannasunds kommuna,3.0
2008,municipalities,Tal av sætum hjá kvinnum,Kirkjubøar kommuna,
2008,municipalities,Tal av sætum hjá kvinnum,Klaksvíkar kommuna,4.0
2008,municipalities,Tal av sætum hjá kvinnum,Kunoyar kommuna,2.0
2008,municipalities,Tal av sætum hjá kvinnum,Kvívíkar kommuna,3.0
2008,municipalities,Tal av sætum hjá kvinnum,Leirvíkar kommuna,
2008,municipalities,Tal av sætum hjá kvinnum,Miðvágs kommuna,
2008,municipalities,Tal av sætum hjá kvinnum,Mikladals kommuna,
2008,municipalities,Tal av sætum hjá kvinnum,Mykines kommuna,
2008,municipalities,Tal av sætum hjá kvinnum,Nes kommuna,2.0
2008,municipalities,Tal av sætum hjá kvinnum,Nólsoyar kommuna,
2008,municipalities,Tal av sætum hjá kvinnum,Oyndarfjarðar kommuna,
2008,municipalities,Tal av sætum hjá kvinnum,Porkeris kommuna,1.0
2008,municipalities,Tal av sætum hjá kvinnum,Runavíkar kommuna,3.0
2008,municipalities,Tal av sætum hjá kvinnum,Saksunar kommuna,
2008,municipalities,Tal av sætum hjá kvinnum,Sandavágs kommuna,
2008,municipalities,Tal av sætum hjá kvinnum,Sands kommuna,1.0
2008,municipalities,Tal av sætum hjá kvinnum,Sjóvar kommuna,2.0
2008,municipalities,Tal av sætum hjá kvinnum,Skála kommuna,
2008,municipalities,Tal av sætum hjá kvinnum,Skálavíkar kommuna,1.0
2008,municipalities,Tal av sætum hjá kvinnum,Skopunar kommuna,3.0
2008,municipalities,Tal av sætum hjá kvinnum,Skúgvoyar kommuna,1.0
2008,municipalities,Tal av sætum hjá kvinnum,Sørvágs kommuna,2.0
2008,municipalities,Tal av sætum hjá kvinnum,Sumbiar kommuna,1.0
2008,municipalities,Tal av sætum hjá kvinnum,Sunda kommuna,4.0
2008,municipalities,Tal av sætum hjá kvinnum,Svínoyar kommuna,
2008,municipalities,Tal av sætum hjá kvinnum,Tórshavnar kommuna,4.0
2008,municipalities,Tal av sætum hjá kvinnum,Tvøroyrar kommuna,1.0
2008,municipalities,Tal av sætum hjá kvinnum,Vága kommuna,4.0
2008,municipalities,Tal av sætum hjá kvinnum,Vágs kommuna,3.0
2008,municipalities,Tal av sætum hjá kvinnum,Vestmanna kommuna,3.0
2008,municipalities,Tal av sætum hjá kvinnum,Viðareiðis kommuna,0.0
2008,municipalities,Tal av sætum,Allar kommunur,208.0
2008,municipalities,Tal av sætum,Bíggjar kommuna,
2008,municipalities,Tal av sætum,Eiðis kommuna,7.0
2008,municipalities,Tal av sætum,Elduvíkar kommuna,
2008,municipalities,Tal av sætum,Eysturkommuna,9.0
2008,municipalities,Tal av sætum,Fámjins kommuna,5.0
2008,municipalities,Tal av sætum,Fuglafjarðar kommuna,9.0
2008,municipalities,Tal av sætum,Fugloyar kommuna,3.0
2008,municipalities,Tal av sætum,Funnings kommuna,
2008,municipalities,Tal av sætum,Gjáar kommuna,
2008,municipalities,Tal av sætum,Gøtu kommuna,
2008,municipalities,Tal av sætum,Haldórsvíkar kommuna,
2008,municipalities,Tal av sætum,Hests kommuna,
2008,municipalities,Tal av sætum,Hósvíkar kommuna,
2008,municipalities,Tal av sætum,Hovs kommuna,5.0
2008,municipalities,Tal av sætum,Húsa kommuna,3.0
2008,municipalities,Tal av sætum,Húsavíkar kommuna,5.0
2008,municipalities,Tal av sætum,Hvalbiar kommuna,7.0
2008,municipalities,Tal av sætum,Hvalvíkar kommuna,
2008,municipalities,Tal av sætum,Hvannasunds kommuna,5.0
2008,municipalities,Tal av sætum,Kirkjubøar kommuna,
2008,municipalities,Tal av sætum,Klaksvíkar kommuna,11.0
2008,municipalities,Tal av sætum,Kunoyar kommuna,5.0
2008,municipalities,Tal av sætum,Kvívíkar kommuna,7.0
2008,municipalities,Tal av sætum,Leirvíkar kommuna,
2008,municipalities,Tal av sætum,Miðvágs kommuna,
2008,municipalities,Tal av sætum,Mikladals kommuna,
2008,municipalities,Tal av sætum,Mykines kommuna,
2008,municipalities,Tal av sætum,Nes kommuna,7.0
2008,municipalities,Tal av sætum,Nólsoyar kommuna,
2008,municipalities,Tal av sætum,Oyndarfjarðar kommuna,
2008,municipalities,Tal av sætum,Porkeris kommuna,5.0
2008,municipalities,Tal av sætum,Runavíkar kommuna,11.0
2008,municipalities,Tal av sætum,Saksunar kommuna,
2008,municipalities,Tal av sætum,Sandavágs kommuna,
2008,municipalities,Tal av sætum,Sands kommuna,7.0
2008,municipalities,Tal av sætum,Sjóvar kommuna,7.0
2008,municipalities,Tal av sætum,Skála kommuna,
2008,municipalities,Tal av sætum,Skálavíkar kommuna,5.0
2008,municipalities,Tal av sætum,Skopunar kommuna,7.0
2008,municipalities,Tal av sætum,Skúgvoyar kommuna,3.0
2008,municipalities,Tal av sætum,Sørvágs kommuna,7.0
2008,municipalities,Tal av sætum,Sumbiar kommuna,5.0
2008,municipalities,Tal av sætum,Sunda kommuna,11.0
2008,municipalities,Tal av sætum,Svínoyar kommuna,
2008,municipalities,Tal av sætum,Tórshavnar kommuna,13.0
2008,municipalities,Tal av sætum,Tvøroyrar kommuna,7.0
2008,municipalities,Tal av sætum,Vága kommuna,11.0
2008,municipalities,Tal av sætum,Vágs kommuna,9.0
2008,municipalities,Tal av sætum,Vestmanna kommuna,7.0
2008,municipalities,Tal av sætum,Viðareiðis kommuna,5.0
2012,municipalities,Partur av sætum hjá kvinnum,Allar kommunur,27.8
2012,municipalities,Partur av sætum hjá kvinnum,Bíggjar kommuna,
2012,municipalities,Partur av sætum hjá kvinnum,Eiðis kommuna,14.3
2012,municipalities,Partur av sætum hjá kvinnum,Elduvíkar kommuna,
2012,municipalities,Partur av sætum hjá kvinnum,Eysturkommuna,33.3
2012,municipalities,Partur av sætum hjá kvinnum,Fámjins kommuna,42.9
2012,municipalities,Partur av sætum hjá kvinnum,Fuglafjarðar kommuna,11.1
2012,municipalities,Partur av sætum hjá kvinnum,Fugloyar kommuna,33.3
2012,municipalities,Partur av sætum hjá kvinnum,Funnings kommuna,
2012,municipalities,Partur av sætum hjá kvinnum,Gjáar kommuna,
2012,municipalities,Partur av sætum hjá kvinnum,Gøtu kommuna,
2012,municipalities,Partur av sætum hjá kvinnum,Haldórsvíkar kommuna,
2012,municipalities,Partur av sætum hjá kvinnum,Hests kommuna,
2012,municipalities,Partur av sætum hjá kvinnum,Hósvíkar kommuna,
2012,municipalities,Partur av sætum hjá kvinnum,Hovs kommuna,40.0
2012,municipalities,Partur av sætum hjá kvinnum,Húsa kommuna,
2012,municipalities,Partur av sætum hjá kvinnum,Húsavíkar kommuna,40.0
2012,municipalities,Partur av sætum hjá kvinnum,Hvalbiar kommuna,0.0
2012,municipalities,Partur av sætum hjá kvinnum,Hvalvíkar kommuna,
2012,municipalities,Partur av sætum hjá kvinnum,Hvannasunds kommuna,40.0
2012,municipalities,Partur av sætum hjá kvinnum,Kirkjubøar kommuna,
2012,municipalities,Partur av sætum hjá kvinnum,Klaksvíkar kommuna,45.5
2012,municipalities,Partur av sætum hjá kvinnum,Kunoyar kommuna,40.0
2012,municipalities,Partur av sætum hjá kvinnum,Kvívíkar kommuna,42.9
2012,municipalities,Partur av sætum hjá kvinnum,Leirvíkar kommuna,
2012,municipalities,Partur av sætum hjá kvinnum,Miðvágs kommuna,
2012,municipalities,Partur av sætum hjá kvinnum,Mikladals kommuna,
2012,municipalities,Partur av sætum hjá kvinnum,Mykines kommuna,
2012,municipalities,Partur av sætum hjá kvinnum,Nes kommuna,28.6
2012,municipalities,Partur av sætum hjá kvinnum,Nólsoyar kommuna,
2012,municipalities,Partur av sætum hjá kvinnum,Oyndarfjarðar kommuna,
2012,municipalities,Partur av sætum hjá kvinnum,Porkeris kommuna,20.0
2012,municipalities,Partur av sætum hjá kvinnum,Runavíkar kommuna,9.1
2012,municipalities,Partur av sætum hjá kvinnum,Saksunar kommuna,
2012,municipalities,Partur av sætum hjá kvinnum,Sandavágs kommuna,
2012,municipalities,Partur av sætum hjá kvinnum,Sands kommuna,0.0
2012,municipalities,Partur av sætum hjá kvinnum,Sjóvar kommuna,14.3
2012,municipalities,Partur av sætum hjá kvinnum,Skála kommuna,
2012,municipalities,Partur av sætum hjá kvinnum,Skálavíkar kommuna,60.0
2012,municipalities,Partur av sætum hjá kvinnum,Skopunar kommuna,40.0
2012,municipalities,Partur av sætum hjá kvinnum,Skúgvoyar kommuna,33.3
2012,municipalities,Partur av sætum hjá kvinnum,Sørvágs kommuna,14.3
2012,municipalities,Partur av sætum hjá kvinnum,Sumbiar kommuna,0.0
2012,municipalities,Partur av sætum hjá kvinnum,Sunda kommuna,27.3
2012,municipalities,Partur av sætum hjá kvinnum,Svínoyar kommuna,
2012,municipalities,Partur av sætum hjá kvinnum,Tórshavnar kommuna,46.2
2012,municipalities,Partur av sætum hjá kvinnum,Tvøroyrar kommuna,42.9
2012,municipalities,Partur av sætum hjá kvinnum,Vága kommuna,18.2
2012,municipalities,Partur av sætum hjá kvinnum,Vágs kommuna,33.3
2012,municipalities,Partur av sætum hjá kvinnum,Vestmanna kommuna,42.9
2012,municipalities,Partur av sætum hjá kvinnum,Viðareiðis kommuna,0.0
2012,municipalities,Tal av sætum hjá kvinnum,Allar kommunur,57.0
2012,municipalities,Tal av sætum hjá kvinnum,Bíggjar kommuna,
2012,municipalities,Tal av sætum hjá kvinnum,Eiðis kommuna,1.0
2012,municipalities,Tal av sætum hjá kvinnum,Elduvíkar kommuna,
2012,municipalities,Tal av sætum hjá kvinnum,Eysturkommuna,3.0
2012,municipalities,Tal av sætum hjá kvinnum,Fámjins kommuna,3.0
2012,municipalities,Tal av sætum hjá kvinnum,Fuglafjarðar kommuna,1.0
2012,municipalities,Tal av sætum hjá kvinnum,Fugloyar kommuna,1.0
2012,municipalities,Tal av sætum hjá kvinnum,Funnings kommuna,
2012,municipalities,Tal av sætum hjá kvinnum,Gjáar kommuna,
2012,municipalities,Tal av sætum hjá kvinnum,Gøtu kommuna,
2012,municipalities,Tal av sætum hjá kvinnum,Haldórsvíkar kommuna,
2012,municipalities,Tal av sætum hjá kvinnum,Hests kommuna,
2012,municipalities,Tal av sætum hjá kvinnum,Hósvíkar kommuna,
2012,municipalities,Tal av sætum hjá kvinnum,Hovs kommuna,2.0
2012,municipalities,Tal av sætum hjá kvinnum,Húsa kommuna,
2012,municipalities,Tal av sætum hjá kvinnum,Húsavíkar kommuna,2.0
2012,municipalities,Tal av sætum hjá kvinnum,Hvalbiar kommuna,0.0
2012,municipalities,Tal av sætum hjá kvinnum,Hvalvíkar kommuna,
2012,municipalities,Tal av sætum hjá kvinnum,Hvannasunds kommuna,2.0
2012,municipalities,Tal av sætum hjá kvinnum,Kirkjubøar kommuna,
2012,municipalities,Tal av sætum hjá kvinnum,Klaksvíkar kommuna,5.0
2012,municipalities,Tal av sætum hjá kvinnum,Kunoyar kommuna,2.0
2012,municipalities,Tal av sætum hjá kvinnum,Kvívíkar kommuna,3.0
2012,municipalities,Tal av sætum hjá kvinnum,Leirvíkar kommuna,
2012,municipalities,Tal av sætum hjá kvinnum,Miðvágs kommuna,
2012,municipalities,Tal av sætum hjá kvinnum,Mikladals kommuna,
2012,municipalities,Tal av sætum hjá kvinnum,Mykines kommuna,
2012,municipalities,Tal av sætum hjá kvinnum,Nes kommuna,2.0
2012,municipalities,Tal av sætum hjá kvinnum,Nólsoyar kommuna,
2012,municipalities,Tal av sætum hjá kvinnum,Oyndarfjarðar kommuna,
2012,municipalities,Tal av sætum hjá kvinnum,Porkeris kommuna,1.0
2012,municipalities,Tal av sætum hjá kvinnum,Runavíkar kommuna,1.0
2012,municipalities,Tal av sætum hjá kvinnum,Saksunar kommuna,
2012,municipalities,Tal av sætum hjá kvinnum,Sandavágs kommuna,
2012,municipalities,Tal av sætum hjá kvinnum,Sands kommuna,0.0
2012,municipalities,Tal av sætum hjá kvinnum,Sjóvar kommuna,1.0
2012,municipalities,Tal av sætum hjá kvinnum,Skála kommuna,
2012,municipalities,Tal av sætum hjá kvinnum,Skálavíkar kommuna,3.0
2012,municipalities,Tal av sætum hjá kvinnum,Skopunar kommuna,2.0
2012,municipalities,Tal av sætum hjá kvinnum,Skúgvoyar kommuna,1.0
2012,municipalities,Tal av sætum hjá kvinnum,Sørvágs kommuna,1.0
2012,municipalities,Tal av sætum hjá kvinnum,Sumbiar kommuna,0.0
2012,municipalities,Tal av sætum hjá kvinnum,Sunda kommuna,3.0
2012,municipalities,Tal av sætum hjá kvinnum,Svínoyar kommuna,
2012,municipalities,Tal av sætum hjá kvinnum,Tórshavnar kommuna,6.0
2012,municipalities,Tal av sætum hjá kvinnum,Tvøroyrar kommuna,3.0
2012,municipalities,Tal av sætum hjá kvinnum,Vága kommuna,2.0
2012,municipalities,Tal av sætum hjá kvinnum,Vágs kommuna,3.0
2012,municipalities,Tal av sætum hjá kvinnum,Vestmanna kommuna,3.0
2012,municipalities,Tal av sætum hjá kvinnum,Viðareiðis kommuna,0.0
2012,municipalities,Tal av sætum,Allar kommunur,205.0
2012,municipalities,Tal av sætum,Bíggjar kommuna,
2012,municipalities,Tal av sætum,Eiðis kommuna,7.0
2012,municipalities,Tal av sætum,Elduvíkar kommuna,
2012,municipalities,Tal av sætum,Eysturkommuna,9.0
2012,municipalities,Tal av sætum,Fámjins kommuna,7.0
2012,municipalities,Tal av sætum,Fuglafjarðar kommuna,9.0
2012,municipalities,Tal av sætum,Fugloyar kommuna,3.0
2012,municipalities,Tal av sætum,Funnings kommuna,
2012,municipalities,Tal av sætum,Gjáar kommuna,
2012,municipalities,Tal av sætum,Gøtu kommuna,
2012,municipalities,Tal av sætum,Haldórsvíkar kommuna,
2012,municipalities,Tal av sætum,Hests kommuna,
2012,municipalities,Tal av sætum,Hósvíkar kommuna,
2012,municipalities,Tal av sætum,Hovs kommuna,5.0
2012,municipalities,Tal av sætum,Húsa kommuna,
2012,municipalities,Tal av sætum,Húsavíkar kommuna,5.0
2012,municipalities,Tal av sætum,Hvalbiar kommuna,7.0
2012,municipalities,Tal av sætum,Hvalvíkar kommuna,
2012,municipalities,Tal av sætum,Hvannasunds kommuna,5.0
2012,municipalities,Tal av sætum,Kirkjubøar kommuna,
2012,municipalities,Tal av sætum,Klaksvíkar kommuna,11.0
2012,municipalities,Tal av sætum,Kunoyar kommuna,5.0
2012,municipalities,Tal av sætum,Kvívíkar kommuna,7.0
2012,municipalities,Tal av sætum,Leirvíkar kommuna,
2012,municipalities,Tal av sætum,Miðvágs kommuna,
2012,municipalities,Tal av sætum,Mikladals kommuna,
2012,municipalities,Tal av sætum,Mykines kommuna,
2012,municipalities,Tal av sætum,Nes kommuna,7.0
2012,municipalities,Tal av sætum,Nólsoyar kommuna,
2012,municipalities,Tal av sætum,Oyndarfjarðar kommuna,
2012,municipalities,Tal av sætum,Porkeris kommuna,5.0
2012,municipalities,Tal av sætum,Runavíkar kommuna,11.0
2012,municipalities,Tal av sætum,Saksunar kommuna,
2012,municipalities,Tal av sætum,Sandavágs kommuna,
2012,municipalities,Tal av sætum,Sands kommuna,7.0
2012,municipalities,Tal av sætum,Sjóvar kommuna,7.0
2012,municipalities,Tal av sætum,Skála kommuna,
2012,municipalities,Tal av sætum,Skálavíkar kommuna,5.0
2012,municipalities,Tal av sætum,Skopunar kommuna,5.0
2012,municipalities,Tal av sætum,Skúgvoyar kommuna,3.0
2012,municipalities,Tal av sætum,Sørvágs kommuna,7.0
2012,municipalities,Tal av sætum,Sumbiar kommuna,5.0
2012,municipalities,Tal av sætum,Sunda kommuna,11.0
2012,municipalities,Tal av sætum,Svínoyar kommuna,
2012,municipalities,Tal av sætum,Tórshavnar kommuna,13.0
2012,municipalities,Tal av sætum,Tvøroyrar kommuna,7.0
2012,municipalities,Tal av sætum,Vága kommuna,11.0
2012,municipalities,Tal av sætum,Vágs kommuna,9.0
2012,municipalities,Tal av sætum,Vestmanna kommuna,7.0
2012,municipalities,Tal av sætum,Viðareiðis kommuna,5.0
2016,municipalities,Partur av sætum hjá kvinnum,Allar kommunur,33.8
2016,municipalities,Partur av sætum hjá kvinnum,Bíggjar kommuna,
2016,municipalities,Partur av sætum hjá kvinnum,Eiðis kommuna,14.3
2016,municipalities,Partur av sætum hjá kvinnum,Elduvíkar kommuna,
2016,municipalities,Partur av sætum hjá kvinnum,Eysturkommuna,22.2
2016,municipalities,Partur av sætum hjá kvinnum,Fámjins kommuna,0.0
2016,municipalities,Partur av sætum hjá kvinnum,Fuglafjarðar kommuna,11.1
2016,municipalities,Partur av sætum hjá kvinnum,Fugloyar kommuna,66.7
2016,municipalities,Partur av sætum hjá kvinnum,Funnings kommuna,
2016,municipalities,Partur av sætum hjá kvinnum,Gjáar kommuna,
2016,municipalities,Partur av sætum hjá kvinnum,Gøtu kommuna,
2016,municipalities,Partur av sætum hjá kvinnum,Haldórsvíkar kommuna,
2016,municipalities,Partur av sætum hjá kvinnum,Hests kommuna,
2016,municipalities,Partur av sætum hjá kvinnum,Hósvíkar kommuna,
2016,municipalities,Partur av sætum hjá kvinnum,Hovs kommuna,40.0
2016,municipalities,Partur av sætum hjá kvinnum,Húsa kommuna,
2016,municipalities,Partur av sætum hjá kvinnum,Húsavíkar kommuna,60.0
2016,municipalities,Partur av sætum hjá kvinnum,Hvalbiar kommuna,28.6
2016,municipalities,Partur av sætum hjá kvinnum,Hvalvíkar kommuna,
2016,municipalities,Partur av sætum hjá kvinnum,Hvannasunds kommuna,40.0
2016,municipalities,Partur av sætum hjá kvinnum,Kirkjubøar kommuna,
2016,municipalities,Partur av sætum hjá kvinnum,Klaksvíkar kommuna,36.4
2016,municipalities,Partur av sætum hjá kvinnum,Kunoyar kommuna,40.0
2016,municipalities,Partur av sætum hjá kvinnum,Kvívíkar kommuna,42.9
2016,municipalities,Partur av sætum hjá kvinnum,Leirvíkar kommuna,
2016,municipalities,Partur av sætum hjá kvinnum,Miðvágs kommuna,
2016,municipalities,Partur av sætum hjá kvinnum,Mikladals kommuna,
2016,municipalities,Partur av sætum hjá kvinnum,Mykines kommuna,
2016,municipalities,Partur av sætum hjá kvinnum,Nes kommuna,14.3
2016,municipalities,Partur av sætum hjá kvinnum,Nólsoyar kommuna,
2016,municipalities,Partur av sætum hjá kvinnum,Oyndarfjarðar kommuna,
2016,municipalities,Partur av sætum hjá kvinnum,Porkeris kommuna,40.0
2016,municipalities,Partur av sætum hjá kvinnum,Runavíkar kommuna,27.3
2016,municipalities,Partur av sætum hjá kvinnum,Saksunar kommuna,
2016,municipalities,Partur av sætum hjá kvinnum,Sandavágs kommuna,
2016,municipalities,Partur av sætum hjá kvinnum,Sands kommuna,14.3
2016,municipalities,Partur av sætum hjá kvinnum,Sjóvar kommuna,14.3
2016,municipalities,Partur av sætum hjá kvinnum,Skála kommuna,
2016,municipalities,Partur av sætum hjá kvinnum,Skálavíkar kommuna,60.0
2016,municipalities,Partur av sætum hjá kvinnum,Skopunar kommuna,40.0
2016,municipalities,Partur av sætum hjá kvinnum,Skúgvoyar kommuna,0.0
2016,municipalities,Partur av sætum hjá kvinnum,Sørvágs kommuna,57.1
2016,municipalities,Partur av sætum hjá kvinnum,Sumbiar kommuna,0.0
2016,municipalities,Partur av sætum hjá kvinnum,Sunda kommuna,36.4
2016,municipalities,Partur av sætum hjá kvinnum,Svínoyar kommuna,
2016,municipalities,Partur av sætum hjá kvinnum,Tórshavnar kommuna,61.5
2016,municipalities,Partur av sætum hjá kvinnum,Tvøroyrar kommuna,42.9
2016,municipalities,Partur av sætum hjá kvinnum,Vága kommuna,27.3
2016,municipalities,Partur av sætum hjá kvinnum,Vágs kommuna,44.4
2016,municipalities,Partur av sætum hjá kvinnum,Vestmanna kommuna,42.9
2016,municipalities,Partur av sætum hjá kvinnum,Viðareiðis kommuna,40.0
2016,municipalities,Tal av sætum hjá kvinnum,Allar kommunur,68.0
2016,municipalities,Tal av sætum hjá kvinnum,Bíggjar kommuna,
2016,municipalities,Tal av sætum hjá kvinnum,Eiðis kommuna,1.0
2016,municipalities,Tal av sætum hjá kvinnum,Elduvíkar kommuna,
2016,municipalities,Tal av sætum hjá kvinnum,Eysturkommuna,2.0
2016,municipalities,Tal av sætum hjá kvinnum,Fámjins kommuna,0.0
2016,municipalities,Tal av sætum hjá kvinnum,Fuglafjarðar kommuna,1.0
2016,municipalities,Tal av sætum hjá kvinnum,Fugloyar kommuna,2.0
2016,municipalities,Tal av sætum hjá kvinnum,Funnings kommuna,
2016,municipalities,Tal av sætum hjá kvinnum,Gjáar kommuna,
2016,municipalities,Tal av sætum hjá kvinnum,Gøtu kommuna,
2016,municipalities,Tal av sætum hjá kvinnum,Haldórsvíkar kommuna,
2016,municipalities,Tal av sætum hjá kvinnum,Hests kommuna,
2016,municipalities,Tal av sætum hjá kvinnum,Hósvíkar kommuna,
2016,municipalities,Tal av sætum hjá kvinnum,Hovs kommuna,2.0
2016,municipalities,Tal av sætum hjá kvinnum,Húsa kommuna,
2016,municipalities,Tal av sætum hjá kvinnum,Húsavíkar kommuna,3.0
2016,municipalities,Tal av sætum hjá kvinnum,Hvalbiar kommuna,2.0
2016,municipalities,Tal av sætum hjá kvinnum,Hvalvíkar kommuna,
2016,municipalities,Tal av sætum hjá kvinnum,Hvannasunds kommuna,2.0
2016,municipalities,Tal av sætum hjá kvinnum,Kirkjubøar kommuna,
2016,municipalities,Tal av sætum hjá kvinnum,Klaksvíkar kommuna,4.0
2016,municipalities,Tal av sætum hjá kvinnum,Kunoyar kommuna,2.0
2016,municipalities,Tal av sætum hjá kvinnum,Kvívíkar kommuna,3.0
2016,municipalities,Tal av sætum hjá kvinnum,Leirvíkar kommuna,
2016,municipalities,Tal av sætum hjá kvinnum,Miðvágs kommuna,
2016,municipalities,Tal av sætum hjá kvinnum,Mikladals kommuna,
2016,municipalities,Tal av sætum hjá kvinnum,Mykines kommuna,
2016,municipalities,Tal av sætum hjá kvinnum,Nes kommuna,1.0
2016,municipalities,Tal av sætum hjá kvinnum,Nólsoyar kommuna,
2016,municipalities,Tal av sætum hjá kvinnum,Oyndarfjarðar kommuna,
2016,municipalities,Tal av sætum hjá kvinnum,Porkeris kommuna,2.0
2016,municipalities,Tal av sætum hjá kvinnum,Runavíkar kommuna,3.0
2016,municipalities,Tal av sætum hjá kvinnum,Saksunar kommuna,
2016,municipalities,Tal av sætum hjá kvinnum,Sandavágs kommuna,
2016,municipalities,Tal av sætum hjá kvinnum,Sands kommuna,1.0
2016,municipalities,Tal av sætum hjá kvinnum,Sjóvar kommuna,1.0
2016,municipalities,Tal av sætum hjá kvinnum,Skála kommuna,
2016,municipalities,Tal av sætum hjá kvinnum,Skálavíkar kommuna,3.0
2016,municipalities,Tal av sætum hjá kvinnum,Skopunar kommuna,2.0
2016,municipalities,Tal av sætum hjá kvinnum,Skúgvoyar kommuna,0.0
2016,municipalities,Tal av sætum hjá kvinnum,Sørvágs kommuna,4.0
2016,municipalities,Tal av sætum hjá kvinnum,Sumbiar kommuna,0.0
2016,municipalities,Tal av sætum hjá kvinnum,Sunda kommuna,4.0
2016,municipalities,Tal av sætum hjá kvinnum,Svínoyar kommuna,
2016,municipalities,Tal av sætum hjá kvinnum,Tórshavnar kommuna,8.0
2016,municipalities,Tal av sætum hjá kvinnum,Tvøroyrar kommuna,3.0
2016,municipalities,Tal av sætum hjá kvinnum,Vága kommuna,3.0
2016,municipalities,Tal av sætum hjá kvinnum,Vágs kommuna,4.0
2016,municipalities,Tal av sætum hjá kvinnum,Vestmanna kommuna,3.0
2016,municipalities,Tal av sætum hjá kvinnum,Viðareiðis kommuna,2.0
2016,municipalities,Tal av sætum,Allar kommunur,201.0
2016,municipalities,Tal av sætum,Bíggjar kommuna,
2016,municipalities,Tal av sætum,Eiðis kommuna,7.0
2016,municipalities,Tal av sætum,Elduvíkar kommuna,
2016,municipalities,Tal av sætum,Eysturkommuna,9.0
2016,municipalities,Tal av sætum,Fámjins kommuna,3.0
2016,municipalities,Tal av sætum,Fuglafjarðar kommuna,9.0
2016,municipalities,Tal av sætum,Fugloyar kommuna,3.0
2016,municipalities,Tal av sætum,Funnings kommuna,
2016,municipalities,Tal av sætum,Gjáar kommuna,
2016,municipalities,Tal av sætum,Gøtu kommuna,
2016,municipalities,Tal av sætum,Haldórsvíkar kommuna,
2016,municipalities,Tal av sætum,Hests kommuna,
2016,municipalities,Tal av sætum,Hósvíkar kommuna,
2016,municipalities,Tal av sætum,Hovs kommuna,5.0
2016,municipalities,Tal av sætum,Húsa kommuna,
2016,municipalities,Tal av sætum,Húsavíkar kommuna,5.0
2016,municipalities,Tal av sætum,Hvalbiar kommuna,7.0
2016,municipalities,Tal av sætum,Hvalvíkar kommuna,
2016,municipalities,Tal av sætum,Hvannasunds kommuna,5.0
2016,municipalities,Tal av sætum,Kirkjubøar kommuna,
2016,municipalities,Tal av sætum,Klaksvíkar kommuna,11.0
2016,municipalities,Tal av sætum,Kunoyar kommuna,5.0
2016,municipalities,Tal av sætum,Kvívíkar kommuna,7.0
2016,municipalities,Tal av sætum,Leirvíkar kommuna,
2016,municipalities,Tal av sætum,Miðvágs kommuna,
2016,municipalities,Tal av sætum,Mikladals kommuna,
2016,municipalities,Tal av sætum,Mykines kommuna,
2016,municipalities,Tal av sætum,Nes kommuna,7.0
2016,municipalities,Tal av sætum,Nólsoyar kommuna,
2016,municipalities,Tal av sætum,Oyndarfjarðar kommuna,
2016,municipalities,Tal av sætum,Porkeris kommuna,5.0
2016,municipalities,Tal av sætum,Runavíkar kommuna,11.0
2016,municipalities,Tal av sætum,Saksunar kommuna,
2016,municipalities,Tal av sætum,Sandavágs kommuna,
2016,municipalities,Tal av sætum,Sands kommuna,7.0
2016,municipalities,Tal av sætum,Sjóvar kommuna,7.0
2016,municipalities,Tal av sætum,Skála kommuna,
2016,municipalities,Tal av sætum,Skálavíkar kommuna,5.0
2016,municipalities,Tal av sætum,Skopunar kommuna,5.0
2016,municipalities,Tal av sætum,Skúgvoyar kommuna,3.0
2016,municipalities,Tal av sætum,Sørvágs kommuna,7.0
2016,municipalities,Tal av sætum,Sumbiar kommuna,5.0
2016,municipalities,Tal av sætum,Sunda kommuna,11.0
2016,municipalities,Tal av sætum,Svínoyar kommuna,
2016,municipalities,Tal av sætum,Tórshavnar kommuna,13.0
2016,municipalities,Tal av sætum,Tvøroyrar kommuna,7.0
2016,municipalities,Tal av sætum,Vága kommuna,11.0
2016,municipalities,Tal av sætum,Vágs kommuna,9.0
2016,municipalities,Tal av sætum,Vestmanna kommuna,7.0
2016,municipalities,Tal av sætum,Viðareiðis kommuna,5.0
2020,municipalities,Partur av sætum hjá kvinnum,Allar kommunur,35.7
2020,municipalities,Partur av sætum hjá kvinnum,Bíggjar kommuna,
2020,municipalities,Partur av sætum hjá kvinnum,Eiðis kommuna,57.1
2020,municipalities,Partur av sætum hjá kvinnum,Elduvíkar kommuna,
2020,municipalities,Partur av sætum hjá kvinnum,Eysturkommuna,44.4
2020,municipalities,Partur av sætum hjá kvinnum,Fámjins kommuna,0.0
2020,municipalities,Partur av sætum hjá kvinnum,Fuglafjarðar kommuna,22.2
2020,municipalities,Partur av sætum hjá kvinnum,Fugloyar kommuna,66.7
2020,municipalities,Partur av sætum hjá kvinnum,Funnings kommuna,
2020,municipalities,Partur av sætum hjá kvinnum,Gjáar kommuna,
2020,municipalities,Partur av sætum hjá kvinnum,Gøtu kommuna,
2020,municipalities,Partur av sætum hjá kvinnum,Haldórsvíkar kommuna,
2020,municipalities,Partur av sætum hjá kvinnum,Hests kommuna,
2020,municipalities,Partur av sætum hjá kvinnum,Hósvíkar kommuna,
2020,municipalities,Partur av sætum hjá kvinnum,Hovs kommuna,33.3
2020,municipalities,Partur av sætum hjá kvinnum,Húsa kommuna,
2020,municipalities,Partur av sætum hjá kvinnum,Húsavíkar kommuna,40.0
2020,municipalities,Partur av sætum hjá kvinnum,Hvalbiar kommuna,28.6
2020,municipalities,Partur av sætum hjá kvinnum,Hvalvíkar kommuna,
2020,municipalities,Partur av sætum hjá kvinnum,Hvannasunds kommuna,80.0
2020,municipalities,Partur av sætum hjá kvinnum,Kirkjubøar kommuna,
2020,municipalities,Partur av sætum hjá kvinnum,Klaksvíkar kommuna,36.4
2020,municipalities,Partur av sætum hjá kvinnum,Kunoyar kommuna,20.0
2020,municipalities,Partur av sætum hjá kvinnum,Kvívíkar kommuna,42.9
2020,municipalities,Partur av sætum hjá kvinnum,Leirvíkar kommuna,
2020,municipalities,Partur av sætum hjá kvinnum,Miðvágs kommuna,
2020,municipalities,Partur av sætum hjá kvinnum,Mikladals kommuna,
2020,municipalities,Partur av sætum hjá kvinnum,Mykines kommuna,
2020,municipalities,Partur av sætum hjá kvinnum,Nes kommuna,28.6
2020,municipalities,Partur av sætum hjá kvinnum,Nólsoyar kommuna,
2020,municipalities,Partur av sætum hjá kvinnum,Oyndarfjarðar kommuna,
2020,municipalities,Partur av sætum hjá kvinnum,Porkeris kommuna,40.0
2020,municipalities,Partur av sætum hjá kvinnum,Runavíkar kommuna,36.4
2020,municipalities,Partur av sætum hjá kvinnum,Saksunar kommuna,
2020,municipalities,Partur av sætum hjá kvinnum,Sandavágs kommuna,
2020,municipalities,Partur av sætum hjá kvinnum,Sands kommuna,42.9
2020,municipalities,Partur av sætum hjá kvinnum,Sjóvar kommuna,0.0
2020,municipalities,Partur av sætum hjá kvinnum,Skála kommuna,
2020,municipalities,Partur av sætum hjá kvinnum,Skálavíkar kommuna,20.0
2020,municipalities,Partur av sætum hjá kvinnum,Skopunar kommuna,40.0
2020,municipalities,Partur av sætum hjá kvinnum,Skúgvoyar kommuna,0.0
2020,municipalities,Partur av sætum hjá kvinnum,Sørvágs kommuna,28.6
2020,municipalities,Partur av sætum hjá kvinnum,Sumbiar kommuna,40.0
2020,municipalities,Partur av sætum hjá kvinnum,Sunda kommuna,9.1
2020,municipalities,Partur av sætum hjá kvinnum,Svínoyar kommuna,
2020,municipalities,Partur av sætum hjá kvinnum,Tórshavnar kommuna,53.8
2020,municipalities,Partur av sætum hjá kvinnum,Tvøroyrar kommuna,42.9
2020,municipalities,Partur av sætum hjá kvinnum,Vága kommuna,45.5
2020,municipalities,Partur av sætum hjá kvinnum,Vágs kommuna,33.3
2020,municipalities,Partur av sætum hjá kvinnum,Vestmanna kommuna,57.1
2020,municipalities,Partur av sætum hjá kvinnum,Viðareiðis kommuna,20.0
2020,municipalities,Tal av sætum hjá kvinnum,Allar kommunur,71.0
2020,municipalities,Tal av sætum hjá kvinnum,Bíggjar kommuna,
2020,municipalities,Tal av sætum hjá kvinnum,Eiðis kommuna,4.0
2020,municipalities,Tal av sætum hjá kvinnum,Elduvíkar kommuna,
2020,municipalities,Tal av sætum hjá kvinnum,Eysturkommuna,4.0
2020,municipalities,Tal av sætum hjá kvinnum,Fámjins kommuna,0.0
2020,municipalities,Tal av sætum hjá kvinnum,Fuglafjarðar kommuna,2.0
2020,municipalities,Tal av sætum hjá kvinnum,Fugloyar kommuna,2.0
2020,municipalities,Tal av sætum hjá kvinnum,Funnings kommuna,
2020,municipalities,Tal av sætum hjá kvinnum,Gjáar kommuna,
2020,municipalities,Tal av sætum hjá kvinnum,Gøtu kommuna,
2020,municipalities,Tal av sætum hjá kvinnum,Haldórsvíkar kommuna,
2020,municipalities,Tal av sætum hjá kvinnum,Hests kommuna,
2020,municipalities,Tal av sætum hjá kvinnum,Hósvíkar kommuna,
2020,municipalities,Tal av sætum hjá kvinnum,Hovs kommuna,1.0
2020,municipalities,Tal av sætum hjá kvinnum,Húsa kommuna,
2020,municipalities,Tal av sætum hjá kvinnum,Húsavíkar kommuna,2.0
2020,municipalities,Tal av sætum hjá kvinnum,Hvalbiar kommuna,2.0
2020,municipalities,Tal av sætum hjá kvinnum,Hvalvíkar kommuna,
2020,municipalities,Tal av sætum hjá kvinnum,Hvannasunds kommuna,4.0
2020,municipalities,Tal av sætum hjá kvinnum,Kirkjubøar kommuna,
2020,municipalities,Tal av sætum hjá kvinnum,Klaksvíkar kommuna,4.0
2020,municipalities,Tal av sætum hjá kvinnum,Kunoyar kommuna,1.0
2020,municipalities,Tal av sætum hjá kvinnum,Kvívíkar kommuna,3.0
2020,municipalities,Tal av sætum hjá kvinnum,Leirvíkar kommuna,
2020,municipalities,Tal av sætum hjá kvinnum,Miðvágs kommuna,
2020,municipalities,Tal av sætum hjá kvinnum,Mikladals kommuna,
2020,municipalities,Tal av sætum hjá kvinnum,Mykines kommuna,
2020,municipalities,Tal av sætum hjá kvinnum,Nes kommuna,2.0
2020,municipalities,Tal av sætum hjá kvinnum,Nólsoyar kommuna,
2020,municipalities,Tal av sætum hjá kvinnum,Oyndarfjarðar kommuna,
2020,municipalities,Tal av sætum hjá kvinnum,Porkeris kommuna,2.0
2020,municipalities,Tal av sætum hjá kvinnum,Runavíkar kommuna,4.0
2020,municipalities,Tal av sætum hjá kvinnum,Saksunar kommuna,
2020,municipalities,Tal av sætum hjá kvinnum,Sandavágs kommuna,
2020,municipalities,Tal av sætum hjá kvinnum,Sands kommuna,3.0
2020,municipalities,Tal av sætum hjá kvinnum,Sjóvar kommuna,0.0
2020,municipalities,Tal av sætum hjá kvinnum,Skála kommuna,
2020,municipalities,Tal av sætum hjá kvinnum,Skálavíkar kommuna,1.0
2020,municipalities,Tal av sætum hjá kvinnum,Skopunar kommuna,2.0
2020,municipalities,Tal av sætum hjá kvinnum,Skúgvoyar kommuna,0.0
2020,municipalities,Tal av sætum hjá kvinnum,Sørvágs kommuna,2.0
2020,municipalities,Tal av sætum hjá kvinnum,Sumbiar kommuna,2.0
2020,municipalities,Tal av sætum hjá kvinnum,Sunda kommuna,1.0
2020,municipalities,Tal av sætum hjá kvinnum,Svínoyar kommuna,
2020,municipalities,Tal av sætum hjá kvinnum,Tórshavnar kommuna,7.0
2020,municipalities,Tal av sætum hjá kvinnum,Tvøroyrar kommuna,3.0
2020,municipalities,Tal av sætum hjá kvinnum,Vága kommuna,5.0
2020,municipalities,Tal av sætum hjá kvinnum,Vágs kommuna,3.0
2020,municipalities,Tal av sætum hjá kvinnum,Vestmanna kommuna,4.0
2020,municipalities,Tal av sætum hjá kvinnum,Viðareiðis kommuna,1.0
2020,municipalities,Tal av sætum,Allar kommunur,199.0
2020,municipalities,Tal av sætum,Bíggjar kommuna,
2020,municipalities,Tal av sætum,Eiðis kommuna,7.0
2020,municipalities,Tal av sætum,Elduvíkar kommuna,
2020,municipalities,Tal av sætum,Eysturkommuna,9.0
2020,municipalities,Tal av sætum,Fámjins kommuna,3.0
2020,municipalities,Tal av sætum,Fuglafjarðar kommuna,9.0
2020,municipalities,Tal av sætum,Fugloyar kommuna,3.0
2020,municipalities,Tal av sætum,Funnings kommuna,
2020,municipalities,Tal av sætum,Gjáar kommuna,
2020,municipalities,Tal av sætum,Gøtu kommuna,
2020,municipalities,Tal av sætum,Haldórsvíkar kommuna,
2020,municipalities,Tal av sætum,Hests kommuna,
2020,municipalities,Tal av sætum,Hósvíkar kommuna,
2020,municipalities,Tal av sætum,Hovs kommuna,3.0
2020,municipalities,Tal av sætum,Húsa kommuna,
2020,municipalities,Tal av sætum,Húsavíkar kommuna,5.0
2020,municipalities,Tal av sætum,Hvalbiar kommuna,7.0
2020,municipalities,Tal av sætum,Hvalvíkar kommuna,
2020,municipalities,Tal av sætum,Hvannasunds kommuna,5.0
2020,municipalities,Tal av sætum,Kirkjubøar kommuna,
2020,municipalities,Tal av sætum,Klaksvíkar kommuna,11.0
2020,municipalities,Tal av sætum,Kunoyar kommuna,5.0
2020,municipalities,Tal av sætum,Kvívíkar kommuna,7.0
2020,municipalities,Tal av sætum,Leirvíkar kommuna,
2020,municipalities,Tal av sætum,Miðvágs kommuna,
2020,municipalities,Tal av sætum,Mikladals kommuna,
2020,municipalities,Tal av sætum,Mykines kommuna,
2020,municipalities,Tal av sætum,Nes kommuna,7.0
2020,municipalities,Tal av sætum,Nólsoyar kommuna,
2020,municipalities,Tal av sætum,Oyndarfjarðar kommuna,
2020,municipalities,Tal av sætum,Porkeris kommuna,5.0
2020,municipalities,Tal av sætum,Runavíkar kommuna,11.0
2020,municipalities,Tal av sætum,Saksunar kommuna,
2020,municipalities,Tal av sætum,Sandavágs kommuna,
2020,municipalities,Tal av sætum,Sands kommuna,7.0
2020,municipalities,Tal av sætum,Sjóvar kommuna,7.0
2020,municipalities,Tal av sætum,Skála kommuna,
2020,municipalities,Tal av sætum,Skálavíkar kommuna,5.0
2020,municipalities,Tal av sætum,Skopunar kommuna,5.0
2020,municipalities,Tal av sætum,Skúgvoyar kommuna,3.0
2020,municipalities,Tal av sætum,Sørvágs kommuna,7.0
2020,municipalities,Tal av sætum,Sumbiar kommuna,5.0
2020,municipalities,Tal av sætum,Sunda kommuna,11.0
2020,municipalities,Tal av sætum,Svínoyar kommuna,
2020,municipalities,Tal av sætum,Tórshavnar kommuna,13.0
2020,municipalities,Tal av sætum,Tvøroyrar kommuna,7.0
2020,municipalities,Tal av sætum,Vága kommuna,11.0
2020,municipalities,Tal av sætum,Vágs kommuna,9.0
2020,municipalities,Tal av sætum,Vestmanna kommuna,7.0
2020,municipalities,Tal av sætum,Viðareiðis kommuna,5.0
