Year,data.energysource,Value
2000,data.totalrenewable,704.8
2000,data.hydro,701.4
2000,data.wind,3.3
2000,data.solar,0.0
2000,data.ocean,0.0
2000,data.biofuel,0.0
2000,data.geothermal,0.0
2001,data.totalrenewable,694.2
2001,data.hydro,690.9
2001,data.wind,3.3
2001,data.solar,0.0
2001,data.ocean,0.0
2001,data.biofuel,0.0
2001,data.geothermal,0.0
2002,data.totalrenewable,682.3
2002,data.hydro,679.1
2002,data.wind,3.2
2002,data.solar,0.0
2002,data.ocean,0.0
2002,data.biofuel,0.0
2002,data.geothermal,0.0
2003,data.totalrenewable,713.2
2003,data.hydro,668.2
2003,data.wind,45.0
2003,data.solar,0.0
2003,data.ocean,0.0
2003,data.biofuel,0.0
2003,data.geothermal,0.0
2004,data.totalrenewable,704.2
2004,data.hydro,659.7
2004,data.wind,44.5
2004,data.solar,0.0
2004,data.ocean,0.0
2004,data.biofuel,0.0
2004,data.geothermal,0.0
2005,data.totalrenewable,740.5
2005,data.hydro,655.3
2005,data.wind,85.2
2005,data.solar,0.0
2005,data.ocean,0.0
2005,data.biofuel,0.0
2005,data.geothermal,0.0
2006,data.totalrenewable,740.7
2006,data.hydro,655.5
2006,data.wind,85.3
2006,data.solar,0.0
2006,data.ocean,0.0
2006,data.biofuel,0.0
2006,data.geothermal,0.0
2007,data.totalrenewable,741.0
2007,data.hydro,655.7
2007,data.wind,85.3
2007,data.solar,0.0
2007,data.ocean,0.0
2007,data.biofuel,0.0
2007,data.geothermal,0.0
2008,data.totalrenewable,739.6
2008,data.hydro,654.5
2008,data.wind,85.1
2008,data.solar,0.0
2008,data.ocean,0.0
2008,data.biofuel,0.0
2008,data.geothermal,0.0
2009,data.totalrenewable,737.0
2009,data.hydro,652.2
2009,data.wind,84.8
2009,data.solar,0.0
2009,data.ocean,0.0
2009,data.biofuel,0.0
2009,data.geothermal,0.0
2010,data.totalrenewable,735.6
2010,data.hydro,651.0
2010,data.wind,84.7
2010,data.solar,0.0
2010,data.ocean,0.0
2010,data.biofuel,0.0
2010,data.geothermal,0.0
2011,data.totalrenewable,736.9
2011,data.hydro,652.1
2011,data.wind,84.8
2011,data.solar,0.0
2011,data.ocean,0.0
2011,data.biofuel,0.0
2011,data.geothermal,0.0
2012,data.totalrenewable,991.8
2012,data.hydro,813.6
2012,data.wind,178.2
2012,data.solar,0.0
2012,data.ocean,0.0
2012,data.biofuel,0.0
2012,data.geothermal,0.0
2013,data.totalrenewable,996.0
2013,data.hydro,817.0
2013,data.wind,179.0
2013,data.solar,0.0
2013,data.ocean,0.0
2013,data.biofuel,0.0
2013,data.geothermal,0.0
2014,data.totalrenewable,1239.9
2014,data.hydro,817.5
2014,data.wind,422.5
2014,data.solar,0.0
2014,data.ocean,0.0
2014,data.biofuel,0.0
2014,data.geothermal,0.0
2015,data.totalrenewable,1238.9
2015,data.hydro,812.7
2015,data.wind,420.0
2015,data.solar,0.0
2015,data.ocean,6.2
2015,data.biofuel,0.0
2015,data.geothermal,0.0
2016,data.totalrenewable,1220.4
2016,data.hydro,804.6
2016,data.wind,415.8
2016,data.solar,0.0
2016,data.ocean,0.0
2016,data.biofuel,0.0
2016,data.geothermal,0.0
2017,data.totalrenewable,1205.6
2017,data.hydro,794.8
2017,data.wind,410.8
2017,data.solar,0.0
2017,data.ocean,0.0
2017,data.biofuel,0.0
2017,data.geothermal,0.0
2018,data.totalrenewable,1118.2
2018,data.hydro,792.0
2018,data.wind,326.2
2018,data.solar,0.0
2018,data.ocean,0.0
2018,data.biofuel,0.0
2018,data.geothermal,0.0
2019,data.totalrenewable,1036.2
2019,data.hydro,780.5
2019,data.wind,250.6
2019,data.solar,5.1
2019,data.ocean,0.0
2019,data.biofuel,0.0
2019,data.geothermal,0.0
2020,data.totalrenewable,1149.8
2020,data.hydro,768.1
2020,data.wind,368.6
2020,data.solar,5.0
2020,data.ocean,1.9
2020,data.biofuel,6.2
2020,data.geothermal,0.0
2021,data.totalrenewable,1132.0
2021,data.hydro,756.2
2021,data.wind,362.9
2021,data.solar,5.0
2021,data.ocean,1.9
2021,data.biofuel,6.1
2021,data.geothermal,0.0
