Year,Units,material type,Value
1998,Innlendis tilfarsnýtsla (1.000 tons),,886.67
1998,Innlendis tilfarsnýtsla (1.000 tons),Biomassi,357.44
1998,Innlendis tilfarsnýtsla (1.000 tons),Metalmálmur,2.65
1998,Innlendis tilfarsnýtsla (1.000 tons),Ikki-metalhavin steinsløg,287.8
1998,Innlendis tilfarsnýtsla (1.000 tons),Lívrunnin brennievni og aðrar framleiðslur,238.78
1998,Innlendis tilfarsnýtsla fyri hvønn íbúgva (1.000 tons),,19.93
1998,Innlendis tilfarsnýtsla fyri hvønn íbúgva (1.000 tons),Biomassi,8.03
1998,Innlendis tilfarsnýtsla fyri hvønn íbúgva (1.000 tons),Metalmálmur,0.06
1998,Innlendis tilfarsnýtsla fyri hvønn íbúgva (1.000 tons),Ikki-metalhavin steinsløg,6.47
1998,Innlendis tilfarsnýtsla fyri hvønn íbúgva (1.000 tons),Lívrunnin brennievni og aðrar framleiðslur,5.37
1998,Innlendis tilfarsnýtsla fyri hvørja BTÚ-eind (1.000 tons),,
1998,Innlendis tilfarsnýtsla fyri hvørja BTÚ-eind (1.000 tons),Biomassi,
1998,Innlendis tilfarsnýtsla fyri hvørja BTÚ-eind (1.000 tons),Metalmálmur,
1998,Innlendis tilfarsnýtsla fyri hvørja BTÚ-eind (1.000 tons),Ikki-metalhavin steinsløg,
1998,Innlendis tilfarsnýtsla fyri hvørja BTÚ-eind (1.000 tons),Lívrunnin brennievni og aðrar framleiðslur,
1998,,,
1998,,Biomassi,
1998,,Metalmálmur,
1998,,Ikki-metalhavin steinsløg,
1998,,Lívrunnin brennievni og aðrar framleiðslur,
1999,Innlendis tilfarsnýtsla (1.000 tons),,933.86
1999,Innlendis tilfarsnýtsla (1.000 tons),Biomassi,364.67
1999,Innlendis tilfarsnýtsla (1.000 tons),Metalmálmur,3.85
1999,Innlendis tilfarsnýtsla (1.000 tons),Ikki-metalhavin steinsløg,311.04
1999,Innlendis tilfarsnýtsla (1.000 tons),Lívrunnin brennievni og aðrar framleiðslur,254.3
1999,Innlendis tilfarsnýtsla fyri hvønn íbúgva (1.000 tons),,20.73
1999,Innlendis tilfarsnýtsla fyri hvønn íbúgva (1.000 tons),Biomassi,8.09
1999,Innlendis tilfarsnýtsla fyri hvønn íbúgva (1.000 tons),Metalmálmur,0.09
1999,Innlendis tilfarsnýtsla fyri hvønn íbúgva (1.000 tons),Ikki-metalhavin steinsløg,6.9
1999,Innlendis tilfarsnýtsla fyri hvønn íbúgva (1.000 tons),Lívrunnin brennievni og aðrar framleiðslur,5.64
1999,Innlendis tilfarsnýtsla fyri hvørja BTÚ-eind (1.000 tons),,118.71
1999,Innlendis tilfarsnýtsla fyri hvørja BTÚ-eind (1.000 tons),Biomassi,46.35
1999,Innlendis tilfarsnýtsla fyri hvørja BTÚ-eind (1.000 tons),Metalmálmur,0.49
1999,Innlendis tilfarsnýtsla fyri hvørja BTÚ-eind (1.000 tons),Ikki-metalhavin steinsløg,39.54
1999,Innlendis tilfarsnýtsla fyri hvørja BTÚ-eind (1.000 tons),Lívrunnin brennievni og aðrar framleiðslur,32.33
1999,,,
1999,,Biomassi,
1999,,Metalmálmur,
1999,,Ikki-metalhavin steinsløg,
1999,,Lívrunnin brennievni og aðrar framleiðslur,
2000,Innlendis tilfarsnýtsla (1.000 tons),,1161.35
2000,Innlendis tilfarsnýtsla (1.000 tons),Biomassi,430.54
2000,Innlendis tilfarsnýtsla (1.000 tons),Metalmálmur,5.53
2000,Innlendis tilfarsnýtsla (1.000 tons),Ikki-metalhavin steinsløg,497.37
2000,Innlendis tilfarsnýtsla (1.000 tons),Lívrunnin brennievni og aðrar framleiðslur,227.91
2000,Innlendis tilfarsnýtsla fyri hvønn íbúgva (1.000 tons),,25.39
2000,Innlendis tilfarsnýtsla fyri hvønn íbúgva (1.000 tons),Biomassi,9.41
2000,Innlendis tilfarsnýtsla fyri hvønn íbúgva (1.000 tons),Metalmálmur,0.12
2000,Innlendis tilfarsnýtsla fyri hvønn íbúgva (1.000 tons),Ikki-metalhavin steinsløg,10.88
2000,Innlendis tilfarsnýtsla fyri hvønn íbúgva (1.000 tons),Lívrunnin brennievni og aðrar framleiðslur,4.98
2000,Innlendis tilfarsnýtsla fyri hvørja BTÚ-eind (1.000 tons),,134.64
2000,Innlendis tilfarsnýtsla fyri hvørja BTÚ-eind (1.000 tons),Biomassi,49.91
2000,Innlendis tilfarsnýtsla fyri hvørja BTÚ-eind (1.000 tons),Metalmálmur,0.64
2000,Innlendis tilfarsnýtsla fyri hvørja BTÚ-eind (1.000 tons),Ikki-metalhavin steinsløg,57.66
2000,Innlendis tilfarsnýtsla fyri hvørja BTÚ-eind (1.000 tons),Lívrunnin brennievni og aðrar framleiðslur,26.42
2000,,,
2000,,Biomassi,
2000,,Metalmálmur,
2000,,Ikki-metalhavin steinsløg,
2000,,Lívrunnin brennievni og aðrar framleiðslur,
2001,Innlendis tilfarsnýtsla (1.000 tons),,1209.51
2001,Innlendis tilfarsnýtsla (1.000 tons),Biomassi,478.68
2001,Innlendis tilfarsnýtsla (1.000 tons),Metalmálmur,7.19
2001,Innlendis tilfarsnýtsla (1.000 tons),Ikki-metalhavin steinsløg,467.52
2001,Innlendis tilfarsnýtsla (1.000 tons),Lívrunnin brennievni og aðrar framleiðslur,256.11
2001,Innlendis tilfarsnýtsla fyri hvønn íbúgva (1.000 tons),,25.99
2001,Innlendis tilfarsnýtsla fyri hvønn íbúgva (1.000 tons),Biomassi,10.29
2001,Innlendis tilfarsnýtsla fyri hvønn íbúgva (1.000 tons),Metalmálmur,0.15
2001,Innlendis tilfarsnýtsla fyri hvønn íbúgva (1.000 tons),Ikki-metalhavin steinsløg,10.05
2001,Innlendis tilfarsnýtsla fyri hvønn íbúgva (1.000 tons),Lívrunnin brennievni og aðrar framleiðslur,5.5
2001,Innlendis tilfarsnýtsla fyri hvørja BTÚ-eind (1.000 tons),,125.25
2001,Innlendis tilfarsnýtsla fyri hvørja BTÚ-eind (1.000 tons),Biomassi,49.57
2001,Innlendis tilfarsnýtsla fyri hvørja BTÚ-eind (1.000 tons),Metalmálmur,0.74
2001,Innlendis tilfarsnýtsla fyri hvørja BTÚ-eind (1.000 tons),Ikki-metalhavin steinsløg,48.41
2001,Innlendis tilfarsnýtsla fyri hvørja BTÚ-eind (1.000 tons),Lívrunnin brennievni og aðrar framleiðslur,26.52
2001,,,
2001,,Biomassi,
2001,,Metalmálmur,
2001,,Ikki-metalhavin steinsløg,
2001,,Lívrunnin brennievni og aðrar framleiðslur,
2002,Innlendis tilfarsnýtsla (1.000 tons),,1162.68
2002,Innlendis tilfarsnýtsla (1.000 tons),Biomassi,467.88
2002,Innlendis tilfarsnýtsla (1.000 tons),Metalmálmur,5.32
2002,Innlendis tilfarsnýtsla (1.000 tons),Ikki-metalhavin steinsløg,456.56
2002,Innlendis tilfarsnýtsla (1.000 tons),Lívrunnin brennievni og aðrar framleiðslur,232.93
2002,Innlendis tilfarsnýtsla fyri hvønn íbúgva (1.000 tons),,24.58
2002,Innlendis tilfarsnýtsla fyri hvønn íbúgva (1.000 tons),Biomassi,9.89
2002,Innlendis tilfarsnýtsla fyri hvønn íbúgva (1.000 tons),Metalmálmur,0.11
2002,Innlendis tilfarsnýtsla fyri hvønn íbúgva (1.000 tons),Ikki-metalhavin steinsløg,9.65
2002,Innlendis tilfarsnýtsla fyri hvønn íbúgva (1.000 tons),Lívrunnin brennievni og aðrar framleiðslur,4.93
2002,Innlendis tilfarsnýtsla fyri hvørja BTÚ-eind (1.000 tons),,115.5
2002,Innlendis tilfarsnýtsla fyri hvørja BTÚ-eind (1.000 tons),Biomassi,46.48
2002,Innlendis tilfarsnýtsla fyri hvørja BTÚ-eind (1.000 tons),Metalmálmur,0.53
2002,Innlendis tilfarsnýtsla fyri hvørja BTÚ-eind (1.000 tons),Ikki-metalhavin steinsløg,45.35
2002,Innlendis tilfarsnýtsla fyri hvørja BTÚ-eind (1.000 tons),Lívrunnin brennievni og aðrar framleiðslur,23.14
2002,,,
2002,,Biomassi,
2002,,Metalmálmur,
2002,,Ikki-metalhavin steinsløg,
2002,,Lívrunnin brennievni og aðrar framleiðslur,
2003,Innlendis tilfarsnýtsla (1.000 tons),,1224.66
2003,Innlendis tilfarsnýtsla (1.000 tons),Biomassi,565.84
2003,Innlendis tilfarsnýtsla (1.000 tons),Metalmálmur,5.08
2003,Innlendis tilfarsnýtsla (1.000 tons),Ikki-metalhavin steinsløg,424.24
2003,Innlendis tilfarsnýtsla (1.000 tons),Lívrunnin brennievni og aðrar framleiðslur,229.5
2003,Innlendis tilfarsnýtsla fyri hvønn íbúgva (1.000 tons),,25.57
2003,Innlendis tilfarsnýtsla fyri hvønn íbúgva (1.000 tons),Biomassi,11.81
2003,Innlendis tilfarsnýtsla fyri hvønn íbúgva (1.000 tons),Metalmálmur,0.11
2003,Innlendis tilfarsnýtsla fyri hvønn íbúgva (1.000 tons),Ikki-metalhavin steinsløg,8.86
2003,Innlendis tilfarsnýtsla fyri hvønn íbúgva (1.000 tons),Lívrunnin brennievni og aðrar framleiðslur,4.79
2003,Innlendis tilfarsnýtsla fyri hvørja BTÚ-eind (1.000 tons),,123.77
2003,Innlendis tilfarsnýtsla fyri hvørja BTÚ-eind (1.000 tons),Biomassi,57.19
2003,Innlendis tilfarsnýtsla fyri hvørja BTÚ-eind (1.000 tons),Metalmálmur,0.51
2003,Innlendis tilfarsnýtsla fyri hvørja BTÚ-eind (1.000 tons),Ikki-metalhavin steinsløg,42.88
2003,Innlendis tilfarsnýtsla fyri hvørja BTÚ-eind (1.000 tons),Lívrunnin brennievni og aðrar framleiðslur,23.19
2003,,,
2003,,Biomassi,
2003,,Metalmálmur,
2003,,Ikki-metalhavin steinsløg,
2003,,Lívrunnin brennievni og aðrar framleiðslur,
2004,Innlendis tilfarsnýtsla (1.000 tons),,1180.28
2004,Innlendis tilfarsnýtsla (1.000 tons),Biomassi,536.07
2004,Innlendis tilfarsnýtsla (1.000 tons),Metalmálmur,6.69
2004,Innlendis tilfarsnýtsla (1.000 tons),Ikki-metalhavin steinsløg,409.04
2004,Innlendis tilfarsnýtsla (1.000 tons),Lívrunnin brennievni og aðrar framleiðslur,228.48
2004,Innlendis tilfarsnýtsla fyri hvønn íbúgva (1.000 tons),,24.48
2004,Innlendis tilfarsnýtsla fyri hvønn íbúgva (1.000 tons),Biomassi,11.12
2004,Innlendis tilfarsnýtsla fyri hvønn íbúgva (1.000 tons),Metalmálmur,0.14
2004,Innlendis tilfarsnýtsla fyri hvønn íbúgva (1.000 tons),Ikki-metalhavin steinsløg,8.48
2004,Innlendis tilfarsnýtsla fyri hvønn íbúgva (1.000 tons),Lívrunnin brennievni og aðrar framleiðslur,4.74
2004,Innlendis tilfarsnýtsla fyri hvørja BTÚ-eind (1.000 tons),,114.22
2004,Innlendis tilfarsnýtsla fyri hvørja BTÚ-eind (1.000 tons),Biomassi,51.88
2004,Innlendis tilfarsnýtsla fyri hvørja BTÚ-eind (1.000 tons),Metalmálmur,0.65
2004,Innlendis tilfarsnýtsla fyri hvørja BTÚ-eind (1.000 tons),Ikki-metalhavin steinsløg,39.59
2004,Innlendis tilfarsnýtsla fyri hvørja BTÚ-eind (1.000 tons),Lívrunnin brennievni og aðrar framleiðslur,22.11
2004,,,
2004,,Biomassi,
2004,,Metalmálmur,
2004,,Ikki-metalhavin steinsløg,
2004,,Lívrunnin brennievni og aðrar framleiðslur,
2005,Innlendis tilfarsnýtsla (1.000 tons),,1237.51
2005,Innlendis tilfarsnýtsla (1.000 tons),Biomassi,475.05
2005,Innlendis tilfarsnýtsla (1.000 tons),Metalmálmur,4.09
2005,Innlendis tilfarsnýtsla (1.000 tons),Ikki-metalhavin steinsløg,533.06
2005,Innlendis tilfarsnýtsla (1.000 tons),Lívrunnin brennievni og aðrar framleiðslur,225.32
2005,Innlendis tilfarsnýtsla fyri hvønn íbúgva (1.000 tons),,25.67
2005,Innlendis tilfarsnýtsla fyri hvønn íbúgva (1.000 tons),Biomassi,9.85
2005,Innlendis tilfarsnýtsla fyri hvønn íbúgva (1.000 tons),Metalmálmur,0.08
2005,Innlendis tilfarsnýtsla fyri hvønn íbúgva (1.000 tons),Ikki-metalhavin steinsløg,11.06
2005,Innlendis tilfarsnýtsla fyri hvønn íbúgva (1.000 tons),Lívrunnin brennievni og aðrar framleiðslur,4.67
2005,Innlendis tilfarsnýtsla fyri hvørja BTÚ-eind (1.000 tons),,117.27
2005,Innlendis tilfarsnýtsla fyri hvørja BTÚ-eind (1.000 tons),Biomassi,45.02
2005,Innlendis tilfarsnýtsla fyri hvørja BTÚ-eind (1.000 tons),Metalmálmur,0.39
2005,Innlendis tilfarsnýtsla fyri hvørja BTÚ-eind (1.000 tons),Ikki-metalhavin steinsløg,50.51
2005,Innlendis tilfarsnýtsla fyri hvørja BTÚ-eind (1.000 tons),Lívrunnin brennievni og aðrar framleiðslur,21.35
2005,,,
2005,,Biomassi,
2005,,Metalmálmur,
2005,,Ikki-metalhavin steinsløg,
2005,,Lívrunnin brennievni og aðrar framleiðslur,
2006,Innlendis tilfarsnýtsla (1.000 tons),,1407.43
2006,Innlendis tilfarsnýtsla (1.000 tons),Biomassi,547.21
2006,Innlendis tilfarsnýtsla (1.000 tons),Metalmálmur,2.54
2006,Innlendis tilfarsnýtsla (1.000 tons),Ikki-metalhavin steinsløg,621.2
2006,Innlendis tilfarsnýtsla (1.000 tons),Lívrunnin brennievni og aðrar framleiðslur,236.47
2006,Innlendis tilfarsnýtsla fyri hvønn íbúgva (1.000 tons),,29.21
2006,Innlendis tilfarsnýtsla fyri hvønn íbúgva (1.000 tons),Biomassi,11.36
2006,Innlendis tilfarsnýtsla fyri hvønn íbúgva (1.000 tons),Metalmálmur,0.05
2006,Innlendis tilfarsnýtsla fyri hvønn íbúgva (1.000 tons),Ikki-metalhavin steinsløg,12.89
2006,Innlendis tilfarsnýtsla fyri hvønn íbúgva (1.000 tons),Lívrunnin brennievni og aðrar framleiðslur,4.91
2006,Innlendis tilfarsnýtsla fyri hvørja BTÚ-eind (1.000 tons),,117.3
2006,Innlendis tilfarsnýtsla fyri hvørja BTÚ-eind (1.000 tons),Biomassi,45.61
2006,Innlendis tilfarsnýtsla fyri hvørja BTÚ-eind (1.000 tons),Metalmálmur,0.21
2006,Innlendis tilfarsnýtsla fyri hvørja BTÚ-eind (1.000 tons),Ikki-metalhavin steinsløg,51.77
2006,Innlendis tilfarsnýtsla fyri hvørja BTÚ-eind (1.000 tons),Lívrunnin brennievni og aðrar framleiðslur,19.71
2006,,,
2006,,Biomassi,
2006,,Metalmálmur,
2006,,Ikki-metalhavin steinsløg,
2006,,Lívrunnin brennievni og aðrar framleiðslur,
2007,Innlendis tilfarsnýtsla (1.000 tons),,1662.55
2007,Innlendis tilfarsnýtsla (1.000 tons),Biomassi,510.96
2007,Innlendis tilfarsnýtsla (1.000 tons),Metalmálmur,2.47
2007,Innlendis tilfarsnýtsla (1.000 tons),Ikki-metalhavin steinsløg,894.19
2007,Innlendis tilfarsnýtsla (1.000 tons),Lívrunnin brennievni og aðrar framleiðslur,254.93
2007,Innlendis tilfarsnýtsla fyri hvønn íbúgva (1.000 tons),,34.43
2007,Innlendis tilfarsnýtsla fyri hvønn íbúgva (1.000 tons),Biomassi,10.58
2007,Innlendis tilfarsnýtsla fyri hvønn íbúgva (1.000 tons),Metalmálmur,0.05
2007,Innlendis tilfarsnýtsla fyri hvønn íbúgva (1.000 tons),Ikki-metalhavin steinsløg,18.52
2007,Innlendis tilfarsnýtsla fyri hvønn íbúgva (1.000 tons),Lívrunnin brennievni og aðrar framleiðslur,5.28
2007,Innlendis tilfarsnýtsla fyri hvørja BTÚ-eind (1.000 tons),,130.57
2007,Innlendis tilfarsnýtsla fyri hvørja BTÚ-eind (1.000 tons),Biomassi,40.13
2007,Innlendis tilfarsnýtsla fyri hvørja BTÚ-eind (1.000 tons),Metalmálmur,0.19
2007,Innlendis tilfarsnýtsla fyri hvørja BTÚ-eind (1.000 tons),Ikki-metalhavin steinsløg,70.23
2007,Innlendis tilfarsnýtsla fyri hvørja BTÚ-eind (1.000 tons),Lívrunnin brennievni og aðrar framleiðslur,20.02
2007,,,
2007,,Biomassi,
2007,,Metalmálmur,
2007,,Ikki-metalhavin steinsløg,
2007,,Lívrunnin brennievni og aðrar framleiðslur,
2008,Innlendis tilfarsnýtsla (1.000 tons),,1561.2
2008,Innlendis tilfarsnýtsla (1.000 tons),Biomassi,456.17
2008,Innlendis tilfarsnýtsla (1.000 tons),Metalmálmur,0.09
2008,Innlendis tilfarsnýtsla (1.000 tons),Ikki-metalhavin steinsløg,891.26
2008,Innlendis tilfarsnýtsla (1.000 tons),Lívrunnin brennievni og aðrar framleiðslur,213.68
2008,Innlendis tilfarsnýtsla fyri hvønn íbúgva (1.000 tons),,32.22
2008,Innlendis tilfarsnýtsla fyri hvønn íbúgva (1.000 tons),Biomassi,9.41
2008,Innlendis tilfarsnýtsla fyri hvønn íbúgva (1.000 tons),Metalmálmur,0.0
2008,Innlendis tilfarsnýtsla fyri hvønn íbúgva (1.000 tons),Ikki-metalhavin steinsløg,18.39
2008,Innlendis tilfarsnýtsla fyri hvønn íbúgva (1.000 tons),Lívrunnin brennievni og aðrar framleiðslur,4.41
2008,Innlendis tilfarsnýtsla fyri hvørja BTÚ-eind (1.000 tons),,122.99
2008,Innlendis tilfarsnýtsla fyri hvørja BTÚ-eind (1.000 tons),Biomassi,35.94
2008,Innlendis tilfarsnýtsla fyri hvørja BTÚ-eind (1.000 tons),Metalmálmur,0.01
2008,Innlendis tilfarsnýtsla fyri hvørja BTÚ-eind (1.000 tons),Ikki-metalhavin steinsløg,70.21
2008,Innlendis tilfarsnýtsla fyri hvørja BTÚ-eind (1.000 tons),Lívrunnin brennievni og aðrar framleiðslur,16.83
2008,,,113.27
2008,,Biomassi,33.1
2008,,Metalmálmur,0.01
2008,,Ikki-metalhavin steinsløg,64.66
2008,,Lívrunnin brennievni og aðrar framleiðslur,15.5
2009,Innlendis tilfarsnýtsla (1.000 tons),,926.84
2009,Innlendis tilfarsnýtsla (1.000 tons),Biomassi,298.35
2009,Innlendis tilfarsnýtsla (1.000 tons),Metalmálmur,-1.59
2009,Innlendis tilfarsnýtsla (1.000 tons),Ikki-metalhavin steinsløg,402.95
2009,Innlendis tilfarsnýtsla (1.000 tons),Lívrunnin brennievni og aðrar framleiðslur,227.13
2009,Innlendis tilfarsnýtsla fyri hvønn íbúgva (1.000 tons),,19.09
2009,Innlendis tilfarsnýtsla fyri hvønn íbúgva (1.000 tons),Biomassi,6.15
2009,Innlendis tilfarsnýtsla fyri hvønn íbúgva (1.000 tons),Metalmálmur,-0.03
2009,Innlendis tilfarsnýtsla fyri hvønn íbúgva (1.000 tons),Ikki-metalhavin steinsløg,8.3
2009,Innlendis tilfarsnýtsla fyri hvønn íbúgva (1.000 tons),Lívrunnin brennievni og aðrar framleiðslur,4.68
2009,Innlendis tilfarsnýtsla fyri hvørja BTÚ-eind (1.000 tons),,75.3
2009,Innlendis tilfarsnýtsla fyri hvørja BTÚ-eind (1.000 tons),Biomassi,24.24
2009,Innlendis tilfarsnýtsla fyri hvørja BTÚ-eind (1.000 tons),Metalmálmur,-0.13
2009,Innlendis tilfarsnýtsla fyri hvørja BTÚ-eind (1.000 tons),Ikki-metalhavin steinsløg,32.74
2009,Innlendis tilfarsnýtsla fyri hvørja BTÚ-eind (1.000 tons),Lívrunnin brennievni og aðrar framleiðslur,18.45
2009,,,70.27
2009,,Biomassi,22.62
2009,,Metalmálmur,-0.12
2009,,Ikki-metalhavin steinsløg,30.55
2009,,Lívrunnin brennievni og aðrar framleiðslur,17.22
2010,Innlendis tilfarsnýtsla (1.000 tons),,831.08
2010,Innlendis tilfarsnýtsla (1.000 tons),Biomassi,343.99
2010,Innlendis tilfarsnýtsla (1.000 tons),Metalmálmur,-3.2
2010,Innlendis tilfarsnýtsla (1.000 tons),Ikki-metalhavin steinsløg,262.13
2010,Innlendis tilfarsnýtsla (1.000 tons),Lívrunnin brennievni og aðrar framleiðslur,228.16
2010,Innlendis tilfarsnýtsla fyri hvønn íbúgva (1.000 tons),,17.15
2010,Innlendis tilfarsnýtsla fyri hvønn íbúgva (1.000 tons),Biomassi,7.1
2010,Innlendis tilfarsnýtsla fyri hvønn íbúgva (1.000 tons),Metalmálmur,-0.07
2010,Innlendis tilfarsnýtsla fyri hvønn íbúgva (1.000 tons),Ikki-metalhavin steinsløg,5.41
2010,Innlendis tilfarsnýtsla fyri hvønn íbúgva (1.000 tons),Lívrunnin brennievni og aðrar framleiðslur,4.71
2010,Innlendis tilfarsnýtsla fyri hvørja BTÚ-eind (1.000 tons),,63.37
2010,Innlendis tilfarsnýtsla fyri hvørja BTÚ-eind (1.000 tons),Biomassi,26.23
2010,Innlendis tilfarsnýtsla fyri hvørja BTÚ-eind (1.000 tons),Metalmálmur,-0.24
2010,Innlendis tilfarsnýtsla fyri hvørja BTÚ-eind (1.000 tons),Ikki-metalhavin steinsløg,19.99
2010,Innlendis tilfarsnýtsla fyri hvørja BTÚ-eind (1.000 tons),Lívrunnin brennievni og aðrar framleiðslur,17.4
2010,,,63.37
2010,,Biomassi,26.23
2010,,Metalmálmur,-0.24
2010,,Ikki-metalhavin steinsløg,19.99
2010,,Lívrunnin brennievni og aðrar framleiðslur,17.4
2011,Innlendis tilfarsnýtsla (1.000 tons),,935.44
2011,Innlendis tilfarsnýtsla (1.000 tons),Biomassi,359.57
2011,Innlendis tilfarsnýtsla (1.000 tons),Metalmálmur,1.04
2011,Innlendis tilfarsnýtsla (1.000 tons),Ikki-metalhavin steinsløg,366.4
2011,Innlendis tilfarsnýtsla (1.000 tons),Lívrunnin brennievni og aðrar framleiðslur,208.43
2011,Innlendis tilfarsnýtsla fyri hvønn íbúgva (1.000 tons),,19.37
2011,Innlendis tilfarsnýtsla fyri hvønn íbúgva (1.000 tons),Biomassi,7.44
2011,Innlendis tilfarsnýtsla fyri hvønn íbúgva (1.000 tons),Metalmálmur,0.02
2011,Innlendis tilfarsnýtsla fyri hvønn íbúgva (1.000 tons),Ikki-metalhavin steinsløg,7.59
2011,Innlendis tilfarsnýtsla fyri hvønn íbúgva (1.000 tons),Lívrunnin brennievni og aðrar framleiðslur,4.32
2011,Innlendis tilfarsnýtsla fyri hvørja BTÚ-eind (1.000 tons),,69.54
2011,Innlendis tilfarsnýtsla fyri hvørja BTÚ-eind (1.000 tons),Biomassi,26.73
2011,Innlendis tilfarsnýtsla fyri hvørja BTÚ-eind (1.000 tons),Metalmálmur,0.08
2011,Innlendis tilfarsnýtsla fyri hvørja BTÚ-eind (1.000 tons),Ikki-metalhavin steinsløg,27.24
2011,Innlendis tilfarsnýtsla fyri hvørja BTÚ-eind (1.000 tons),Lívrunnin brennievni og aðrar framleiðslur,15.49
2011,,,68.78
2011,,Biomassi,26.44
2011,,Metalmálmur,0.08
2011,,Ikki-metalhavin steinsløg,26.94
2011,,Lívrunnin brennievni og aðrar framleiðslur,15.33
2012,Innlendis tilfarsnýtsla (1.000 tons),,943.66
2012,Innlendis tilfarsnýtsla (1.000 tons),Biomassi,225.28
2012,Innlendis tilfarsnýtsla (1.000 tons),Metalmálmur,3.44
2012,Innlendis tilfarsnýtsla (1.000 tons),Ikki-metalhavin steinsløg,472.73
2012,Innlendis tilfarsnýtsla (1.000 tons),Lívrunnin brennievni og aðrar framleiðslur,242.21
2012,Innlendis tilfarsnýtsla fyri hvønn íbúgva (1.000 tons),,19.62
2012,Innlendis tilfarsnýtsla fyri hvønn íbúgva (1.000 tons),Biomassi,4.68
2012,Innlendis tilfarsnýtsla fyri hvønn íbúgva (1.000 tons),Metalmálmur,0.07
2012,Innlendis tilfarsnýtsla fyri hvønn íbúgva (1.000 tons),Ikki-metalhavin steinsløg,9.83
2012,Innlendis tilfarsnýtsla fyri hvønn íbúgva (1.000 tons),Lívrunnin brennievni og aðrar framleiðslur,5.04
2012,Innlendis tilfarsnýtsla fyri hvørja BTÚ-eind (1.000 tons),,67.12
2012,Innlendis tilfarsnýtsla fyri hvørja BTÚ-eind (1.000 tons),Biomassi,16.02
2012,Innlendis tilfarsnýtsla fyri hvørja BTÚ-eind (1.000 tons),Metalmálmur,0.24
2012,Innlendis tilfarsnýtsla fyri hvørja BTÚ-eind (1.000 tons),Ikki-metalhavin steinsløg,33.62
2012,Innlendis tilfarsnýtsla fyri hvørja BTÚ-eind (1.000 tons),Lívrunnin brennievni og aðrar framleiðslur,17.23
2012,,,64.84
2012,,Biomassi,15.48
2012,,Metalmálmur,0.24
2012,,Ikki-metalhavin steinsløg,32.48
2012,,Lívrunnin brennievni og aðrar framleiðslur,16.64
2013,Innlendis tilfarsnýtsla (1.000 tons),,1090.18
2013,Innlendis tilfarsnýtsla (1.000 tons),Biomassi,342.88
2013,Innlendis tilfarsnýtsla (1.000 tons),Metalmálmur,4.94
2013,Innlendis tilfarsnýtsla (1.000 tons),Ikki-metalhavin steinsløg,444.55
2013,Innlendis tilfarsnýtsla (1.000 tons),Lívrunnin brennievni og aðrar framleiðslur,297.81
2013,Innlendis tilfarsnýtsla fyri hvønn íbúgva (1.000 tons),,22.68
2013,Innlendis tilfarsnýtsla fyri hvønn íbúgva (1.000 tons),Biomassi,7.13
2013,Innlendis tilfarsnýtsla fyri hvønn íbúgva (1.000 tons),Metalmálmur,0.1
2013,Innlendis tilfarsnýtsla fyri hvønn íbúgva (1.000 tons),Ikki-metalhavin steinsløg,9.25
2013,Innlendis tilfarsnýtsla fyri hvønn íbúgva (1.000 tons),Lívrunnin brennievni og aðrar framleiðslur,6.19
2013,Innlendis tilfarsnýtsla fyri hvørja BTÚ-eind (1.000 tons),,72.16
2013,Innlendis tilfarsnýtsla fyri hvørja BTÚ-eind (1.000 tons),Biomassi,22.69
2013,Innlendis tilfarsnýtsla fyri hvørja BTÚ-eind (1.000 tons),Metalmálmur,0.33
2013,Innlendis tilfarsnýtsla fyri hvørja BTÚ-eind (1.000 tons),Ikki-metalhavin steinsløg,29.42
2013,Innlendis tilfarsnýtsla fyri hvørja BTÚ-eind (1.000 tons),Lívrunnin brennievni og aðrar framleiðslur,19.71
2013,,,70.76
2013,,Biomassi,22.25
2013,,Metalmálmur,0.32
2013,,Ikki-metalhavin steinsløg,28.85
2013,,Lívrunnin brennievni og aðrar framleiðslur,19.33
2014,Innlendis tilfarsnýtsla (1.000 tons),,1468.98
2014,Innlendis tilfarsnýtsla (1.000 tons),Biomassi,365.42
2014,Innlendis tilfarsnýtsla (1.000 tons),Metalmálmur,6.06
2014,Innlendis tilfarsnýtsla (1.000 tons),Ikki-metalhavin steinsløg,786.08
2014,Innlendis tilfarsnýtsla (1.000 tons),Lívrunnin brennievni og aðrar framleiðslur,311.41
2014,Innlendis tilfarsnýtsla fyri hvønn íbúgva (1.000 tons),,30.38
2014,Innlendis tilfarsnýtsla fyri hvønn íbúgva (1.000 tons),Biomassi,7.56
2014,Innlendis tilfarsnýtsla fyri hvønn íbúgva (1.000 tons),Metalmálmur,0.13
2014,Innlendis tilfarsnýtsla fyri hvønn íbúgva (1.000 tons),Ikki-metalhavin steinsløg,16.26
2014,Innlendis tilfarsnýtsla fyri hvønn íbúgva (1.000 tons),Lívrunnin brennievni og aðrar framleiðslur,6.44
2014,Innlendis tilfarsnýtsla fyri hvørja BTÚ-eind (1.000 tons),,89.82
2014,Innlendis tilfarsnýtsla fyri hvørja BTÚ-eind (1.000 tons),Biomassi,22.34
2014,Innlendis tilfarsnýtsla fyri hvørja BTÚ-eind (1.000 tons),Metalmálmur,0.37
2014,Innlendis tilfarsnýtsla fyri hvørja BTÚ-eind (1.000 tons),Ikki-metalhavin steinsløg,48.06
2014,Innlendis tilfarsnýtsla fyri hvørja BTÚ-eind (1.000 tons),Lívrunnin brennievni og aðrar framleiðslur,19.04
2014,,,90.43
2014,,Biomassi,22.5
2014,,Metalmálmur,0.37
2014,,Ikki-metalhavin steinsløg,48.39
2014,,Lívrunnin brennievni og aðrar framleiðslur,19.17
2015,Innlendis tilfarsnýtsla (1.000 tons),,1222.53
2015,Innlendis tilfarsnýtsla (1.000 tons),Biomassi,404.2
2015,Innlendis tilfarsnýtsla (1.000 tons),Metalmálmur,2.01
2015,Innlendis tilfarsnýtsla (1.000 tons),Ikki-metalhavin steinsløg,463.25
2015,Innlendis tilfarsnýtsla (1.000 tons),Lívrunnin brennievni og aðrar framleiðslur,353.07
2015,Innlendis tilfarsnýtsla fyri hvønn íbúgva (1.000 tons),,25.03
2015,Innlendis tilfarsnýtsla fyri hvønn íbúgva (1.000 tons),Biomassi,8.28
2015,Innlendis tilfarsnýtsla fyri hvønn íbúgva (1.000 tons),Metalmálmur,0.04
2015,Innlendis tilfarsnýtsla fyri hvønn íbúgva (1.000 tons),Ikki-metalhavin steinsløg,9.48
2015,Innlendis tilfarsnýtsla fyri hvønn íbúgva (1.000 tons),Lívrunnin brennievni og aðrar framleiðslur,7.23
2015,Innlendis tilfarsnýtsla fyri hvørja BTÚ-eind (1.000 tons),,70.6
2015,Innlendis tilfarsnýtsla fyri hvørja BTÚ-eind (1.000 tons),Biomassi,23.34
2015,Innlendis tilfarsnýtsla fyri hvørja BTÚ-eind (1.000 tons),Metalmálmur,0.12
2015,Innlendis tilfarsnýtsla fyri hvørja BTÚ-eind (1.000 tons),Ikki-metalhavin steinsløg,26.75
2015,Innlendis tilfarsnýtsla fyri hvørja BTÚ-eind (1.000 tons),Lívrunnin brennievni og aðrar framleiðslur,20.39
2015,,,74.53
2015,,Biomassi,24.64
2015,,Metalmálmur,0.12
2015,,Ikki-metalhavin steinsløg,28.24
2015,,Lívrunnin brennievni og aðrar framleiðslur,21.53
2016,Innlendis tilfarsnýtsla (1.000 tons),,1356.83
2016,Innlendis tilfarsnýtsla (1.000 tons),Biomassi,304.85
2016,Innlendis tilfarsnýtsla (1.000 tons),Metalmálmur,18.68
2016,Innlendis tilfarsnýtsla (1.000 tons),Ikki-metalhavin steinsløg,675.06
2016,Innlendis tilfarsnýtsla (1.000 tons),Lívrunnin brennievni og aðrar framleiðslur,358.24
2016,Innlendis tilfarsnýtsla fyri hvønn íbúgva (1.000 tons),,27.44
2016,Innlendis tilfarsnýtsla fyri hvønn íbúgva (1.000 tons),Biomassi,6.17
2016,Innlendis tilfarsnýtsla fyri hvønn íbúgva (1.000 tons),Metalmálmur,0.38
2016,Innlendis tilfarsnýtsla fyri hvønn íbúgva (1.000 tons),Ikki-metalhavin steinsløg,13.65
2016,Innlendis tilfarsnýtsla fyri hvønn íbúgva (1.000 tons),Lívrunnin brennievni og aðrar framleiðslur,7.25
2016,Innlendis tilfarsnýtsla fyri hvørja BTÚ-eind (1.000 tons),,71.65
2016,Innlendis tilfarsnýtsla fyri hvørja BTÚ-eind (1.000 tons),Biomassi,16.1
2016,Innlendis tilfarsnýtsla fyri hvørja BTÚ-eind (1.000 tons),Metalmálmur,0.99
2016,Innlendis tilfarsnýtsla fyri hvørja BTÚ-eind (1.000 tons),Ikki-metalhavin steinsløg,35.65
2016,Innlendis tilfarsnýtsla fyri hvørja BTÚ-eind (1.000 tons),Lívrunnin brennievni og aðrar framleiðslur,18.92
2016,,,81.52
2016,,Biomassi,18.32
2016,,Metalmálmur,1.12
2016,,Ikki-metalhavin steinsløg,40.56
2016,,Lívrunnin brennievni og aðrar framleiðslur,21.52
2017,Innlendis tilfarsnýtsla (1.000 tons),,1617.55
2017,Innlendis tilfarsnýtsla (1.000 tons),Biomassi,442.7
2017,Innlendis tilfarsnýtsla (1.000 tons),Metalmálmur,46.62
2017,Innlendis tilfarsnýtsla (1.000 tons),Ikki-metalhavin steinsløg,757.36
2017,Innlendis tilfarsnýtsla (1.000 tons),Lívrunnin brennievni og aðrar framleiðslur,370.88
2017,Innlendis tilfarsnýtsla fyri hvønn íbúgva (1.000 tons),,32.27
2017,Innlendis tilfarsnýtsla fyri hvønn íbúgva (1.000 tons),Biomassi,8.83
2017,Innlendis tilfarsnýtsla fyri hvønn íbúgva (1.000 tons),Metalmálmur,0.93
2017,Innlendis tilfarsnýtsla fyri hvønn íbúgva (1.000 tons),Ikki-metalhavin steinsløg,15.11
2017,Innlendis tilfarsnýtsla fyri hvønn íbúgva (1.000 tons),Lívrunnin brennievni og aðrar framleiðslur,7.4
2017,Innlendis tilfarsnýtsla fyri hvørja BTÚ-eind (1.000 tons),,82.21
2017,Innlendis tilfarsnýtsla fyri hvørja BTÚ-eind (1.000 tons),Biomassi,22.5
2017,Innlendis tilfarsnýtsla fyri hvørja BTÚ-eind (1.000 tons),Metalmálmur,2.37
2017,Innlendis tilfarsnýtsla fyri hvørja BTÚ-eind (1.000 tons),Ikki-metalhavin steinsløg,38.49
2017,Innlendis tilfarsnýtsla fyri hvørja BTÚ-eind (1.000 tons),Lívrunnin brennievni og aðrar framleiðslur,18.85
2017,,,93.89
2017,,Biomassi,25.7
2017,,Metalmálmur,2.71
2017,,Ikki-metalhavin steinsløg,43.96
2017,,Lívrunnin brennievni og aðrar framleiðslur,21.53
2018,Innlendis tilfarsnýtsla (1.000 tons),,1579.56
2018,Innlendis tilfarsnýtsla (1.000 tons),Biomassi,408.98
2018,Innlendis tilfarsnýtsla (1.000 tons),Metalmálmur,47.27
2018,Innlendis tilfarsnýtsla (1.000 tons),Ikki-metalhavin steinsløg,764.78
2018,Innlendis tilfarsnýtsla (1.000 tons),Lívrunnin brennievni og aðrar framleiðslur,358.54
2018,Innlendis tilfarsnýtsla fyri hvønn íbúgva (1.000 tons),,31.05
2018,Innlendis tilfarsnýtsla fyri hvønn íbúgva (1.000 tons),Biomassi,8.04
2018,Innlendis tilfarsnýtsla fyri hvønn íbúgva (1.000 tons),Metalmálmur,0.93
2018,Innlendis tilfarsnýtsla fyri hvønn íbúgva (1.000 tons),Ikki-metalhavin steinsløg,15.04
2018,Innlendis tilfarsnýtsla fyri hvønn íbúgva (1.000 tons),Lívrunnin brennievni og aðrar framleiðslur,7.05
2018,Innlendis tilfarsnýtsla fyri hvørja BTÚ-eind (1.000 tons),,78.45
2018,Innlendis tilfarsnýtsla fyri hvørja BTÚ-eind (1.000 tons),Biomassi,20.31
2018,Innlendis tilfarsnýtsla fyri hvørja BTÚ-eind (1.000 tons),Metalmálmur,2.35
2018,Innlendis tilfarsnýtsla fyri hvørja BTÚ-eind (1.000 tons),Ikki-metalhavin steinsløg,37.98
2018,Innlendis tilfarsnýtsla fyri hvørja BTÚ-eind (1.000 tons),Lívrunnin brennievni og aðrar framleiðslur,17.81
2018,,,89.25
2018,,Biomassi,23.11
2018,,Metalmálmur,2.67
2018,,Ikki-metalhavin steinsløg,43.21
2018,,Lívrunnin brennievni og aðrar framleiðslur,20.26
2019,Innlendis tilfarsnýtsla (1.000 tons),,1614.53
2019,Innlendis tilfarsnýtsla (1.000 tons),Biomassi,374.53
2019,Innlendis tilfarsnýtsla (1.000 tons),Metalmálmur,26.16
2019,Innlendis tilfarsnýtsla (1.000 tons),Ikki-metalhavin steinsløg,872.56
2019,Innlendis tilfarsnýtsla (1.000 tons),Lívrunnin brennievni og aðrar framleiðslur,341.27
2019,Innlendis tilfarsnýtsla fyri hvønn íbúgva (1.000 tons),,31.24
2019,Innlendis tilfarsnýtsla fyri hvønn íbúgva (1.000 tons),Biomassi,7.25
2019,Innlendis tilfarsnýtsla fyri hvønn íbúgva (1.000 tons),Metalmálmur,0.51
2019,Innlendis tilfarsnýtsla fyri hvønn íbúgva (1.000 tons),Ikki-metalhavin steinsløg,16.88
2019,Innlendis tilfarsnýtsla fyri hvønn íbúgva (1.000 tons),Lívrunnin brennievni og aðrar framleiðslur,6.6
2019,Innlendis tilfarsnýtsla fyri hvørja BTÚ-eind (1.000 tons),,73.9
2019,Innlendis tilfarsnýtsla fyri hvørja BTÚ-eind (1.000 tons),Biomassi,17.14
2019,Innlendis tilfarsnýtsla fyri hvørja BTÚ-eind (1.000 tons),Metalmálmur,1.2
2019,Innlendis tilfarsnýtsla fyri hvørja BTÚ-eind (1.000 tons),Ikki-metalhavin steinsløg,39.94
2019,Innlendis tilfarsnýtsla fyri hvørja BTÚ-eind (1.000 tons),Lívrunnin brennievni og aðrar framleiðslur,15.62
2019,,,86.92
2019,,Biomassi,20.16
2019,,Metalmálmur,1.41
2019,,Ikki-metalhavin steinsløg,46.97
2019,,Lívrunnin brennievni og aðrar framleiðslur,18.37
2020,Innlendis tilfarsnýtsla (1.000 tons),,1857.88
2020,Innlendis tilfarsnýtsla (1.000 tons),Biomassi,415.56
2020,Innlendis tilfarsnýtsla (1.000 tons),Metalmálmur,24.12
2020,Innlendis tilfarsnýtsla (1.000 tons),Ikki-metalhavin steinsløg,1041.98
2020,Innlendis tilfarsnýtsla (1.000 tons),Lívrunnin brennievni og aðrar framleiðslur,376.23
2020,Innlendis tilfarsnýtsla fyri hvønn íbúgva (1.000 tons),,35.4
2020,Innlendis tilfarsnýtsla fyri hvønn íbúgva (1.000 tons),Biomassi,7.92
2020,Innlendis tilfarsnýtsla fyri hvønn íbúgva (1.000 tons),Metalmálmur,0.46
2020,Innlendis tilfarsnýtsla fyri hvønn íbúgva (1.000 tons),Ikki-metalhavin steinsløg,19.85
2020,Innlendis tilfarsnýtsla fyri hvønn íbúgva (1.000 tons),Lívrunnin brennievni og aðrar framleiðslur,7.17
2020,Innlendis tilfarsnýtsla fyri hvørja BTÚ-eind (1.000 tons),,87.42
2020,Innlendis tilfarsnýtsla fyri hvørja BTÚ-eind (1.000 tons),Biomassi,19.55
2020,Innlendis tilfarsnýtsla fyri hvørja BTÚ-eind (1.000 tons),Metalmálmur,1.14
2020,Innlendis tilfarsnýtsla fyri hvørja BTÚ-eind (1.000 tons),Ikki-metalhavin steinsløg,49.03
2020,Innlendis tilfarsnýtsla fyri hvørja BTÚ-eind (1.000 tons),Lívrunnin brennievni og aðrar framleiðslur,17.7
2020,,,102.72
2020,,Biomassi,22.98
2020,,Metalmálmur,1.33
2020,,Ikki-metalhavin steinsløg,57.61
2020,,Lívrunnin brennievni og aðrar framleiðslur,20.8
