Year,Kyn,Aldur,Value
2015,,,3.3
2015,,15-24 ár,7.2
2015,,data.25-54years,2.6
2015,,55-74 ár,2.1
2015,Menn,,3.0
2015,Menn,15-24 ár,6.9
2015,Menn,data.25-54years,2.3
2015,Menn,55-74 ár,2.0
2015,Kvinnur,,3.6
2015,Kvinnur,15-24 ár,7.5
2015,Kvinnur,data.25-54years,3.0
2015,Kvinnur,55-74 ár,2.2
2016,,,3.5
2016,,15-24 ár,8.5
2016,,data.25-54years,2.6
2016,,55-74 ár,2.1
2016,Menn,,3.4
2016,Menn,15-24 ár,9.1
2016,Menn,data.25-54years,2.3
2016,Menn,55-74 ár,2.3
2016,Kvinnur,,3.6
2016,Kvinnur,15-24 ár,7.9
2016,Kvinnur,data.25-54years,3.0
2016,Kvinnur,55-74 ár,1.8
2017,,,2.5
2017,,15-24 ár,6.2
2017,,data.25-54years,1.9
2017,,55-74 ár,1.4
2017,Menn,,2.1
2017,Menn,15-24 ár,5.6
2017,Menn,data.25-54years,1.5
2017,Menn,55-74 ár,1.3
2017,Kvinnur,,2.9
2017,Kvinnur,15-24 ár,6.7
2017,Kvinnur,data.25-54years,2.3
2017,Kvinnur,55-74 ár,1.4
2018,,,1.8
2018,,15-24 ár,4.5
2018,,data.25-54years,1.4
2018,,55-74 ár,1.0
2018,Menn,,1.8
2018,Menn,15-24 ár,4.6
2018,Menn,data.25-54years,1.3
2018,Menn,55-74 ár,1.1
2018,Kvinnur,,1.8
2018,Kvinnur,15-24 ár,4.3
2018,Kvinnur,data.25-54years,1.5
2018,Kvinnur,55-74 ár,0.8
2019,,,1.3
2019,,15-24 ár,3.2
2019,,data.25-54years,1.0
2019,,55-74 ár,0.6
2019,Menn,,1.1
2019,Menn,15-24 ár,3.4
2019,Menn,data.25-54years,0.6
2019,Menn,55-74 ár,0.8
2019,Kvinnur,,1.4
2019,Kvinnur,15-24 ár,2.9
2019,Kvinnur,data.25-54years,1.5
2019,Kvinnur,55-74 ár,0.3
2020,,,1.7
2020,,15-24 ár,3.4
2020,,data.25-54years,1.5
2020,,55-74 ár,1.3
2020,Menn,,1.7
2020,Menn,15-24 ár,3.6
2020,Menn,data.25-54years,1.4
2020,Menn,55-74 ár,1.5
2020,Kvinnur,,1.7
2020,Kvinnur,15-24 ár,3.2
2020,Kvinnur,data.25-54years,1.6
2020,Kvinnur,55-74 ár,1.1
2021,,,2.1
2021,,15-24 ár,6.0
2021,,data.25-54years,1.4
2021,,55-74 ár,0.9
2021,Menn,,2.5
2021,Menn,15-24 ár,6.7
2021,Menn,data.25-54years,2.0
2021,Menn,55-74 ár,1.0
2021,Kvinnur,,1.6
2021,Kvinnur,15-24 ár,5.2
2021,Kvinnur,data.25-54years,0.7
2021,Kvinnur,55-74 ár,0.8
