Year,Units,data.outcome,Kyn,Value
2009,data.persons,data.lethal,,1
2009,data.persons,data.lethal,Menn,1
2009,data.persons,data.lethal,Kvinnur,-
2009,data.persons,data.non-lethal,,140
2009,data.persons,data.non-lethal,Menn,72
2009,data.persons,data.non-lethal,Kvinnur,68
2009,data.pr.100.000,data.lethal,,3.6
2009,data.pr.100.000,data.lethal,Menn,6.7
2009,data.pr.100.000,data.lethal,Kvinnur,-
2009,data.pr.100.000,data.non-lethal,,510.6
2009,data.pr.100.000,data.non-lethal,Menn,485.4
2009,data.pr.100.000,data.non-lethal,Kvinnur,540.3
2010,data.persons,data.lethal,,-
2010,data.persons,data.lethal,Menn,-
2010,data.persons,data.lethal,Kvinnur,-
2010,data.persons,data.non-lethal,,83
2010,data.persons,data.non-lethal,Menn,41
2010,data.persons,data.non-lethal,Kvinnur,42
2010,data.pr.100.000,data.lethal,,-
2010,data.pr.100.000,data.lethal,Menn,-
2010,data.pr.100.000,data.lethal,Kvinnur,-
2010,data.pr.100.000,data.non-lethal,,314.5
2010,data.pr.100.000,data.non-lethal,Menn,276.3
2010,data.pr.100.000,data.non-lethal,Kvinnur,363.7
2011,data.persons,data.lethal,,-
2011,data.persons,data.lethal,Menn,-
2011,data.persons,data.lethal,Kvinnur,-
2011,data.persons,data.non-lethal,,127
2011,data.persons,data.non-lethal,Menn,65
2011,data.persons,data.non-lethal,Kvinnur,62
2011,data.pr.100.000,data.lethal,,-
2011,data.pr.100.000,data.lethal,Menn,-
2011,data.pr.100.000,data.lethal,Kvinnur,-
2011,data.pr.100.000,data.non-lethal,,497.5
2011,data.pr.100.000,data.non-lethal,Menn,469.4
2011,data.pr.100.000,data.non-lethal,Kvinnur,530.7
2012,data.persons,data.lethal,,1
2012,data.persons,data.lethal,Menn,1
2012,data.persons,data.lethal,Kvinnur,-
2012,data.persons,data.non-lethal,,126
2012,data.persons,data.non-lethal,Menn,69
2012,data.persons,data.non-lethal,Kvinnur,57
2012,data.pr.100.000,data.lethal,,3.6
2012,data.pr.100.000,data.lethal,Menn,6.7
2012,data.pr.100.000,data.lethal,Kvinnur,-
2012,data.pr.100.000,data.non-lethal,,453.4
2012,data.pr.100.000,data.non-lethal,Menn,464.1
2012,data.pr.100.000,data.non-lethal,Kvinnur,441.2
2013,data.persons,data.lethal,,1
2013,data.persons,data.lethal,Menn,1
2013,data.persons,data.lethal,Kvinnur,-
2013,data.persons,data.non-lethal,,144
2013,data.persons,data.non-lethal,Menn,68
2013,data.persons,data.non-lethal,Kvinnur,76
2013,data.pr.100.000,data.lethal,,3.6
2013,data.pr.100.000,data.lethal,Menn,6.6
2013,data.pr.100.000,data.lethal,Kvinnur,-
2013,data.pr.100.000,data.non-lethal,,525.5
2013,data.pr.100.000,data.non-lethal,Menn,450.1
2013,data.pr.100.000,data.non-lethal,Kvinnur,618.1
2014,data.persons,data.lethal,,1
2014,data.persons,data.lethal,Menn,1
2014,data.persons,data.lethal,Kvinnur,-
2014,data.persons,data.non-lethal,,167
2014,data.persons,data.non-lethal,Menn,76
2014,data.persons,data.non-lethal,Kvinnur,91
2014,data.pr.100.000,data.lethal,,3.6
2014,data.pr.100.000,data.lethal,Menn,6.6
2014,data.pr.100.000,data.lethal,Kvinnur,-
2014,data.pr.100.000,data.non-lethal,,600.8
2014,data.pr.100.000,data.non-lethal,Menn,498.3
2014,data.pr.100.000,data.non-lethal,Kvinnur,725.4
2015,data.persons,data.lethal,,-
2015,data.persons,data.lethal,Menn,-
2015,data.persons,data.lethal,Kvinnur,-
2015,data.persons,data.non-lethal,,188
2015,data.persons,data.non-lethal,Menn,114
2015,data.persons,data.non-lethal,Kvinnur,74
2015,data.pr.100.000,data.lethal,,-
2015,data.pr.100.000,data.lethal,Menn,-
2015,data.pr.100.000,data.lethal,Kvinnur,-
2015,data.pr.100.000,data.non-lethal,,658.2
2015,data.pr.100.000,data.non-lethal,Menn,737.0
2015,data.pr.100.000,data.non-lethal,Kvinnur,565.1
2016,data.persons,data.lethal,,2
2016,data.persons,data.lethal,Menn,2
2016,data.persons,data.lethal,Kvinnur,-
2016,data.persons,data.non-lethal,,184
2016,data.persons,data.non-lethal,Menn,108
2016,data.persons,data.non-lethal,Kvinnur,76
2016,data.pr.100.000,data.lethal,,7.0
2016,data.pr.100.000,data.lethal,Menn,13.0
2016,data.pr.100.000,data.lethal,Kvinnur,-
2016,data.pr.100.000,data.non-lethal,,643.9
2016,data.pr.100.000,data.non-lethal,Menn,701.7
2016,data.pr.100.000,data.non-lethal,Kvinnur,576.4
2017,data.persons,data.lethal,,-
2017,data.persons,data.lethal,Menn,-
2017,data.persons,data.lethal,Kvinnur,-
2017,data.persons,data.non-lethal,,178
2017,data.persons,data.non-lethal,Menn,122
2017,data.persons,data.non-lethal,Kvinnur,56
2017,data.pr.100.000,data.lethal,,-
2017,data.pr.100.000,data.lethal,Menn,-
2017,data.pr.100.000,data.lethal,Kvinnur,-
2017,data.pr.100.000,data.non-lethal,,610.8
2017,data.pr.100.000,data.non-lethal,Menn,782.5
2017,data.pr.100.000,data.non-lethal,Kvinnur,413.3
2018,data.persons,data.lethal,,1
2018,data.persons,data.lethal,Menn,1
2018,data.persons,data.lethal,Kvinnur,-
2018,data.persons,data.non-lethal,,215
2018,data.persons,data.non-lethal,Menn,131
2018,data.persons,data.non-lethal,Kvinnur,84
2018,data.pr.100.000,data.lethal,,3.3
2018,data.pr.100.000,data.lethal,Menn,6.1
2018,data.pr.100.000,data.lethal,Kvinnur,-
2018,data.pr.100.000,data.non-lethal,,705.6
2018,data.pr.100.000,data.non-lethal,Menn,795.2
2018,data.pr.100.000,data.non-lethal,Kvinnur,600.1
2019,data.persons,data.lethal,,1
2019,data.persons,data.lethal,Menn,-
2019,data.persons,data.lethal,Kvinnur,1
2019,data.persons,data.non-lethal,,226
2019,data.persons,data.non-lethal,Menn,119
2019,data.persons,data.non-lethal,Kvinnur,107
2019,data.pr.100.000,data.lethal,,3.2
2019,data.pr.100.000,data.lethal,Menn,-
2019,data.pr.100.000,data.lethal,Kvinnur,6.9
2019,data.pr.100.000,data.non-lethal,,724.2
2019,data.pr.100.000,data.non-lethal,Menn,708.8
2019,data.pr.100.000,data.non-lethal,Kvinnur,742.1
2020,data.persons,data.lethal,,3
2020,data.persons,data.lethal,Menn,3
2020,data.persons,data.lethal,Kvinnur,-
2020,data.persons,data.non-lethal,,170
2020,data.persons,data.non-lethal,Menn,100
2020,data.persons,data.non-lethal,Kvinnur,70
2020,data.pr.100.000,data.lethal,,9.6
2020,data.pr.100.000,data.lethal,Menn,17.8
2020,data.pr.100.000,data.lethal,Kvinnur,-
2020,data.pr.100.000,data.non-lethal,,544.2
2020,data.pr.100.000,data.non-lethal,Menn,594.5
2020,data.pr.100.000,data.non-lethal,Kvinnur,485.5
2021,data.persons,data.lethal,,-
2021,data.persons,data.lethal,,..
2021,data.persons,data.lethal,Menn,-
2021,data.persons,data.lethal,Menn,..
2021,data.persons,data.lethal,Kvinnur,-
2021,data.persons,data.lethal,Kvinnur,..
2021,data.pr.100.000,data.lethal,,-
2021,data.pr.100.000,data.lethal,,..
2021,data.pr.100.000,data.lethal,Menn,-
2021,data.pr.100.000,data.lethal,Menn,..
2021,data.pr.100.000,data.lethal,Kvinnur,-
2021,data.pr.100.000,data.lethal,Kvinnur,..
