Year,Series,data.frequencyofchlorophyll-aconcentration,data.nutrient,Value
2005,data.chlorophyll-adeviationsremotesensing,,,4.89118
2006,data.chlorophyll-adeviationsremotesensing,,,3.70124
2007,data.chlorophyll-adeviationsremotesensing,,,3.06608
2008,data.chlorophyll-adeviationsremotesensing,,,5.38985
2009,data.chlorophyll-adeviationsremotesensing,,,8.33331
2010,data.chlorophyll-adeviationsremotesensing,,,10.04076
2011,data.chlorophyll-adeviationsremotesensing,,,11.6396
2012,data.chlorophyll-adeviationsremotesensing,,,3.69643
2013,data.chlorophyll-adeviationsremotesensing,,,6.30942
2014,data.chlorophyll-adeviationsremotesensing,,,7.05934
2015,data.chlorophyll-adeviationsremotesensing,,,4.37811
2016,data.chlorophyll-adeviationsremotesensing,,,2.52618
2017,data.chlorophyll-adeviationsremotesensing,,,4.39161
2018,data.chlorophyll-adeviationsremotesensing,,,3.87649
2019,data.chlorophyll-adeviationsremotesensing,,,6.09887
2020,data.chlorophyll-adeviationsremotesensing,,,6.08639
2021,data.chlorophyll-adeviationsremotesensing,,,3.59289
2018,data.chlorophyllaanomalyremotesensing,data.highfrequency,,5.31634
2018,data.chlorophyllaanomalyremotesensing,data.moderatefrequency,,4.91874
2019,data.chlorophyllaanomalyremotesensing,data.highfrequency,,4.5185
2019,data.chlorophyllaanomalyremotesensing,data.moderatefrequency,,5.19455
2020,data.chlorophyllaanomalyremotesensing,data.highfrequency,,5.90088
2020,data.chlorophyllaanomalyremotesensing,data.moderatefrequency,,5.17124
1996,data.skopunnutrients,,data.nitrogen,-0.197566104175421
1996,data.skopunnutrients,,data.silica,22.9182946896709
1996,data.skopunnutrients,,data.phosphate,
1997,data.skopunnutrients,,data.nitrogen,-8.7286874793917
1997,data.skopunnutrients,,data.silica,51.4038234364231
1997,data.skopunnutrients,,data.phosphate,
1998,data.skopunnutrients,,data.nitrogen,-5.10588252528154
1998,data.skopunnutrients,,data.silica,-5.1863755943328
1998,data.skopunnutrients,,data.phosphate,
1999,data.skopunnutrients,,data.nitrogen,-0.197566104175421
1999,data.skopunnutrients,,data.silica,
1999,data.skopunnutrients,,data.phosphate,
2000,data.skopunnutrients,,data.nitrogen,-0.836669804840281
2000,data.skopunnutrients,,data.silica,9.75434967394894
2000,data.skopunnutrients,,data.phosphate,
2001,data.skopunnutrients,,data.nitrogen,2.61449017874997
2001,data.skopunnutrients,,data.silica,13.0881195840666
2001,data.skopunnutrients,,data.phosphate,
2002,data.skopunnutrients,,data.nitrogen,1.26811174328442
2002,data.skopunnutrients,,data.silica,3.46934609363656
2002,data.skopunnutrients,,data.phosphate,
2003,data.skopunnutrients,,data.nitrogen,-0.759977360760495
2003,data.skopunnutrients,,data.silica,2.66736219650497
2003,data.skopunnutrients,,data.phosphate,
2004,data.skopunnutrients,,data.nitrogen,-1.93592816998383
2004,data.skopunnutrients,,data.silica,-5.03705222318012
2004,data.skopunnutrients,,data.phosphate,
2005,data.skopunnutrients,,data.nitrogen,4.47702095185823
2005,data.skopunnutrients,,data.silica,6.28803429596037
2005,data.skopunnutrients,,data.phosphate,
2006,data.skopunnutrients,,data.nitrogen,0.67891899439505
2006,data.skopunnutrients,,data.silica,-3.66797511244391
2006,data.skopunnutrients,,data.phosphate,
2007,data.skopunnutrients,,data.nitrogen,0.562054270956175
2007,data.skopunnutrients,,data.silica,
2007,data.skopunnutrients,,data.phosphate,
2008,data.skopunnutrients,,data.nitrogen,5.28338723272642
2008,data.skopunnutrients,,data.silica,
2008,data.skopunnutrients,,data.phosphate,
2009,data.skopunnutrients,,data.nitrogen,6.54318844747699
2009,data.skopunnutrients,,data.silica,
2009,data.skopunnutrients,,data.phosphate,-11.4062390330222
2010,data.skopunnutrients,,data.nitrogen,-6.73497614175494
2010,data.skopunnutrients,,data.silica,23.0827181681397
2010,data.skopunnutrients,,data.phosphate,10.7650663183037
2011,data.skopunnutrients,,data.nitrogen,-1.0503860823426
2011,data.skopunnutrients,,data.silica,-7.1336193607715
2011,data.skopunnutrients,,data.phosphate,7.13302112696265
2012,data.skopunnutrients,,data.nitrogen,-7.18578160872526
2012,data.skopunnutrients,,data.silica,-1.87833179506403
2012,data.skopunnutrients,,data.phosphate,0.176731184224744
2013,data.skopunnutrients,,data.nitrogen,1.68736377092057
2013,data.skopunnutrients,,data.silica,-13.8264379096641
2013,data.skopunnutrients,,data.phosphate,3.77799633157136
2014,data.skopunnutrients,,data.nitrogen,1.80584504837274
2014,data.skopunnutrients,,data.silica,-16.6983679939903
2014,data.skopunnutrients,,data.phosphate,-7.00486868055228
2015,data.skopunnutrients,,data.nitrogen,2.48482881995909
2015,data.skopunnutrients,,data.silica,-19.8177162712287
2015,data.skopunnutrients,,data.phosphate,4.72602168659936
2016,data.skopunnutrients,,data.nitrogen,
2016,data.skopunnutrients,,data.silica,-18.3519984060203
2016,data.skopunnutrients,,data.phosphate,
2017,data.skopunnutrients,,data.nitrogen,-0.480612351125868
2017,data.skopunnutrients,,data.silica,-10.5692870855625
2017,data.skopunnutrients,,data.phosphate,
2018,data.skopunnutrients,,data.nitrogen,-2.61286680972806
2018,data.skopunnutrients,,data.silica,-6.18152911727838
2018,data.skopunnutrients,,data.phosphate,-13.7276406484792
2019,data.skopunnutrients,,data.nitrogen,0.0014933678565786
2019,data.skopunnutrients,,data.silica,-4.00800733823619
2019,data.skopunnutrients,,data.phosphate,-6.69953064412768
2020,data.skopunnutrients,,data.nitrogen,4.71893084429922
2020,data.skopunnutrients,,data.silica,4.5028651011553
2020,data.skopunnutrients,,data.phosphate,11.7623397437227
2021,data.skopunnutrients,,data.nitrogen,1.61646583979172
2021,data.skopunnutrients,,data.silica,-9.23041018945864
2021,data.skopunnutrients,,data.phosphate,-0.929298355601193
2022,data.skopunnutrients,,data.nitrogen,2.08480103163893
2022,data.skopunnutrients,,data.silica,-15.5878048422747
2022,data.skopunnutrients,,data.phosphate,1.42640097039801
