Year,data.measure,data.frequencyofchlorophyll-aconcentration,Value
2005,data.chlorophyll-adeviationsremotesensing,,4.89118
2006,data.chlorophyll-adeviationsremotesensing,,3.70124
2007,data.chlorophyll-adeviationsremotesensing,,3.06608
2008,data.chlorophyll-adeviationsremotesensing,,5.38985
2009,data.chlorophyll-adeviationsremotesensing,,8.33331
2010,data.chlorophyll-adeviationsremotesensing,,10.04076
2011,data.chlorophyll-adeviationsremotesensing,,11.6396
2012,data.chlorophyll-adeviationsremotesensing,,3.69643
2013,data.chlorophyll-adeviationsremotesensing,,6.30942
2014,data.chlorophyll-adeviationsremotesensing,,7.05934
2015,data.chlorophyll-adeviationsremotesensing,,4.37811
2016,data.chlorophyll-adeviationsremotesensing,,2.52618
2017,data.chlorophyll-adeviationsremotesensing,,4.39161
2018,data.chlorophyll-aanomalyremotesensing,data.highfrequency,11.00894
2018,data.chlorophyll-aanomalyremotesensing,data.moderatefrequency,9.49894
2018,data.chlorophyll-aanomalyremotesensing,data.extremefrequency,1.52241
2018,data.chlorophyll-adeviationsremotesensing,,3.87649
2019,data.chlorophyll-aanomalyremotesensing,data.highfrequency,14.42117
2019,data.chlorophyll-aanomalyremotesensing,data.moderatefrequency,12.39925
2019,data.chlorophyll-aanomalyremotesensing,data.extremefrequency,2.40385
2019,data.chlorophyll-adeviationsremotesensing,,6.09887
2020,data.chlorophyll-aanomalyremotesensing,data.highfrequency,10.86211
2020,data.chlorophyll-aanomalyremotesensing,data.moderatefrequency,7.9429
2020,data.chlorophyll-aanomalyremotesensing,data.extremefrequency,2.97794
2020,data.chlorophyll-adeviationsremotesensing,,6.08639
2021,data.chlorophyll-aanomalyremotesensing,data.highfrequency,11.39691
2021,data.chlorophyll-aanomalyremotesensing,data.moderatefrequency,10.4769
2021,data.chlorophyll-aanomalyremotesensing,data.extremefrequency,2.17138
2021,data.chlorophyll-adeviationsremotesensing,,3.59289
2022,data.chlorophyll-aanomalyremotesensing,data.highfrequency,11.56152
2022,data.chlorophyll-aanomalyremotesensing,data.moderatefrequency,10.10695
2022,data.chlorophyll-aanomalyremotesensing,data.extremefrequency,2.41868
2022,data.chlorophyll-adeviationsremotesensing,,5.8465
1996,data.skopunnutrients,,-0.197566104175421
1996,data.skopunnutrients,,22.9182946896709
1996,data.skopunnutrients,,
1997,data.skopunnutrients,,-8.7286874793917
1997,data.skopunnutrients,,51.4038234364231
1997,data.skopunnutrients,,
1998,data.skopunnutrients,,-5.10588252528154
1998,data.skopunnutrients,,-5.1863755943328
1998,data.skopunnutrients,,
1999,data.skopunnutrients,,-0.197566104175421
1999,data.skopunnutrients,,
1999,data.skopunnutrients,,
2000,data.skopunnutrients,,-0.836669804840281
2000,data.skopunnutrients,,9.75434967394894
2000,data.skopunnutrients,,
2001,data.skopunnutrients,,2.61449017874997
2001,data.skopunnutrients,,13.0881195840666
2001,data.skopunnutrients,,
2002,data.skopunnutrients,,1.26811174328442
2002,data.skopunnutrients,,3.46934609363656
2002,data.skopunnutrients,,
2003,data.skopunnutrients,,-0.759977360760495
2003,data.skopunnutrients,,2.66736219650497
2003,data.skopunnutrients,,
2004,data.skopunnutrients,,-1.93592816998383
2004,data.skopunnutrients,,-5.03705222318012
2004,data.skopunnutrients,,
2005,data.skopunnutrients,,4.47702095185823
2005,data.skopunnutrients,,6.28803429596037
2005,data.skopunnutrients,,
2006,data.skopunnutrients,,0.67891899439505
2006,data.skopunnutrients,,-3.66797511244391
2006,data.skopunnutrients,,
2007,data.skopunnutrients,,0.562054270956175
2007,data.skopunnutrients,,
2007,data.skopunnutrients,,
2008,data.skopunnutrients,,5.28338723272642
2008,data.skopunnutrients,,
2008,data.skopunnutrients,,
2009,data.skopunnutrients,,6.54318844747699
2009,data.skopunnutrients,,
2009,data.skopunnutrients,,-11.4062390330222
2010,data.skopunnutrients,,-6.73497614175494
2010,data.skopunnutrients,,23.0827181681397
2010,data.skopunnutrients,,10.7650663183037
2011,data.skopunnutrients,,-1.0503860823426
2011,data.skopunnutrients,,-7.1336193607715
2011,data.skopunnutrients,,7.13302112696265
2012,data.skopunnutrients,,-7.18578160872526
2012,data.skopunnutrients,,-1.87833179506403
2012,data.skopunnutrients,,0.176731184224744
2013,data.skopunnutrients,,1.68736377092057
2013,data.skopunnutrients,,-13.8264379096641
2013,data.skopunnutrients,,3.77799633157136
2014,data.skopunnutrients,,1.80584504837274
2014,data.skopunnutrients,,-16.6983679939903
2014,data.skopunnutrients,,-7.00486868055228
2015,data.skopunnutrients,,2.48482881995909
2015,data.skopunnutrients,,-19.8177162712287
2015,data.skopunnutrients,,4.72602168659936
2016,data.skopunnutrients,,
2016,data.skopunnutrients,,-18.3519984060203
2016,data.skopunnutrients,,
2017,data.skopunnutrients,,-0.480612351125868
2017,data.skopunnutrients,,-10.5692870855625
2017,data.skopunnutrients,,
2018,data.skopunnutrients,,-2.61286680972806
2018,data.skopunnutrients,,-6.18152911727838
2018,data.skopunnutrients,,-13.7276406484792
2019,data.skopunnutrients,,0.0014933678565786
2019,data.skopunnutrients,,-4.00800733823619
2019,data.skopunnutrients,,-6.69953064412768
2020,data.skopunnutrients,,4.71893084429922
2020,data.skopunnutrients,,4.5028651011553
2020,data.skopunnutrients,,11.7623397437227
2021,data.skopunnutrients,,1.61646583979172
2021,data.skopunnutrients,,-9.23041018945864
2021,data.skopunnutrients,,-0.929298355601193
2022,data.skopunnutrients,,2.08480103163893
2022,data.skopunnutrients,,-15.5878048422747
2022,data.skopunnutrients,,1.42640097039801
