Year,data.measure,Value
1998,data.merchandisetrade,73.1
1998,data.personalremittances,4.2
1998,data.currentaccountbalance,19.2
1998,data.foreigndirectinvestment,..
1998,data.portfolioinvestment,..
1998,data.reservesinmonthsofimports,..
1998,data.debtservice,..
1998,data.externaldebtstocks,..
1998,data.DECalternativeconversionfactor,669.7
1998,data.annualbroadmoneygrowth,..
1998,data.broadmoney,..
1998,data.banknonperformingloans,..
1998,data.bankcapitaltoassetsratio,..
1998,data.taxrevenuegdp,44.4
1998,data.cashsurplusdeficit,31.3
1998,data.grossPSD,..
1998,data.annualGDPgrowth,..
1998,data.annualgrowthofthegrosscapitalformation,..
1998,data.annualgrowthofhouseholdsandNPISHs,..
1998,data.annualgrowthofthegeneralgovernmentfinalconsumptionexpenditure,..
1998,data.annualgrowthofexportsofgoodsandservices,..
1998,data.annualgrowthofimportsofgoodsandservices,..
1998,data.annualinflationconsumerprices,4.7
1998,data.totalunemploymentoutoftotallabourforce,..
1999,data.merchandisetrade,82.2
1999,data.personalremittances,4.3
1999,data.currentaccountbalance,14.8
1999,data.foreigndirectinvestment,..
1999,data.portfolioinvestment,..
1999,data.reservesinmonthsofimports,..
1999,data.debtservice,..
1999,data.externaldebtstocks,..
1999,data.DECalternativeconversionfactor,698.3
1999,data.annualbroadmoneygrowth,..
1999,data.broadmoney,..
1999,data.banknonperformingloans,..
1999,data.bankcapitaltoassetsratio,..
1999,data.taxrevenuegdp,45.9
1999,data.cashsurplusdeficit,14.8
1999,data.grossPSD,..
1999,data.annualGDPgrowth,5.8
1999,data.annualgrowthofthegrosscapitalformation,14.5
1999,data.annualgrowthofhouseholdsandNPISHs,9.8
1999,data.annualgrowthofthegeneralgovernmentfinalconsumptionexpenditure,9.4
1999,data.annualgrowthofexportsofgoodsandservices,11.1
1999,data.annualgrowthofimportsofgoodsandservices,22.3
1999,data.annualinflationconsumerprices,5.1
1999,data.totalunemploymentoutoftotallabourforce,..
2000,data.merchandisetrade,93.0
2000,data.personalremittances,3.9
2000,data.currentaccountbalance,9.3
2000,data.foreigndirectinvestment,..
2000,data.portfolioinvestment,..
2000,data.reservesinmonthsofimports,..
2000,data.debtservice,..
2000,data.externaldebtstocks,..
2000,data.DECalternativeconversionfactor,809.0
2000,data.annualbroadmoneygrowth,..
2000,data.broadmoney,..
2000,data.banknonperformingloans,..
2000,data.bankcapitaltoassetsratio,..
2000,data.taxrevenuegdp,45.0
2000,data.cashsurplusdeficit,9.3
2000,data.grossPSD,..
2000,data.annualGDPgrowth,9.4
2000,data.annualgrowthofthegrosscapitalformation,42.3
2000,data.annualgrowthofhouseholdsandNPISHs,5.3
2000,data.annualgrowthofthegeneralgovernmentfinalconsumptionexpenditure,9.0
2000,data.annualgrowthofexportsofgoodsandservices,15.4
2000,data.annualgrowthofimportsofgoodsandservices,25.5
2000,data.annualinflationconsumerprices,4.9
2000,data.totalunemploymentoutoftotallabourforce,..
2001,data.merchandisetrade,86.2
2001,data.personalremittances,3.2
2001,data.currentaccountbalance,12.5
2001,data.foreigndirectinvestment,..
2001,data.portfolioinvestment,..
2001,data.reservesinmonthsofimports,..
2001,data.debtservice,..
2001,data.externaldebtstocks,..
2001,data.DECalternativeconversionfactor,831.9
2001,data.annualbroadmoneygrowth,..
2001,data.broadmoney,..
2001,data.banknonperformingloans,..
2001,data.bankcapitaltoassetsratio,..
2001,data.taxrevenuegdp,44.2
2001,data.cashsurplusdeficit,12.5
2001,data.grossPSD,..
2001,data.annualGDPgrowth,12.0
2001,data.annualgrowthofthegrosscapitalformation,-5.3
2001,data.annualgrowthofhouseholdsandNPISHs,9.4
2001,data.annualgrowthofthegeneralgovernmentfinalconsumptionexpenditure,11.1
2001,data.annualgrowthofexportsofgoodsandservices,12.5
2001,data.annualgrowthofimportsofgoodsandservices,0.9
2001,data.annualinflationconsumerprices,2.7
2001,data.totalunemploymentoutoftotallabourforce,..
2002,data.merchandisetrade,79.7
2002,data.personalremittances,3.0
2002,data.currentaccountbalance,10.1
2002,data.foreigndirectinvestment,..
2002,data.portfolioinvestment,..
2002,data.reservesinmonthsofimports,..
2002,data.debtservice,..
2002,data.externaldebtstocks,..
2002,data.DECalternativeconversionfactor,788.1
2002,data.annualbroadmoneygrowth,..
2002,data.broadmoney,..
2002,data.banknonperformingloans,..
2002,data.bankcapitaltoassetsratio,..
2002,data.taxrevenuegdp,45.2
2002,data.cashsurplusdeficit,10.1
2002,data.grossPSD,..
2002,data.annualGDPgrowth,4.2
2002,data.annualgrowthofthegrosscapitalformation,-6.7
2002,data.annualgrowthofhouseholdsandNPISHs,4.7
2002,data.annualgrowthofthegeneralgovernmentfinalconsumptionexpenditure,8.8
2002,data.annualgrowthofexportsofgoodsandservices,-0.8
2002,data.annualgrowthofimportsofgoodsandservices,-3.1
2002,data.annualinflationconsumerprices,0.5
2002,data.totalunemploymentoutoftotallabourforce,..
2003,data.merchandisetrade,87.4
2003,data.personalremittances,3.4
2003,data.currentaccountbalance,-3.5
2003,data.foreigndirectinvestment,..
2003,data.portfolioinvestment,..
2003,data.reservesinmonthsofimports,..
2003,data.debtservice,..
2003,data.externaldebtstocks,61.6
2003,data.DECalternativeconversionfactor,659.0
2003,data.annualbroadmoneygrowth,..
2003,data.broadmoney,..
2003,data.banknonperformingloans,..
2003,data.bankcapitaltoassetsratio,..
2003,data.taxrevenuegdp,45.3
2003,data.cashsurplusdeficit,-3.5
2003,data.grossPSD,..
2003,data.annualGDPgrowth,-1.9
2003,data.annualgrowthofthegrosscapitalformation,32.8
2003,data.annualgrowthofhouseholdsandNPISHs,5.4
2003,data.annualgrowthofthegeneralgovernmentfinalconsumptionexpenditure,6.7
2003,data.annualgrowthofexportsofgoodsandservices,-6.3
2003,data.annualgrowthofimportsofgoodsandservices,21.9
2003,data.annualinflationconsumerprices,1.2
2003,data.totalunemploymentoutoftotallabourforce,..
2004,data.merchandisetrade,71.6
2004,data.personalremittances,2.9
2004,data.currentaccountbalance,5.3
2004,data.foreigndirectinvestment,..
2004,data.portfolioinvestment,..
2004,data.reservesinmonthsofimports,..
2004,data.debtservice,..
2004,data.externaldebtstocks,60.3
2004,data.DECalternativeconversionfactor,598.9
2004,data.annualbroadmoneygrowth,..
2004,data.broadmoney,..
2004,data.banknonperformingloans,..
2004,data.bankcapitaltoassetsratio,..
2004,data.taxrevenuegdp,43.8
2004,data.cashsurplusdeficit,5.3
2004,data.grossPSD,..
2004,data.annualGDPgrowth,3.6
2004,data.annualgrowthofthegrosscapitalformation,-34.1
2004,data.annualgrowthofhouseholdsandNPISHs,7.2
2004,data.annualgrowthofthegeneralgovernmentfinalconsumptionexpenditure,6.0
2004,data.annualgrowthofexportsofgoodsandservices,-2.4
2004,data.annualgrowthofimportsofgoodsandservices,-15.6
2004,data.annualinflationconsumerprices,0.6
2004,data.totalunemploymentoutoftotallabourforce,..
2005,data.merchandisetrade,75.6
2005,data.personalremittances,3.7
2005,data.currentaccountbalance,-5.7
2005,data.foreigndirectinvestment,..
2005,data.portfolioinvestment,..
2005,data.reservesinmonthsofimports,..
2005,data.debtservice,..
2005,data.externaldebtstocks,75.5
2005,data.DECalternativeconversionfactor,600.3
2005,data.annualbroadmoneygrowth,..
2005,data.broadmoney,..
2005,data.banknonperformingloans,..
2005,data.bankcapitaltoassetsratio,..
2005,data.taxrevenuegdp,43.6
2005,data.cashsurplusdeficit,-5.7
2005,data.grossPSD,..
2005,data.annualGDPgrowth,2.8
2005,data.annualgrowthofthegrosscapitalformation,11.8
2005,data.annualgrowthofhouseholdsandNPISHs,18.1
2005,data.annualgrowthofthegeneralgovernmentfinalconsumptionexpenditure,5.2
2005,data.annualgrowthofexportsofgoodsandservices,-1.7
2005,data.annualgrowthofimportsofgoodsandservices,21.0
2005,data.annualinflationconsumerprices,2.0
2005,data.totalunemploymentoutoftotallabourforce,3.5
2006,data.merchandisetrade,71.0
2006,data.personalremittances,3.6
2006,data.currentaccountbalance,-3.1
2006,data.foreigndirectinvestment,..
2006,data.portfolioinvestment,..
2006,data.reservesinmonthsofimports,..
2006,data.debtservice,..
2006,data.externaldebtstocks,84.4
2006,data.DECalternativeconversionfactor,594.7
2006,data.annualbroadmoneygrowth,..
2006,data.broadmoney,..
2006,data.banknonperformingloans,..
2006,data.bankcapitaltoassetsratio,..
2006,data.taxrevenuegdp,43.5
2006,data.cashsurplusdeficit,-3.1
2006,data.grossPSD,..
2006,data.annualGDPgrowth,13.9
2006,data.annualgrowthofthegrosscapitalformation,49.5
2006,data.annualgrowthofhouseholdsandNPISHs,1.3
2006,data.annualgrowthofthegeneralgovernmentfinalconsumptionexpenditure,3.9
2006,data.annualgrowthofexportsofgoodsandservices,13.0
2006,data.annualgrowthofimportsofgoodsandservices,7.3
2006,data.annualinflationconsumerprices,1.5
2006,data.totalunemploymentoutoftotallabourforce,1.8
2007,data.merchandisetrade,75.4
2007,data.personalremittances,3.8
2007,data.currentaccountbalance,-3.5
2007,data.foreigndirectinvestment,..
2007,data.portfolioinvestment,..
2007,data.reservesinmonthsofimports,..
2007,data.debtservice,..
2007,data.externaldebtstocks,108.2
2007,data.DECalternativeconversionfactor,544.6
2007,data.annualbroadmoneygrowth,..
2007,data.broadmoney,..
2007,data.banknonperformingloans,..
2007,data.bankcapitaltoassetsratio,..
2007,data.taxrevenuegdp,44.9
2007,data.cashsurplusdeficit,-3.5
2007,data.grossPSD,..
2007,data.annualGDPgrowth,6.0
2007,data.annualgrowthofthegrosscapitalformation,19.2
2007,data.annualgrowthofhouseholdsandNPISHs,1.2
2007,data.annualgrowthofthegeneralgovernmentfinalconsumptionexpenditure,8.3
2007,data.annualgrowthofexportsofgoodsandservices,7.0
2007,data.annualgrowthofimportsofgoodsandservices,9.5
2007,data.annualinflationconsumerprices,3.6
2007,data.totalunemploymentoutoftotallabourforce,1.7
2008,data.merchandisetrade,73.8
2008,data.personalremittances,4.5
2008,data.currentaccountbalance,-4.8
2008,data.foreigndirectinvestment,..
2008,data.portfolioinvestment,..
2008,data.reservesinmonthsofimports,..
2008,data.debtservice,..
2008,data.externaldebtstocks,118.4
2008,data.DECalternativeconversionfactor,509.9
2008,data.annualbroadmoneygrowth,..
2008,data.broadmoney,..
2008,data.banknonperformingloans,..
2008,data.bankcapitaltoassetsratio,..
2008,data.taxrevenuegdp,45.2
2008,data.cashsurplusdeficit,-4.8
2008,data.grossPSD,..
2008,data.annualGDPgrowth,-0.1
2008,data.annualgrowthofthegrosscapitalformation,-18.1
2008,data.annualgrowthofhouseholdsandNPISHs,-2.1
2008,data.annualgrowthofthegeneralgovernmentfinalconsumptionexpenditure,10.7
2008,data.annualgrowthofexportsofgoodsandservices,8.8
2008,data.annualgrowthofimportsofgoodsandservices,-0.1
2008,data.annualinflationconsumerprices,6.3
2008,data.totalunemploymentoutoftotallabourforce,2.4
2009,data.merchandisetrade,67.7
2009,data.personalremittances,5.3
2009,data.currentaccountbalance,-5.7
2009,data.foreigndirectinvestment,..
2009,data.portfolioinvestment,..
2009,data.reservesinmonthsofimports,..
2009,data.debtservice,..
2009,data.externaldebtstocks,140.4
2009,data.DECalternativeconversionfactor,535.5
2009,data.annualbroadmoneygrowth,..
2009,data.broadmoney,..
2009,data.banknonperformingloans,..
2009,data.bankcapitaltoassetsratio,..
2009,data.taxrevenuegdp,43.7
2009,data.cashsurplusdeficit,-5.7
2009,data.grossPSD,..
2009,data.annualGDPgrowth,-3.0
2009,data.annualgrowthofthegrosscapitalformation,-36.2
2009,data.annualgrowthofhouseholdsandNPISHs,5.4
2009,data.annualgrowthofthegeneralgovernmentfinalconsumptionexpenditure,3.8
2009,data.annualgrowthofexportsofgoodsandservices,-7.9
2009,data.annualgrowthofimportsofgoodsandservices,-10.3
2009,data.annualinflationconsumerprices,-1.1
2009,data.totalunemploymentoutoftotallabourforce,3.9
2010,data.merchandisetrade,69.6
2010,data.personalremittances,5.4
2010,data.currentaccountbalance,4.1
2010,data.foreigndirectinvestment,..
2010,data.portfolioinvestment,..
2010,data.reservesinmonthsofimports,..
2010,data.debtservice,..
2010,data.externaldebtstocks,144.7
2010,data.DECalternativeconversionfactor,562.6
2010,data.annualbroadmoneygrowth,..
2010,data.broadmoney,..
2010,data.banknonperformingloans,..
2010,data.bankcapitaltoassetsratio,..
2010,data.taxrevenuegdp,43.1
2010,data.cashsurplusdeficit,4.1
2010,data.grossPSD,..
2010,data.annualGDPgrowth,6.1
2010,data.annualgrowthofthegrosscapitalformation,18.4
2010,data.annualgrowthofhouseholdsandNPISHs,-7.1
2010,data.annualgrowthofthegeneralgovernmentfinalconsumptionexpenditure,4.8
2010,data.annualgrowthofexportsofgoodsandservices,14.0
2010,data.annualgrowthofimportsofgoodsandservices,1.1
2010,data.annualinflationconsumerprices,0.4
2010,data.totalunemploymentoutoftotallabourforce,6.4
2011,data.merchandisetrade,79.8
2011,data.personalremittances,6.1
2011,data.currentaccountbalance,12.1
2011,data.foreigndirectinvestment,..
2011,data.portfolioinvestment,..
2011,data.reservesinmonthsofimports,..
2011,data.debtservice,..
2011,data.externaldebtstocks,128.2
2011,data.DECalternativeconversionfactor,536.2
2011,data.annualbroadmoneygrowth,..
2011,data.broadmoney,..
2011,data.banknonperformingloans,..
2011,data.bankcapitaltoassetsratio,..
2011,data.taxrevenuegdp,43.8
2011,data.cashsurplusdeficit,12.1
2011,data.grossPSD,..
2011,data.annualGDPgrowth,2.7
2011,data.annualgrowthofthegrosscapitalformation,-14.6
2011,data.annualgrowthofhouseholdsandNPISHs,4.3
2011,data.annualgrowthofthegeneralgovernmentfinalconsumptionexpenditure,1.7
2011,data.annualgrowthofexportsofgoodsandservices,15.1
2011,data.annualgrowthofimportsofgoodsandservices,8.6
2011,data.annualinflationconsumerprices,2.3
2011,data.totalunemploymentoutoftotallabourforce,5.3
2012,data.merchandisetrade,87.3
2012,data.personalremittances,6.5
2012,data.currentaccountbalance,-1.3
2012,data.foreigndirectinvestment,..
2012,data.portfolioinvestment,..
2012,data.reservesinmonthsofimports,..
2012,data.debtservice,..
2012,data.externaldebtstocks,131.9
2012,data.DECalternativeconversionfactor,579.7
2012,data.annualbroadmoneygrowth,..
2012,data.broadmoney,..
2012,data.banknonperformingloans,..
2012,data.bankcapitaltoassetsratio,..
2012,data.taxrevenuegdp,43.0
2012,data.cashsurplusdeficit,-1.3
2012,data.grossPSD,..
2012,data.annualGDPgrowth,4.2
2012,data.annualgrowthofthegrosscapitalformation,70.4
2012,data.annualgrowthofhouseholdsandNPISHs,7.9
2012,data.annualgrowthofthegeneralgovernmentfinalconsumptionexpenditure,1.8
2012,data.annualgrowthofexportsofgoodsandservices,4.8
2012,data.annualgrowthofimportsofgoodsandservices,26.4
2012,data.annualinflationconsumerprices,2.1
2012,data.totalunemploymentoutoftotallabourforce,3.0
2013,data.merchandisetrade,82.7
2013,data.personalremittances,6.7
2013,data.currentaccountbalance,7.7
2013,data.foreigndirectinvestment,..
2013,data.portfolioinvestment,..
2013,data.reservesinmonthsofimports,..
2013,data.debtservice,..
2013,data.externaldebtstocks,134.3
2013,data.DECalternativeconversionfactor,561.6
2013,data.annualbroadmoneygrowth,..
2013,data.broadmoney,..
2013,data.banknonperformingloans,..
2013,data.bankcapitaltoassetsratio,..
2013,data.taxrevenuegdp,40.2
2013,data.cashsurplusdeficit,7.7
2013,data.grossPSD,..
2013,data.annualGDPgrowth,7.5
2013,data.annualgrowthofthegrosscapitalformation,-11.1
2013,data.annualgrowthofhouseholdsandNPISHs,1.5
2013,data.annualgrowthofthegeneralgovernmentfinalconsumptionexpenditure,2.9
2013,data.annualgrowthofexportsofgoodsandservices,13.4
2013,data.annualgrowthofimportsofgoodsandservices,-2.5
2013,data.annualinflationconsumerprices,-0.6
2013,data.totalunemploymentoutoftotallabourforce,4.0
2014,data.merchandisetrade,76.7
2014,data.personalremittances,6.3
2014,data.currentaccountbalance,9.4
2014,data.foreigndirectinvestment,..
2014,data.portfolioinvestment,..
2014,data.reservesinmonthsofimports,..
2014,data.debtservice,..
2014,data.externaldebtstocks,131.8
2014,data.DECalternativeconversionfactor,561.9
2014,data.annualbroadmoneygrowth,..
2014,data.broadmoney,..
2014,data.banknonperformingloans,..
2014,data.bankcapitaltoassetsratio,..
2014,data.taxrevenuegdp,39.8
2014,data.cashsurplusdeficit,9.4
2014,data.grossPSD,..
2014,data.annualGDPgrowth,8.3
2014,data.annualgrowthofthegrosscapitalformation,9.7
2014,data.annualgrowthofhouseholdsandNPISHs,2.8
2014,data.annualgrowthofthegeneralgovernmentfinalconsumptionexpenditure,2.8
2014,data.annualgrowthofexportsofgoodsandservices,4.3
2014,data.annualgrowthofimportsofgoodsandservices,-2.6
2014,data.annualinflationconsumerprices,-1.0
2014,data.totalunemploymentoutoftotallabourforce,3.2
2015,data.merchandisetrade,75.7
2015,data.personalremittances,6.0
2015,data.currentaccountbalance,8.5
2015,data.foreigndirectinvestment,..
2015,data.portfolioinvestment,..
2015,data.reservesinmonthsofimports,..
2015,data.debtservice,..
2015,data.externaldebtstocks,133.8
2015,data.DECalternativeconversionfactor,672.7
2015,data.annualbroadmoneygrowth,..
2015,data.broadmoney,..
2015,data.banknonperformingloans,..
2015,data.bankcapitaltoassetsratio,..
2015,data.taxrevenuegdp,40.8
2015,data.cashsurplusdeficit,8.5
2015,data.grossPSD,..
2015,data.annualGDPgrowth,5.9
2015,data.annualgrowthofthegrosscapitalformation,17.1
2015,data.annualgrowthofhouseholdsandNPISHs,2.3
2015,data.annualgrowthofthegeneralgovernmentfinalconsumptionexpenditure,2.9
2015,data.annualgrowthofexportsofgoodsandservices,5.5
2015,data.annualgrowthofimportsofgoodsandservices,5.2
2015,data.annualinflationconsumerprices,-1.7
2015,data.totalunemploymentoutoftotallabourforce,3.3
2016,data.merchandisetrade,77.5
2016,data.personalremittances,5.7
2016,data.currentaccountbalance,12.7
2016,data.foreigndirectinvestment,..
2016,data.portfolioinvestment,..
2016,data.reservesinmonthsofimports,..
2016,data.debtservice,..
2016,data.externaldebtstocks,119.7
2016,data.DECalternativeconversionfactor,673.3
2016,data.annualbroadmoneygrowth,..
2016,data.broadmoney,..
2016,data.banknonperformingloans,..
2016,data.bankcapitaltoassetsratio,..
2016,data.taxrevenuegdp,39.4
2016,data.cashsurplusdeficit,12.7
2016,data.grossPSD,..
2016,data.annualGDPgrowth,9.5
2016,data.annualgrowthofthegrosscapitalformation,0.5
2016,data.annualgrowthofhouseholdsandNPISHs,7.0
2016,data.annualgrowthofthegeneralgovernmentfinalconsumptionexpenditure,7.1
2016,data.annualgrowthofexportsofgoodsandservices,12.1
2016,data.annualgrowthofimportsofgoodsandservices,4.4
2016,data.annualinflationconsumerprices,-0.3
2016,data.totalunemploymentoutoftotallabourforce,3.5
2017,data.merchandisetrade,81.5
2017,data.personalremittances,5.2
2017,data.currentaccountbalance,14.9
2017,data.foreigndirectinvestment,..
2017,data.portfolioinvestment,..
2017,data.reservesinmonthsofimports,..
2017,data.debtservice,..
2017,data.externaldebtstocks,110.2
2017,data.DECalternativeconversionfactor,659.5
2017,data.annualbroadmoneygrowth,..
2017,data.broadmoney,..
2017,data.banknonperformingloans,..
2017,data.bankcapitaltoassetsratio,..
2017,data.taxrevenuegdp,40.9
2017,data.cashsurplusdeficit,14.9
2017,data.grossPSD,..
2017,data.annualGDPgrowth,3.9
2017,data.annualgrowthofthegrosscapitalformation,8.6
2017,data.annualgrowthofhouseholdsandNPISHs,-0.5
2017,data.annualgrowthofthegeneralgovernmentfinalconsumptionexpenditure,3.6
2017,data.annualgrowthofexportsofgoodsandservices,7.4
2017,data.annualgrowthofimportsofgoodsandservices,5.7
2017,data.annualinflationconsumerprices,1.1
2017,data.totalunemploymentoutoftotallabourforce,2.5
2018,data.merchandisetrade,78.0
2018,data.personalremittances,5.2
2018,data.currentaccountbalance,6.0
2018,data.foreigndirectinvestment,..
2018,data.portfolioinvestment,..
2018,data.reservesinmonthsofimports,..
2018,data.debtservice,..
2018,data.externaldebtstocks,114.6
2018,data.DECalternativeconversionfactor,631.7
2018,data.annualbroadmoneygrowth,..
2018,data.broadmoney,..
2018,data.banknonperformingloans,..
2018,data.bankcapitaltoassetsratio,..
2018,data.taxrevenuegdp,41.9
2018,data.cashsurplusdeficit,8.5
2018,data.grossPSD,..
2018,data.annualGDPgrowth,2.4
2018,data.annualgrowthofthegrosscapitalformation,32.7
2018,data.annualgrowthofhouseholdsandNPISHs,0.3
2018,data.annualgrowthofthegeneralgovernmentfinalconsumptionexpenditure,5.5
2018,data.annualgrowthofexportsofgoodsandservices,-4.1
2018,data.annualgrowthofimportsofgoodsandservices,8.7
2018,data.annualinflationconsumerprices,1.2
2018,data.totalunemploymentoutoftotallabourforce,1.8
2019,data.merchandisetrade,80.7
2019,data.personalremittances,4.8
2019,data.currentaccountbalance,10.1
2019,data.foreigndirectinvestment,..
2019,data.portfolioinvestment,..
2019,data.reservesinmonthsofimports,..
2019,data.debtservice,..
2019,data.externaldebtstocks,140.0
2019,data.DECalternativeconversionfactor,667.0
2019,data.annualbroadmoneygrowth,..
2019,data.broadmoney,..
2019,data.banknonperformingloans,..
2019,data.bankcapitaltoassetsratio,..
2019,data.taxrevenuegdp,41.4
2019,data.cashsurplusdeficit,12.0
2019,data.grossPSD,..
2019,data.annualGDPgrowth,8.6
2019,data.annualgrowthofthegrosscapitalformation,1.8
2019,data.annualgrowthofhouseholdsandNPISHs,5.1
2019,data.annualgrowthofthegeneralgovernmentfinalconsumptionexpenditure,4.9
2019,data.annualgrowthofexportsofgoodsandservices,14.2
2019,data.annualgrowthofimportsofgoodsandservices,5.8
2019,data.annualinflationconsumerprices,1.3
2019,data.totalunemploymentoutoftotallabourforce,1.3
2020,data.merchandisetrade,77.1
2020,data.personalremittances,4.5
2020,data.currentaccountbalance,6.6
2020,data.foreigndirectinvestment,..
2020,data.portfolioinvestment,..
2020,data.reservesinmonthsofimports,..
2020,data.debtservice,..
2020,data.externaldebtstocks,..
2020,data.DECalternativeconversionfactor,653.4
2020,data.annualbroadmoneygrowth,..
2020,data.broadmoney,..
2020,data.banknonperformingloans,..
2020,data.bankcapitaltoassetsratio,..
2020,data.taxrevenuegdp,..
2020,data.cashsurplusdeficit,6.6
2020,data.grossPSD,..
2020,data.annualGDPgrowth,-2.7
2020,data.annualgrowthofthegrosscapitalformation,-0.3
2020,data.annualgrowthofhouseholdsandNPISHs,0.2
2020,data.annualgrowthofthegeneralgovernmentfinalconsumptionexpenditure,5.5
2020,data.annualgrowthofexportsofgoodsandservices,-16.4
2020,data.annualgrowthofimportsofgoodsandservices,-9.3
2020,data.annualinflationconsumerprices,0.3
2020,data.totalunemploymentoutoftotallabourforce,1.7
2021,data.merchandisetrade,..
2021,data.personalremittances,..
2021,data.currentaccountbalance,..
2021,data.foreigndirectinvestment,..
2021,data.portfolioinvestment,..
2021,data.reservesinmonthsofimports,..
2021,data.debtservice,..
2021,data.externaldebtstocks,..
2021,data.DECalternativeconversionfactor,629.2
2021,data.annualbroadmoneygrowth,..
2021,data.broadmoney,..
2021,data.banknonperformingloans,..
2021,data.bankcapitaltoassetsratio,..
2021,data.taxrevenuegdp,..
2021,data.cashsurplusdeficit,..
2021,data.grossPSD,..
2021,data.annualGDPgrowth,..
2021,data.annualgrowthofthegrosscapitalformation,..
2021,data.annualgrowthofhouseholdsandNPISHs,..
2021,data.annualgrowthofthegeneralgovernmentfinalconsumptionexpenditure,..
2021,data.annualgrowthofexportsofgoodsandservices,..
2021,data.annualgrowthofimportsofgoodsandservices,..
2021,data.annualinflationconsumerprices,2.7
2021,data.totalunemploymentoutoftotallabourforce,2.1
