Year,Units,material type,Value
1998,data.domesticmaterialconsumption,,886.67
1998,data.domesticmaterialconsumption,data.biomass,357.44
1998,data.domesticmaterialconsumption,data.metallicminerals,2.65
1998,data.domesticmaterialconsumption,data.non-metallicminerals,287.8
1998,data.domesticmaterialconsumption,data.fossilenergyandotherproducts,238.78
1998,data.domesticmaterialconsumptionpercapita,,19.93
1998,data.domesticmaterialconsumptionpercapita,data.biomass,8.03
1998,data.domesticmaterialconsumptionpercapita,data.metallicminerals,0.06
1998,data.domesticmaterialconsumptionpercapita,data.non-metallicminerals,6.47
1998,data.domesticmaterialconsumptionpercapita,data.fossilenergyandotherproducts,5.37
1998,data.domesticmaterialconsumptionperunitofgdp,,
1998,data.domesticmaterialconsumptionperunitofgdp,data.biomass,
1998,data.domesticmaterialconsumptionperunitofgdp,data.metallicminerals,
1998,data.domesticmaterialconsumptionperunitofgdp,data.non-metallicminerals,
1998,data.domesticmaterialconsumptionperunitofgdp,data.fossilenergyandotherproducts,
1998,data.domesticmaterialconsumptionperunitofrealgdp,,
1998,data.domesticmaterialconsumptionperunitofrealgdp,data.biomass,
1998,data.domesticmaterialconsumptionperunitofrealgdp,data.metallicminerals,
1998,data.domesticmaterialconsumptionperunitofrealgdp,data.non-metallicminerals,
1998,data.domesticmaterialconsumptionperunitofrealgdp,data.fossilenergyandotherproducts,
1999,data.domesticmaterialconsumption,,933.86
1999,data.domesticmaterialconsumption,data.biomass,364.67
1999,data.domesticmaterialconsumption,data.metallicminerals,3.85
1999,data.domesticmaterialconsumption,data.non-metallicminerals,311.04
1999,data.domesticmaterialconsumption,data.fossilenergyandotherproducts,254.3
1999,data.domesticmaterialconsumptionpercapita,,20.73
1999,data.domesticmaterialconsumptionpercapita,data.biomass,8.09
1999,data.domesticmaterialconsumptionpercapita,data.metallicminerals,0.09
1999,data.domesticmaterialconsumptionpercapita,data.non-metallicminerals,6.9
1999,data.domesticmaterialconsumptionpercapita,data.fossilenergyandotherproducts,5.64
1999,data.domesticmaterialconsumptionperunitofgdp,,118.71
1999,data.domesticmaterialconsumptionperunitofgdp,data.biomass,46.35
1999,data.domesticmaterialconsumptionperunitofgdp,data.metallicminerals,0.49
1999,data.domesticmaterialconsumptionperunitofgdp,data.non-metallicminerals,39.54
1999,data.domesticmaterialconsumptionperunitofgdp,data.fossilenergyandotherproducts,32.33
1999,data.domesticmaterialconsumptionperunitofrealgdp,,
1999,data.domesticmaterialconsumptionperunitofrealgdp,data.biomass,
1999,data.domesticmaterialconsumptionperunitofrealgdp,data.metallicminerals,
1999,data.domesticmaterialconsumptionperunitofrealgdp,data.non-metallicminerals,
1999,data.domesticmaterialconsumptionperunitofrealgdp,data.fossilenergyandotherproducts,
2000,data.domesticmaterialconsumption,,1161.35
2000,data.domesticmaterialconsumption,data.biomass,430.54
2000,data.domesticmaterialconsumption,data.metallicminerals,5.53
2000,data.domesticmaterialconsumption,data.non-metallicminerals,497.37
2000,data.domesticmaterialconsumption,data.fossilenergyandotherproducts,227.91
2000,data.domesticmaterialconsumptionpercapita,,25.39
2000,data.domesticmaterialconsumptionpercapita,data.biomass,9.41
2000,data.domesticmaterialconsumptionpercapita,data.metallicminerals,0.12
2000,data.domesticmaterialconsumptionpercapita,data.non-metallicminerals,10.88
2000,data.domesticmaterialconsumptionpercapita,data.fossilenergyandotherproducts,4.98
2000,data.domesticmaterialconsumptionperunitofgdp,,134.64
2000,data.domesticmaterialconsumptionperunitofgdp,data.biomass,49.91
2000,data.domesticmaterialconsumptionperunitofgdp,data.metallicminerals,0.64
2000,data.domesticmaterialconsumptionperunitofgdp,data.non-metallicminerals,57.66
2000,data.domesticmaterialconsumptionperunitofgdp,data.fossilenergyandotherproducts,26.42
2000,data.domesticmaterialconsumptionperunitofrealgdp,,
2000,data.domesticmaterialconsumptionperunitofrealgdp,data.biomass,
2000,data.domesticmaterialconsumptionperunitofrealgdp,data.metallicminerals,
2000,data.domesticmaterialconsumptionperunitofrealgdp,data.non-metallicminerals,
2000,data.domesticmaterialconsumptionperunitofrealgdp,data.fossilenergyandotherproducts,
2001,data.domesticmaterialconsumption,,1209.51
2001,data.domesticmaterialconsumption,data.biomass,478.68
2001,data.domesticmaterialconsumption,data.metallicminerals,7.19
2001,data.domesticmaterialconsumption,data.non-metallicminerals,467.52
2001,data.domesticmaterialconsumption,data.fossilenergyandotherproducts,256.11
2001,data.domesticmaterialconsumptionpercapita,,25.99
2001,data.domesticmaterialconsumptionpercapita,data.biomass,10.29
2001,data.domesticmaterialconsumptionpercapita,data.metallicminerals,0.15
2001,data.domesticmaterialconsumptionpercapita,data.non-metallicminerals,10.05
2001,data.domesticmaterialconsumptionpercapita,data.fossilenergyandotherproducts,5.5
2001,data.domesticmaterialconsumptionperunitofgdp,,125.25
2001,data.domesticmaterialconsumptionperunitofgdp,data.biomass,49.57
2001,data.domesticmaterialconsumptionperunitofgdp,data.metallicminerals,0.74
2001,data.domesticmaterialconsumptionperunitofgdp,data.non-metallicminerals,48.41
2001,data.domesticmaterialconsumptionperunitofgdp,data.fossilenergyandotherproducts,26.52
2001,data.domesticmaterialconsumptionperunitofrealgdp,,
2001,data.domesticmaterialconsumptionperunitofrealgdp,data.biomass,
2001,data.domesticmaterialconsumptionperunitofrealgdp,data.metallicminerals,
2001,data.domesticmaterialconsumptionperunitofrealgdp,data.non-metallicminerals,
2001,data.domesticmaterialconsumptionperunitofrealgdp,data.fossilenergyandotherproducts,
2002,data.domesticmaterialconsumption,,1162.68
2002,data.domesticmaterialconsumption,data.biomass,467.88
2002,data.domesticmaterialconsumption,data.metallicminerals,5.32
2002,data.domesticmaterialconsumption,data.non-metallicminerals,456.56
2002,data.domesticmaterialconsumption,data.fossilenergyandotherproducts,232.93
2002,data.domesticmaterialconsumptionpercapita,,24.58
2002,data.domesticmaterialconsumptionpercapita,data.biomass,9.89
2002,data.domesticmaterialconsumptionpercapita,data.metallicminerals,0.11
2002,data.domesticmaterialconsumptionpercapita,data.non-metallicminerals,9.65
2002,data.domesticmaterialconsumptionpercapita,data.fossilenergyandotherproducts,4.93
2002,data.domesticmaterialconsumptionperunitofgdp,,115.5
2002,data.domesticmaterialconsumptionperunitofgdp,data.biomass,46.48
2002,data.domesticmaterialconsumptionperunitofgdp,data.metallicminerals,0.53
2002,data.domesticmaterialconsumptionperunitofgdp,data.non-metallicminerals,45.35
2002,data.domesticmaterialconsumptionperunitofgdp,data.fossilenergyandotherproducts,23.14
2002,data.domesticmaterialconsumptionperunitofrealgdp,,
2002,data.domesticmaterialconsumptionperunitofrealgdp,data.biomass,
2002,data.domesticmaterialconsumptionperunitofrealgdp,data.metallicminerals,
2002,data.domesticmaterialconsumptionperunitofrealgdp,data.non-metallicminerals,
2002,data.domesticmaterialconsumptionperunitofrealgdp,data.fossilenergyandotherproducts,
2003,data.domesticmaterialconsumption,,1224.66
2003,data.domesticmaterialconsumption,data.biomass,565.84
2003,data.domesticmaterialconsumption,data.metallicminerals,5.08
2003,data.domesticmaterialconsumption,data.non-metallicminerals,424.24
2003,data.domesticmaterialconsumption,data.fossilenergyandotherproducts,229.5
2003,data.domesticmaterialconsumptionpercapita,,25.57
2003,data.domesticmaterialconsumptionpercapita,data.biomass,11.81
2003,data.domesticmaterialconsumptionpercapita,data.metallicminerals,0.11
2003,data.domesticmaterialconsumptionpercapita,data.non-metallicminerals,8.86
2003,data.domesticmaterialconsumptionpercapita,data.fossilenergyandotherproducts,4.79
2003,data.domesticmaterialconsumptionperunitofgdp,,123.77
2003,data.domesticmaterialconsumptionperunitofgdp,data.biomass,57.19
2003,data.domesticmaterialconsumptionperunitofgdp,data.metallicminerals,0.51
2003,data.domesticmaterialconsumptionperunitofgdp,data.non-metallicminerals,42.88
2003,data.domesticmaterialconsumptionperunitofgdp,data.fossilenergyandotherproducts,23.19
2003,data.domesticmaterialconsumptionperunitofrealgdp,,
2003,data.domesticmaterialconsumptionperunitofrealgdp,data.biomass,
2003,data.domesticmaterialconsumptionperunitofrealgdp,data.metallicminerals,
2003,data.domesticmaterialconsumptionperunitofrealgdp,data.non-metallicminerals,
2003,data.domesticmaterialconsumptionperunitofrealgdp,data.fossilenergyandotherproducts,
2004,data.domesticmaterialconsumption,,1180.28
2004,data.domesticmaterialconsumption,data.biomass,536.07
2004,data.domesticmaterialconsumption,data.metallicminerals,6.69
2004,data.domesticmaterialconsumption,data.non-metallicminerals,409.04
2004,data.domesticmaterialconsumption,data.fossilenergyandotherproducts,228.48
2004,data.domesticmaterialconsumptionpercapita,,24.48
2004,data.domesticmaterialconsumptionpercapita,data.biomass,11.12
2004,data.domesticmaterialconsumptionpercapita,data.metallicminerals,0.14
2004,data.domesticmaterialconsumptionpercapita,data.non-metallicminerals,8.48
2004,data.domesticmaterialconsumptionpercapita,data.fossilenergyandotherproducts,4.74
2004,data.domesticmaterialconsumptionperunitofgdp,,114.22
2004,data.domesticmaterialconsumptionperunitofgdp,data.biomass,51.88
2004,data.domesticmaterialconsumptionperunitofgdp,data.metallicminerals,0.65
2004,data.domesticmaterialconsumptionperunitofgdp,data.non-metallicminerals,39.59
2004,data.domesticmaterialconsumptionperunitofgdp,data.fossilenergyandotherproducts,22.11
2004,data.domesticmaterialconsumptionperunitofrealgdp,,
2004,data.domesticmaterialconsumptionperunitofrealgdp,data.biomass,
2004,data.domesticmaterialconsumptionperunitofrealgdp,data.metallicminerals,
2004,data.domesticmaterialconsumptionperunitofrealgdp,data.non-metallicminerals,
2004,data.domesticmaterialconsumptionperunitofrealgdp,data.fossilenergyandotherproducts,
2005,data.domesticmaterialconsumption,,1237.51
2005,data.domesticmaterialconsumption,data.biomass,475.05
2005,data.domesticmaterialconsumption,data.metallicminerals,4.09
2005,data.domesticmaterialconsumption,data.non-metallicminerals,533.06
2005,data.domesticmaterialconsumption,data.fossilenergyandotherproducts,225.32
2005,data.domesticmaterialconsumptionpercapita,,25.67
2005,data.domesticmaterialconsumptionpercapita,data.biomass,9.85
2005,data.domesticmaterialconsumptionpercapita,data.metallicminerals,0.08
2005,data.domesticmaterialconsumptionpercapita,data.non-metallicminerals,11.06
2005,data.domesticmaterialconsumptionpercapita,data.fossilenergyandotherproducts,4.67
2005,data.domesticmaterialconsumptionperunitofgdp,,117.27
2005,data.domesticmaterialconsumptionperunitofgdp,data.biomass,45.02
2005,data.domesticmaterialconsumptionperunitofgdp,data.metallicminerals,0.39
2005,data.domesticmaterialconsumptionperunitofgdp,data.non-metallicminerals,50.51
2005,data.domesticmaterialconsumptionperunitofgdp,data.fossilenergyandotherproducts,21.35
2005,data.domesticmaterialconsumptionperunitofrealgdp,,
2005,data.domesticmaterialconsumptionperunitofrealgdp,data.biomass,
2005,data.domesticmaterialconsumptionperunitofrealgdp,data.metallicminerals,
2005,data.domesticmaterialconsumptionperunitofrealgdp,data.non-metallicminerals,
2005,data.domesticmaterialconsumptionperunitofrealgdp,data.fossilenergyandotherproducts,
2006,data.domesticmaterialconsumption,,1407.43
2006,data.domesticmaterialconsumption,data.biomass,547.21
2006,data.domesticmaterialconsumption,data.metallicminerals,2.54
2006,data.domesticmaterialconsumption,data.non-metallicminerals,621.2
2006,data.domesticmaterialconsumption,data.fossilenergyandotherproducts,236.47
2006,data.domesticmaterialconsumptionpercapita,,29.21
2006,data.domesticmaterialconsumptionpercapita,data.biomass,11.36
2006,data.domesticmaterialconsumptionpercapita,data.metallicminerals,0.05
2006,data.domesticmaterialconsumptionpercapita,data.non-metallicminerals,12.89
2006,data.domesticmaterialconsumptionpercapita,data.fossilenergyandotherproducts,4.91
2006,data.domesticmaterialconsumptionperunitofgdp,,117.3
2006,data.domesticmaterialconsumptionperunitofgdp,data.biomass,45.61
2006,data.domesticmaterialconsumptionperunitofgdp,data.metallicminerals,0.21
2006,data.domesticmaterialconsumptionperunitofgdp,data.non-metallicminerals,51.77
2006,data.domesticmaterialconsumptionperunitofgdp,data.fossilenergyandotherproducts,19.71
2006,data.domesticmaterialconsumptionperunitofrealgdp,,
2006,data.domesticmaterialconsumptionperunitofrealgdp,data.biomass,
2006,data.domesticmaterialconsumptionperunitofrealgdp,data.metallicminerals,
2006,data.domesticmaterialconsumptionperunitofrealgdp,data.non-metallicminerals,
2006,data.domesticmaterialconsumptionperunitofrealgdp,data.fossilenergyandotherproducts,
2007,data.domesticmaterialconsumption,,1662.55
2007,data.domesticmaterialconsumption,data.biomass,510.96
2007,data.domesticmaterialconsumption,data.metallicminerals,2.47
2007,data.domesticmaterialconsumption,data.non-metallicminerals,894.19
2007,data.domesticmaterialconsumption,data.fossilenergyandotherproducts,254.93
2007,data.domesticmaterialconsumptionpercapita,,34.43
2007,data.domesticmaterialconsumptionpercapita,data.biomass,10.58
2007,data.domesticmaterialconsumptionpercapita,data.metallicminerals,0.05
2007,data.domesticmaterialconsumptionpercapita,data.non-metallicminerals,18.52
2007,data.domesticmaterialconsumptionpercapita,data.fossilenergyandotherproducts,5.28
2007,data.domesticmaterialconsumptionperunitofgdp,,130.57
2007,data.domesticmaterialconsumptionperunitofgdp,data.biomass,40.13
2007,data.domesticmaterialconsumptionperunitofgdp,data.metallicminerals,0.19
2007,data.domesticmaterialconsumptionperunitofgdp,data.non-metallicminerals,70.23
2007,data.domesticmaterialconsumptionperunitofgdp,data.fossilenergyandotherproducts,20.02
2007,data.domesticmaterialconsumptionperunitofrealgdp,,
2007,data.domesticmaterialconsumptionperunitofrealgdp,data.biomass,
2007,data.domesticmaterialconsumptionperunitofrealgdp,data.metallicminerals,
2007,data.domesticmaterialconsumptionperunitofrealgdp,data.non-metallicminerals,
2007,data.domesticmaterialconsumptionperunitofrealgdp,data.fossilenergyandotherproducts,
2008,data.domesticmaterialconsumption,,1561.2
2008,data.domesticmaterialconsumption,data.biomass,456.17
2008,data.domesticmaterialconsumption,data.metallicminerals,0.09
2008,data.domesticmaterialconsumption,data.non-metallicminerals,891.26
2008,data.domesticmaterialconsumption,data.fossilenergyandotherproducts,213.68
2008,data.domesticmaterialconsumptionpercapita,,32.22
2008,data.domesticmaterialconsumptionpercapita,data.biomass,9.41
2008,data.domesticmaterialconsumptionpercapita,data.metallicminerals,0.0
2008,data.domesticmaterialconsumptionpercapita,data.non-metallicminerals,18.39
2008,data.domesticmaterialconsumptionpercapita,data.fossilenergyandotherproducts,4.41
2008,data.domesticmaterialconsumptionperunitofgdp,,122.99
2008,data.domesticmaterialconsumptionperunitofgdp,data.biomass,35.94
2008,data.domesticmaterialconsumptionperunitofgdp,data.metallicminerals,0.01
2008,data.domesticmaterialconsumptionperunitofgdp,data.non-metallicminerals,70.21
2008,data.domesticmaterialconsumptionperunitofgdp,data.fossilenergyandotherproducts,16.83
2008,data.domesticmaterialconsumptionperunitofrealgdp,,113.27
2008,data.domesticmaterialconsumptionperunitofrealgdp,data.biomass,33.1
2008,data.domesticmaterialconsumptionperunitofrealgdp,data.metallicminerals,0.01
2008,data.domesticmaterialconsumptionperunitofrealgdp,data.non-metallicminerals,64.66
2008,data.domesticmaterialconsumptionperunitofrealgdp,data.fossilenergyandotherproducts,15.5
2009,data.domesticmaterialconsumption,,926.84
2009,data.domesticmaterialconsumption,data.biomass,298.35
2009,data.domesticmaterialconsumption,data.metallicminerals,-1.59
2009,data.domesticmaterialconsumption,data.non-metallicminerals,402.95
2009,data.domesticmaterialconsumption,data.fossilenergyandotherproducts,227.13
2009,data.domesticmaterialconsumptionpercapita,,19.09
2009,data.domesticmaterialconsumptionpercapita,data.biomass,6.15
2009,data.domesticmaterialconsumptionpercapita,data.metallicminerals,-0.03
2009,data.domesticmaterialconsumptionpercapita,data.non-metallicminerals,8.3
2009,data.domesticmaterialconsumptionpercapita,data.fossilenergyandotherproducts,4.68
2009,data.domesticmaterialconsumptionperunitofgdp,,75.3
2009,data.domesticmaterialconsumptionperunitofgdp,data.biomass,24.24
2009,data.domesticmaterialconsumptionperunitofgdp,data.metallicminerals,-0.13
2009,data.domesticmaterialconsumptionperunitofgdp,data.non-metallicminerals,32.74
2009,data.domesticmaterialconsumptionperunitofgdp,data.fossilenergyandotherproducts,18.45
2009,data.domesticmaterialconsumptionperunitofrealgdp,,70.27
2009,data.domesticmaterialconsumptionperunitofrealgdp,data.biomass,22.62
2009,data.domesticmaterialconsumptionperunitofrealgdp,data.metallicminerals,-0.12
2009,data.domesticmaterialconsumptionperunitofrealgdp,data.non-metallicminerals,30.55
2009,data.domesticmaterialconsumptionperunitofrealgdp,data.fossilenergyandotherproducts,17.22
2010,data.domesticmaterialconsumption,,831.08
2010,data.domesticmaterialconsumption,data.biomass,343.99
2010,data.domesticmaterialconsumption,data.metallicminerals,-3.2
2010,data.domesticmaterialconsumption,data.non-metallicminerals,262.13
2010,data.domesticmaterialconsumption,data.fossilenergyandotherproducts,228.16
2010,data.domesticmaterialconsumptionpercapita,,17.15
2010,data.domesticmaterialconsumptionpercapita,data.biomass,7.1
2010,data.domesticmaterialconsumptionpercapita,data.metallicminerals,-0.07
2010,data.domesticmaterialconsumptionpercapita,data.non-metallicminerals,5.41
2010,data.domesticmaterialconsumptionpercapita,data.fossilenergyandotherproducts,4.71
2010,data.domesticmaterialconsumptionperunitofgdp,,63.37
2010,data.domesticmaterialconsumptionperunitofgdp,data.biomass,26.23
2010,data.domesticmaterialconsumptionperunitofgdp,data.metallicminerals,-0.24
2010,data.domesticmaterialconsumptionperunitofgdp,data.non-metallicminerals,19.99
2010,data.domesticmaterialconsumptionperunitofgdp,data.fossilenergyandotherproducts,17.4
2010,data.domesticmaterialconsumptionperunitofrealgdp,,63.37
2010,data.domesticmaterialconsumptionperunitofrealgdp,data.biomass,26.23
2010,data.domesticmaterialconsumptionperunitofrealgdp,data.metallicminerals,-0.24
2010,data.domesticmaterialconsumptionperunitofrealgdp,data.non-metallicminerals,19.99
2010,data.domesticmaterialconsumptionperunitofrealgdp,data.fossilenergyandotherproducts,17.4
2011,data.domesticmaterialconsumption,,935.44
2011,data.domesticmaterialconsumption,data.biomass,359.57
2011,data.domesticmaterialconsumption,data.metallicminerals,1.04
2011,data.domesticmaterialconsumption,data.non-metallicminerals,366.4
2011,data.domesticmaterialconsumption,data.fossilenergyandotherproducts,208.43
2011,data.domesticmaterialconsumptionpercapita,,19.37
2011,data.domesticmaterialconsumptionpercapita,data.biomass,7.44
2011,data.domesticmaterialconsumptionpercapita,data.metallicminerals,0.02
2011,data.domesticmaterialconsumptionpercapita,data.non-metallicminerals,7.59
2011,data.domesticmaterialconsumptionpercapita,data.fossilenergyandotherproducts,4.32
2011,data.domesticmaterialconsumptionperunitofgdp,,69.54
2011,data.domesticmaterialconsumptionperunitofgdp,data.biomass,26.73
2011,data.domesticmaterialconsumptionperunitofgdp,data.metallicminerals,0.08
2011,data.domesticmaterialconsumptionperunitofgdp,data.non-metallicminerals,27.24
2011,data.domesticmaterialconsumptionperunitofgdp,data.fossilenergyandotherproducts,15.49
2011,data.domesticmaterialconsumptionperunitofrealgdp,,68.78
2011,data.domesticmaterialconsumptionperunitofrealgdp,data.biomass,26.44
2011,data.domesticmaterialconsumptionperunitofrealgdp,data.metallicminerals,0.08
2011,data.domesticmaterialconsumptionperunitofrealgdp,data.non-metallicminerals,26.94
2011,data.domesticmaterialconsumptionperunitofrealgdp,data.fossilenergyandotherproducts,15.33
2012,data.domesticmaterialconsumption,,943.66
2012,data.domesticmaterialconsumption,data.biomass,225.28
2012,data.domesticmaterialconsumption,data.metallicminerals,3.44
2012,data.domesticmaterialconsumption,data.non-metallicminerals,472.73
2012,data.domesticmaterialconsumption,data.fossilenergyandotherproducts,242.21
2012,data.domesticmaterialconsumptionpercapita,,19.62
2012,data.domesticmaterialconsumptionpercapita,data.biomass,4.68
2012,data.domesticmaterialconsumptionpercapita,data.metallicminerals,0.07
2012,data.domesticmaterialconsumptionpercapita,data.non-metallicminerals,9.83
2012,data.domesticmaterialconsumptionpercapita,data.fossilenergyandotherproducts,5.04
2012,data.domesticmaterialconsumptionperunitofgdp,,67.12
2012,data.domesticmaterialconsumptionperunitofgdp,data.biomass,16.02
2012,data.domesticmaterialconsumptionperunitofgdp,data.metallicminerals,0.24
2012,data.domesticmaterialconsumptionperunitofgdp,data.non-metallicminerals,33.62
2012,data.domesticmaterialconsumptionperunitofgdp,data.fossilenergyandotherproducts,17.23
2012,data.domesticmaterialconsumptionperunitofrealgdp,,64.84
2012,data.domesticmaterialconsumptionperunitofrealgdp,data.biomass,15.48
2012,data.domesticmaterialconsumptionperunitofrealgdp,data.metallicminerals,0.24
2012,data.domesticmaterialconsumptionperunitofrealgdp,data.non-metallicminerals,32.48
2012,data.domesticmaterialconsumptionperunitofrealgdp,data.fossilenergyandotherproducts,16.64
2013,data.domesticmaterialconsumption,,1090.18
2013,data.domesticmaterialconsumption,data.biomass,342.88
2013,data.domesticmaterialconsumption,data.metallicminerals,4.94
2013,data.domesticmaterialconsumption,data.non-metallicminerals,444.55
2013,data.domesticmaterialconsumption,data.fossilenergyandotherproducts,297.81
2013,data.domesticmaterialconsumptionpercapita,,22.68
2013,data.domesticmaterialconsumptionpercapita,data.biomass,7.13
2013,data.domesticmaterialconsumptionpercapita,data.metallicminerals,0.1
2013,data.domesticmaterialconsumptionpercapita,data.non-metallicminerals,9.25
2013,data.domesticmaterialconsumptionpercapita,data.fossilenergyandotherproducts,6.19
2013,data.domesticmaterialconsumptionperunitofgdp,,72.16
2013,data.domesticmaterialconsumptionperunitofgdp,data.biomass,22.69
2013,data.domesticmaterialconsumptionperunitofgdp,data.metallicminerals,0.33
2013,data.domesticmaterialconsumptionperunitofgdp,data.non-metallicminerals,29.42
2013,data.domesticmaterialconsumptionperunitofgdp,data.fossilenergyandotherproducts,19.71
2013,data.domesticmaterialconsumptionperunitofrealgdp,,70.76
2013,data.domesticmaterialconsumptionperunitofrealgdp,data.biomass,22.25
2013,data.domesticmaterialconsumptionperunitofrealgdp,data.metallicminerals,0.32
2013,data.domesticmaterialconsumptionperunitofrealgdp,data.non-metallicminerals,28.85
2013,data.domesticmaterialconsumptionperunitofrealgdp,data.fossilenergyandotherproducts,19.33
2014,data.domesticmaterialconsumption,,1468.98
2014,data.domesticmaterialconsumption,data.biomass,365.42
2014,data.domesticmaterialconsumption,data.metallicminerals,6.06
2014,data.domesticmaterialconsumption,data.non-metallicminerals,786.08
2014,data.domesticmaterialconsumption,data.fossilenergyandotherproducts,311.41
2014,data.domesticmaterialconsumptionpercapita,,30.38
2014,data.domesticmaterialconsumptionpercapita,data.biomass,7.56
2014,data.domesticmaterialconsumptionpercapita,data.metallicminerals,0.13
2014,data.domesticmaterialconsumptionpercapita,data.non-metallicminerals,16.26
2014,data.domesticmaterialconsumptionpercapita,data.fossilenergyandotherproducts,6.44
2014,data.domesticmaterialconsumptionperunitofgdp,,89.82
2014,data.domesticmaterialconsumptionperunitofgdp,data.biomass,22.34
2014,data.domesticmaterialconsumptionperunitofgdp,data.metallicminerals,0.37
2014,data.domesticmaterialconsumptionperunitofgdp,data.non-metallicminerals,48.06
2014,data.domesticmaterialconsumptionperunitofgdp,data.fossilenergyandotherproducts,19.04
2014,data.domesticmaterialconsumptionperunitofrealgdp,,90.43
2014,data.domesticmaterialconsumptionperunitofrealgdp,data.biomass,22.5
2014,data.domesticmaterialconsumptionperunitofrealgdp,data.metallicminerals,0.37
2014,data.domesticmaterialconsumptionperunitofrealgdp,data.non-metallicminerals,48.39
2014,data.domesticmaterialconsumptionperunitofrealgdp,data.fossilenergyandotherproducts,19.17
2015,data.domesticmaterialconsumption,,1222.53
2015,data.domesticmaterialconsumption,data.biomass,404.2
2015,data.domesticmaterialconsumption,data.metallicminerals,2.01
2015,data.domesticmaterialconsumption,data.non-metallicminerals,463.25
2015,data.domesticmaterialconsumption,data.fossilenergyandotherproducts,353.07
2015,data.domesticmaterialconsumptionpercapita,,25.03
2015,data.domesticmaterialconsumptionpercapita,data.biomass,8.28
2015,data.domesticmaterialconsumptionpercapita,data.metallicminerals,0.04
2015,data.domesticmaterialconsumptionpercapita,data.non-metallicminerals,9.48
2015,data.domesticmaterialconsumptionpercapita,data.fossilenergyandotherproducts,7.23
2015,data.domesticmaterialconsumptionperunitofgdp,,70.6
2015,data.domesticmaterialconsumptionperunitofgdp,data.biomass,23.34
2015,data.domesticmaterialconsumptionperunitofgdp,data.metallicminerals,0.12
2015,data.domesticmaterialconsumptionperunitofgdp,data.non-metallicminerals,26.75
2015,data.domesticmaterialconsumptionperunitofgdp,data.fossilenergyandotherproducts,20.39
2015,data.domesticmaterialconsumptionperunitofrealgdp,,74.53
2015,data.domesticmaterialconsumptionperunitofrealgdp,data.biomass,24.64
2015,data.domesticmaterialconsumptionperunitofrealgdp,data.metallicminerals,0.12
2015,data.domesticmaterialconsumptionperunitofrealgdp,data.non-metallicminerals,28.24
2015,data.domesticmaterialconsumptionperunitofrealgdp,data.fossilenergyandotherproducts,21.53
2016,data.domesticmaterialconsumption,,1356.83
2016,data.domesticmaterialconsumption,data.biomass,304.85
2016,data.domesticmaterialconsumption,data.metallicminerals,18.68
2016,data.domesticmaterialconsumption,data.non-metallicminerals,675.06
2016,data.domesticmaterialconsumption,data.fossilenergyandotherproducts,358.24
2016,data.domesticmaterialconsumptionpercapita,,27.44
2016,data.domesticmaterialconsumptionpercapita,data.biomass,6.17
2016,data.domesticmaterialconsumptionpercapita,data.metallicminerals,0.38
2016,data.domesticmaterialconsumptionpercapita,data.non-metallicminerals,13.65
2016,data.domesticmaterialconsumptionpercapita,data.fossilenergyandotherproducts,7.25
2016,data.domesticmaterialconsumptionperunitofgdp,,71.65
2016,data.domesticmaterialconsumptionperunitofgdp,data.biomass,16.1
2016,data.domesticmaterialconsumptionperunitofgdp,data.metallicminerals,0.99
2016,data.domesticmaterialconsumptionperunitofgdp,data.non-metallicminerals,35.65
2016,data.domesticmaterialconsumptionperunitofgdp,data.fossilenergyandotherproducts,18.92
2016,data.domesticmaterialconsumptionperunitofrealgdp,,81.52
2016,data.domesticmaterialconsumptionperunitofrealgdp,data.biomass,18.32
2016,data.domesticmaterialconsumptionperunitofrealgdp,data.metallicminerals,1.12
2016,data.domesticmaterialconsumptionperunitofrealgdp,data.non-metallicminerals,40.56
2016,data.domesticmaterialconsumptionperunitofrealgdp,data.fossilenergyandotherproducts,21.52
2017,data.domesticmaterialconsumption,,1617.55
2017,data.domesticmaterialconsumption,data.biomass,442.7
2017,data.domesticmaterialconsumption,data.metallicminerals,46.62
2017,data.domesticmaterialconsumption,data.non-metallicminerals,757.36
2017,data.domesticmaterialconsumption,data.fossilenergyandotherproducts,370.88
2017,data.domesticmaterialconsumptionpercapita,,32.27
2017,data.domesticmaterialconsumptionpercapita,data.biomass,8.83
2017,data.domesticmaterialconsumptionpercapita,data.metallicminerals,0.93
2017,data.domesticmaterialconsumptionpercapita,data.non-metallicminerals,15.11
2017,data.domesticmaterialconsumptionpercapita,data.fossilenergyandotherproducts,7.4
2017,data.domesticmaterialconsumptionperunitofgdp,,82.21
2017,data.domesticmaterialconsumptionperunitofgdp,data.biomass,22.5
2017,data.domesticmaterialconsumptionperunitofgdp,data.metallicminerals,2.37
2017,data.domesticmaterialconsumptionperunitofgdp,data.non-metallicminerals,38.49
2017,data.domesticmaterialconsumptionperunitofgdp,data.fossilenergyandotherproducts,18.85
2017,data.domesticmaterialconsumptionperunitofrealgdp,,93.89
2017,data.domesticmaterialconsumptionperunitofrealgdp,data.biomass,25.7
2017,data.domesticmaterialconsumptionperunitofrealgdp,data.metallicminerals,2.71
2017,data.domesticmaterialconsumptionperunitofrealgdp,data.non-metallicminerals,43.96
2017,data.domesticmaterialconsumptionperunitofrealgdp,data.fossilenergyandotherproducts,21.53
2018,data.domesticmaterialconsumption,,1579.56
2018,data.domesticmaterialconsumption,data.biomass,408.98
2018,data.domesticmaterialconsumption,data.metallicminerals,47.27
2018,data.domesticmaterialconsumption,data.non-metallicminerals,764.78
2018,data.domesticmaterialconsumption,data.fossilenergyandotherproducts,358.54
2018,data.domesticmaterialconsumptionpercapita,,31.05
2018,data.domesticmaterialconsumptionpercapita,data.biomass,8.04
2018,data.domesticmaterialconsumptionpercapita,data.metallicminerals,0.93
2018,data.domesticmaterialconsumptionpercapita,data.non-metallicminerals,15.04
2018,data.domesticmaterialconsumptionpercapita,data.fossilenergyandotherproducts,7.05
2018,data.domesticmaterialconsumptionperunitofgdp,,78.45
2018,data.domesticmaterialconsumptionperunitofgdp,data.biomass,20.31
2018,data.domesticmaterialconsumptionperunitofgdp,data.metallicminerals,2.35
2018,data.domesticmaterialconsumptionperunitofgdp,data.non-metallicminerals,37.98
2018,data.domesticmaterialconsumptionperunitofgdp,data.fossilenergyandotherproducts,17.81
2018,data.domesticmaterialconsumptionperunitofrealgdp,,89.25
2018,data.domesticmaterialconsumptionperunitofrealgdp,data.biomass,23.11
2018,data.domesticmaterialconsumptionperunitofrealgdp,data.metallicminerals,2.67
2018,data.domesticmaterialconsumptionperunitofrealgdp,data.non-metallicminerals,43.21
2018,data.domesticmaterialconsumptionperunitofrealgdp,data.fossilenergyandotherproducts,20.26
2019,data.domesticmaterialconsumption,,1614.53
2019,data.domesticmaterialconsumption,data.biomass,374.53
2019,data.domesticmaterialconsumption,data.metallicminerals,26.16
2019,data.domesticmaterialconsumption,data.non-metallicminerals,872.56
2019,data.domesticmaterialconsumption,data.fossilenergyandotherproducts,341.27
2019,data.domesticmaterialconsumptionpercapita,,31.24
2019,data.domesticmaterialconsumptionpercapita,data.biomass,7.25
2019,data.domesticmaterialconsumptionpercapita,data.metallicminerals,0.51
2019,data.domesticmaterialconsumptionpercapita,data.non-metallicminerals,16.88
2019,data.domesticmaterialconsumptionpercapita,data.fossilenergyandotherproducts,6.6
2019,data.domesticmaterialconsumptionperunitofgdp,,73.9
2019,data.domesticmaterialconsumptionperunitofgdp,data.biomass,17.14
2019,data.domesticmaterialconsumptionperunitofgdp,data.metallicminerals,1.2
2019,data.domesticmaterialconsumptionperunitofgdp,data.non-metallicminerals,39.94
2019,data.domesticmaterialconsumptionperunitofgdp,data.fossilenergyandotherproducts,15.62
2019,data.domesticmaterialconsumptionperunitofrealgdp,,86.92
2019,data.domesticmaterialconsumptionperunitofrealgdp,data.biomass,20.16
2019,data.domesticmaterialconsumptionperunitofrealgdp,data.metallicminerals,1.41
2019,data.domesticmaterialconsumptionperunitofrealgdp,data.non-metallicminerals,46.97
2019,data.domesticmaterialconsumptionperunitofrealgdp,data.fossilenergyandotherproducts,18.37
2020,data.domesticmaterialconsumption,,1857.88
2020,data.domesticmaterialconsumption,data.biomass,415.56
2020,data.domesticmaterialconsumption,data.metallicminerals,24.12
2020,data.domesticmaterialconsumption,data.non-metallicminerals,1041.98
2020,data.domesticmaterialconsumption,data.fossilenergyandotherproducts,376.23
2020,data.domesticmaterialconsumptionpercapita,,35.4
2020,data.domesticmaterialconsumptionpercapita,data.biomass,7.92
2020,data.domesticmaterialconsumptionpercapita,data.metallicminerals,0.46
2020,data.domesticmaterialconsumptionpercapita,data.non-metallicminerals,19.85
2020,data.domesticmaterialconsumptionpercapita,data.fossilenergyandotherproducts,7.17
2020,data.domesticmaterialconsumptionperunitofgdp,,87.42
2020,data.domesticmaterialconsumptionperunitofgdp,data.biomass,19.55
2020,data.domesticmaterialconsumptionperunitofgdp,data.metallicminerals,1.14
2020,data.domesticmaterialconsumptionperunitofgdp,data.non-metallicminerals,49.03
2020,data.domesticmaterialconsumptionperunitofgdp,data.fossilenergyandotherproducts,17.7
2020,data.domesticmaterialconsumptionperunitofrealgdp,,102.72
2020,data.domesticmaterialconsumptionperunitofrealgdp,data.biomass,22.98
2020,data.domesticmaterialconsumptionperunitofrealgdp,data.metallicminerals,1.33
2020,data.domesticmaterialconsumptionperunitofrealgdp,data.non-metallicminerals,57.61
2020,data.domesticmaterialconsumptionperunitofrealgdp,data.fossilenergyandotherproducts,20.8
