Year,Units,material type,Value
1998,data.domesticmaterialconsumption,,817.0
1998,data.domesticmaterialconsumption,data.biomass,357.4
1998,data.domesticmaterialconsumption,data.metallicminerals,2.6
1998,data.domesticmaterialconsumption,data.non-metallicminerals,287.8
1998,data.domesticmaterialconsumption,data.fossilenergyandotherproducts,169.1
1998,data.domesticmaterialconsumptionpercapita,,18.4
1998,data.domesticmaterialconsumptionpercapita,data.biomass,8.0
1998,data.domesticmaterialconsumptionpercapita,data.metallicminerals,0.1
1998,data.domesticmaterialconsumptionpercapita,data.non-metallicminerals,6.5
1998,data.domesticmaterialconsumptionpercapita,data.fossilenergyandotherproducts,3.8
1998,data.domesticmaterialconsumptionperunitofgdp,,109.5
1998,data.domesticmaterialconsumptionperunitofgdp,data.biomass,47.9
1998,data.domesticmaterialconsumptionperunitofgdp,data.metallicminerals,0.4
1998,data.domesticmaterialconsumptionperunitofgdp,data.non-metallicminerals,38.6
1998,data.domesticmaterialconsumptionperunitofgdp,data.fossilenergyandotherproducts,22.7
1999,data.domesticmaterialconsumption,,876.2
1999,data.domesticmaterialconsumption,data.biomass,364.7
1999,data.domesticmaterialconsumption,data.metallicminerals,3.8
1999,data.domesticmaterialconsumption,data.non-metallicminerals,311.0
1999,data.domesticmaterialconsumption,data.fossilenergyandotherproducts,196.6
1999,data.domesticmaterialconsumptionpercapita,,19.4
1999,data.domesticmaterialconsumptionpercapita,data.biomass,8.1
1999,data.domesticmaterialconsumptionpercapita,data.metallicminerals,0.1
1999,data.domesticmaterialconsumptionpercapita,data.non-metallicminerals,6.9
1999,data.domesticmaterialconsumptionpercapita,data.fossilenergyandotherproducts,4.4
1999,data.domesticmaterialconsumptionperunitofgdp,,111.0
1999,data.domesticmaterialconsumptionperunitofgdp,data.biomass,46.2
1999,data.domesticmaterialconsumptionperunitofgdp,data.metallicminerals,0.5
1999,data.domesticmaterialconsumptionperunitofgdp,data.non-metallicminerals,39.4
1999,data.domesticmaterialconsumptionperunitofgdp,data.fossilenergyandotherproducts,24.9
2000,data.domesticmaterialconsumption,,1134.9
2000,data.domesticmaterialconsumption,data.biomass,430.5
2000,data.domesticmaterialconsumption,data.metallicminerals,5.5
2000,data.domesticmaterialconsumption,data.non-metallicminerals,497.4
2000,data.domesticmaterialconsumption,data.fossilenergyandotherproducts,201.4
2000,data.domesticmaterialconsumptionpercapita,,24.8
2000,data.domesticmaterialconsumptionpercapita,data.biomass,9.4
2000,data.domesticmaterialconsumptionpercapita,data.metallicminerals,0.1
2000,data.domesticmaterialconsumptionpercapita,data.non-metallicminerals,10.9
2000,data.domesticmaterialconsumptionpercapita,data.fossilenergyandotherproducts,4.4
2000,data.domesticmaterialconsumptionperunitofgdp,,131.4
2000,data.domesticmaterialconsumptionperunitofgdp,data.biomass,49.9
2000,data.domesticmaterialconsumptionperunitofgdp,data.metallicminerals,0.6
2000,data.domesticmaterialconsumptionperunitofgdp,data.non-metallicminerals,57.6
2000,data.domesticmaterialconsumptionperunitofgdp,data.fossilenergyandotherproducts,23.3
2001,data.domesticmaterialconsumption,,1171.6
2001,data.domesticmaterialconsumption,data.biomass,478.7
2001,data.domesticmaterialconsumption,data.metallicminerals,7.2
2001,data.domesticmaterialconsumption,data.non-metallicminerals,467.5
2001,data.domesticmaterialconsumption,data.fossilenergyandotherproducts,218.2
2001,data.domesticmaterialconsumptionpercapita,,25.2
2001,data.domesticmaterialconsumptionpercapita,data.biomass,10.3
2001,data.domesticmaterialconsumptionpercapita,data.metallicminerals,0.2
2001,data.domesticmaterialconsumptionpercapita,data.non-metallicminerals,10.0
2001,data.domesticmaterialconsumptionpercapita,data.fossilenergyandotherproducts,4.7
2001,data.domesticmaterialconsumptionperunitofgdp,,121.1
2001,data.domesticmaterialconsumptionperunitofgdp,data.biomass,49.5
2001,data.domesticmaterialconsumptionperunitofgdp,data.metallicminerals,0.7
2001,data.domesticmaterialconsumptionperunitofgdp,data.non-metallicminerals,48.3
2001,data.domesticmaterialconsumptionperunitofgdp,data.fossilenergyandotherproducts,22.6
2002,data.domesticmaterialconsumption,,1121.0
2002,data.domesticmaterialconsumption,data.biomass,467.9
2002,data.domesticmaterialconsumption,data.metallicminerals,5.3
2002,data.domesticmaterialconsumption,data.non-metallicminerals,456.6
2002,data.domesticmaterialconsumption,data.fossilenergyandotherproducts,191.2
2002,data.domesticmaterialconsumptionpercapita,,23.7
2002,data.domesticmaterialconsumptionpercapita,data.biomass,9.9
2002,data.domesticmaterialconsumptionpercapita,data.metallicminerals,0.1
2002,data.domesticmaterialconsumptionpercapita,data.non-metallicminerals,9.7
2002,data.domesticmaterialconsumptionpercapita,data.fossilenergyandotherproducts,4.0
2002,data.domesticmaterialconsumptionperunitofgdp,,111.2
2002,data.domesticmaterialconsumptionperunitofgdp,data.biomass,46.4
2002,data.domesticmaterialconsumptionperunitofgdp,data.metallicminerals,0.5
2002,data.domesticmaterialconsumptionperunitofgdp,data.non-metallicminerals,45.3
2002,data.domesticmaterialconsumptionperunitofgdp,data.fossilenergyandotherproducts,19.0
2003,data.domesticmaterialconsumption,,1183.3
2003,data.domesticmaterialconsumption,data.biomass,565.8
2003,data.domesticmaterialconsumption,data.metallicminerals,5.1
2003,data.domesticmaterialconsumption,data.non-metallicminerals,424.2
2003,data.domesticmaterialconsumption,data.fossilenergyandotherproducts,188.2
2003,data.domesticmaterialconsumptionpercapita,,24.7
2003,data.domesticmaterialconsumptionpercapita,data.biomass,11.8
2003,data.domesticmaterialconsumptionpercapita,data.metallicminerals,0.1
2003,data.domesticmaterialconsumptionpercapita,data.non-metallicminerals,8.9
2003,data.domesticmaterialconsumptionpercapita,data.fossilenergyandotherproducts,3.9
2003,data.domesticmaterialconsumptionperunitofgdp,,119.7
2003,data.domesticmaterialconsumptionperunitofgdp,data.biomass,57.3
2003,data.domesticmaterialconsumptionperunitofgdp,data.metallicminerals,0.5
2003,data.domesticmaterialconsumptionperunitofgdp,data.non-metallicminerals,42.9
2003,data.domesticmaterialconsumptionperunitofgdp,data.fossilenergyandotherproducts,19.0
2004,data.domesticmaterialconsumption,,1141.9
2004,data.domesticmaterialconsumption,data.biomass,536.1
2004,data.domesticmaterialconsumption,data.metallicminerals,6.7
2004,data.domesticmaterialconsumption,data.non-metallicminerals,409.0
2004,data.domesticmaterialconsumption,data.fossilenergyandotherproducts,190.1
2004,data.domesticmaterialconsumptionpercapita,,23.7
2004,data.domesticmaterialconsumptionpercapita,data.biomass,11.1
2004,data.domesticmaterialconsumptionpercapita,data.metallicminerals,0.1
2004,data.domesticmaterialconsumptionpercapita,data.non-metallicminerals,8.5
2004,data.domesticmaterialconsumptionpercapita,data.fossilenergyandotherproducts,3.9
2004,data.domesticmaterialconsumptionperunitofgdp,,111.6
2004,data.domesticmaterialconsumptionperunitofgdp,data.biomass,52.4
2004,data.domesticmaterialconsumptionperunitofgdp,data.metallicminerals,0.7
2004,data.domesticmaterialconsumptionperunitofgdp,data.non-metallicminerals,40.0
2004,data.domesticmaterialconsumptionperunitofgdp,data.fossilenergyandotherproducts,18.6
2005,data.domesticmaterialconsumption,,1201.5
2005,data.domesticmaterialconsumption,data.biomass,475.1
2005,data.domesticmaterialconsumption,data.metallicminerals,4.1
2005,data.domesticmaterialconsumption,data.non-metallicminerals,533.1
2005,data.domesticmaterialconsumption,data.fossilenergyandotherproducts,189.3
2005,data.domesticmaterialconsumptionpercapita,,24.9
2005,data.domesticmaterialconsumptionpercapita,data.biomass,9.9
2005,data.domesticmaterialconsumptionpercapita,data.metallicminerals,0.1
2005,data.domesticmaterialconsumptionpercapita,data.non-metallicminerals,11.1
2005,data.domesticmaterialconsumptionpercapita,data.fossilenergyandotherproducts,3.9
2005,data.domesticmaterialconsumptionperunitofgdp,,114.2
2005,data.domesticmaterialconsumptionperunitofgdp,data.biomass,45.2
2005,data.domesticmaterialconsumptionperunitofgdp,data.metallicminerals,0.4
2005,data.domesticmaterialconsumptionperunitofgdp,data.non-metallicminerals,50.7
2005,data.domesticmaterialconsumptionperunitofgdp,data.fossilenergyandotherproducts,18.0
2006,data.domesticmaterialconsumption,,1333.3
2006,data.domesticmaterialconsumption,data.biomass,547.2
2006,data.domesticmaterialconsumption,data.metallicminerals,2.5
2006,data.domesticmaterialconsumption,data.non-metallicminerals,621.2
2006,data.domesticmaterialconsumption,data.fossilenergyandotherproducts,162.4
2006,data.domesticmaterialconsumptionpercapita,,27.7
2006,data.domesticmaterialconsumptionpercapita,data.biomass,11.4
2006,data.domesticmaterialconsumptionpercapita,data.metallicminerals,0.1
2006,data.domesticmaterialconsumptionpercapita,data.non-metallicminerals,12.9
2006,data.domesticmaterialconsumptionpercapita,data.fossilenergyandotherproducts,3.4
2006,data.domesticmaterialconsumptionperunitofgdp,,111.3
2006,data.domesticmaterialconsumptionperunitofgdp,data.biomass,45.7
2006,data.domesticmaterialconsumptionperunitofgdp,data.metallicminerals,0.2
2006,data.domesticmaterialconsumptionperunitofgdp,data.non-metallicminerals,51.8
2006,data.domesticmaterialconsumptionperunitofgdp,data.fossilenergyandotherproducts,13.6
2007,data.domesticmaterialconsumption,,1565.8
2007,data.domesticmaterialconsumption,data.biomass,511.0
2007,data.domesticmaterialconsumption,data.metallicminerals,2.5
2007,data.domesticmaterialconsumption,data.non-metallicminerals,894.2
2007,data.domesticmaterialconsumption,data.fossilenergyandotherproducts,158.2
2007,data.domesticmaterialconsumptionpercapita,,32.4
2007,data.domesticmaterialconsumptionpercapita,data.biomass,10.6
2007,data.domesticmaterialconsumptionpercapita,data.metallicminerals,0.1
2007,data.domesticmaterialconsumptionpercapita,data.non-metallicminerals,18.5
2007,data.domesticmaterialconsumptionpercapita,data.fossilenergyandotherproducts,3.3
2007,data.domesticmaterialconsumptionperunitofgdp,,123.3
2007,data.domesticmaterialconsumptionperunitofgdp,data.biomass,40.2
2007,data.domesticmaterialconsumptionperunitofgdp,data.metallicminerals,0.2
2007,data.domesticmaterialconsumptionperunitofgdp,data.non-metallicminerals,70.4
2007,data.domesticmaterialconsumptionperunitofgdp,data.fossilenergyandotherproducts,12.5
2008,data.domesticmaterialconsumption,,1496.3
2008,data.domesticmaterialconsumption,data.biomass,456.2
2008,data.domesticmaterialconsumption,data.metallicminerals,0.1
2008,data.domesticmaterialconsumption,data.non-metallicminerals,891.3
2008,data.domesticmaterialconsumption,data.fossilenergyandotherproducts,148.8
2008,data.domesticmaterialconsumptionpercapita,,30.9
2008,data.domesticmaterialconsumptionpercapita,data.biomass,9.4
2008,data.domesticmaterialconsumptionpercapita,data.metallicminerals,0.0
2008,data.domesticmaterialconsumptionpercapita,data.non-metallicminerals,18.4
2008,data.domesticmaterialconsumptionpercapita,data.fossilenergyandotherproducts,3.1
2008,data.domesticmaterialconsumptionperunitofgdp,,117.9
2008,data.domesticmaterialconsumptionperunitofgdp,data.biomass,36.0
2008,data.domesticmaterialconsumptionperunitofgdp,data.metallicminerals,0.0
2008,data.domesticmaterialconsumptionperunitofgdp,data.non-metallicminerals,70.3
2008,data.domesticmaterialconsumptionperunitofgdp,data.fossilenergyandotherproducts,11.7
2009,data.domesticmaterialconsumption,,830.0
2009,data.domesticmaterialconsumption,data.biomass,298.3
2009,data.domesticmaterialconsumption,data.metallicminerals,-1.6
2009,data.domesticmaterialconsumption,data.non-metallicminerals,402.9
2009,data.domesticmaterialconsumption,data.fossilenergyandotherproducts,130.3
2009,data.domesticmaterialconsumptionpercapita,,17.1
2009,data.domesticmaterialconsumptionpercapita,data.biomass,6.1
2009,data.domesticmaterialconsumptionpercapita,data.metallicminerals,0.0
2009,data.domesticmaterialconsumptionpercapita,data.non-metallicminerals,8.3
2009,data.domesticmaterialconsumptionpercapita,data.fossilenergyandotherproducts,2.7
2009,data.domesticmaterialconsumptionperunitofgdp,,67.4
2009,data.domesticmaterialconsumptionperunitofgdp,data.biomass,24.2
2009,data.domesticmaterialconsumptionperunitofgdp,data.metallicminerals,-0.1
2009,data.domesticmaterialconsumptionperunitofgdp,data.non-metallicminerals,32.7
2009,data.domesticmaterialconsumptionperunitofgdp,data.fossilenergyandotherproducts,10.6
2010,data.domesticmaterialconsumption,,756.4
2010,data.domesticmaterialconsumption,data.biomass,344.0
2010,data.domesticmaterialconsumption,data.metallicminerals,-3.2
2010,data.domesticmaterialconsumption,data.non-metallicminerals,262.1
2010,data.domesticmaterialconsumption,data.fossilenergyandotherproducts,153.5
2010,data.domesticmaterialconsumptionpercapita,,15.6
2010,data.domesticmaterialconsumptionpercapita,data.biomass,7.1
2010,data.domesticmaterialconsumptionpercapita,data.metallicminerals,-0.1
2010,data.domesticmaterialconsumptionpercapita,data.non-metallicminerals,5.4
2010,data.domesticmaterialconsumptionpercapita,data.fossilenergyandotherproducts,3.2
2010,data.domesticmaterialconsumptionperunitofgdp,,57.9
2010,data.domesticmaterialconsumptionperunitofgdp,data.biomass,26.3
2010,data.domesticmaterialconsumptionperunitofgdp,data.metallicminerals,-0.2
2010,data.domesticmaterialconsumptionperunitofgdp,data.non-metallicminerals,20.1
2010,data.domesticmaterialconsumptionperunitofgdp,data.fossilenergyandotherproducts,11.8
2011,data.domesticmaterialconsumption,,876.7
2011,data.domesticmaterialconsumption,data.biomass,359.6
2011,data.domesticmaterialconsumption,data.metallicminerals,1.0
2011,data.domesticmaterialconsumption,data.non-metallicminerals,366.4
2011,data.domesticmaterialconsumption,data.fossilenergyandotherproducts,149.7
2011,data.domesticmaterialconsumptionpercapita,,18.1
2011,data.domesticmaterialconsumptionpercapita,data.biomass,7.4
2011,data.domesticmaterialconsumptionpercapita,data.metallicminerals,0.0
2011,data.domesticmaterialconsumptionpercapita,data.non-metallicminerals,7.6
2011,data.domesticmaterialconsumptionpercapita,data.fossilenergyandotherproducts,3.1
2011,data.domesticmaterialconsumptionperunitofgdp,,65.3
2011,data.domesticmaterialconsumptionperunitofgdp,data.biomass,26.8
2011,data.domesticmaterialconsumptionperunitofgdp,data.metallicminerals,0.1
2011,data.domesticmaterialconsumptionperunitofgdp,data.non-metallicminerals,27.3
2011,data.domesticmaterialconsumptionperunitofgdp,data.fossilenergyandotherproducts,11.2
2012,data.domesticmaterialconsumption,,905.2
2012,data.domesticmaterialconsumption,data.biomass,225.3
2012,data.domesticmaterialconsumption,data.metallicminerals,3.4
2012,data.domesticmaterialconsumption,data.non-metallicminerals,472.7
2012,data.domesticmaterialconsumption,data.fossilenergyandotherproducts,203.8
2012,data.domesticmaterialconsumptionpercapita,,18.8
2012,data.domesticmaterialconsumptionpercapita,data.biomass,4.7
2012,data.domesticmaterialconsumptionpercapita,data.metallicminerals,0.1
2012,data.domesticmaterialconsumptionpercapita,data.non-metallicminerals,9.8
2012,data.domesticmaterialconsumptionpercapita,data.fossilenergyandotherproducts,4.2
2012,data.domesticmaterialconsumptionperunitofgdp,,64.7
2012,data.domesticmaterialconsumptionperunitofgdp,data.biomass,16.1
2012,data.domesticmaterialconsumptionperunitofgdp,data.metallicminerals,0.2
2012,data.domesticmaterialconsumptionperunitofgdp,data.non-metallicminerals,33.8
2012,data.domesticmaterialconsumptionperunitofgdp,data.fossilenergyandotherproducts,14.6
2013,data.domesticmaterialconsumption,,1044.4
2013,data.domesticmaterialconsumption,data.biomass,342.9
2013,data.domesticmaterialconsumption,data.metallicminerals,4.9
2013,data.domesticmaterialconsumption,data.non-metallicminerals,444.6
2013,data.domesticmaterialconsumption,data.fossilenergyandotherproducts,252.0
2013,data.domesticmaterialconsumptionpercapita,,21.7
2013,data.domesticmaterialconsumptionpercapita,data.biomass,7.1
2013,data.domesticmaterialconsumptionpercapita,data.metallicminerals,0.1
2013,data.domesticmaterialconsumptionpercapita,data.non-metallicminerals,9.2
2013,data.domesticmaterialconsumptionpercapita,data.fossilenergyandotherproducts,5.2
2013,data.domesticmaterialconsumptionperunitofgdp,,69.5
2013,data.domesticmaterialconsumptionperunitofgdp,data.biomass,22.8
2013,data.domesticmaterialconsumptionperunitofgdp,data.metallicminerals,0.3
2013,data.domesticmaterialconsumptionperunitofgdp,data.non-metallicminerals,29.6
2013,data.domesticmaterialconsumptionperunitofgdp,data.fossilenergyandotherproducts,16.8
2014,data.domesticmaterialconsumption,,1407.2
2014,data.domesticmaterialconsumption,data.biomass,365.4
2014,data.domesticmaterialconsumption,data.metallicminerals,6.1
2014,data.domesticmaterialconsumption,data.non-metallicminerals,786.1
2014,data.domesticmaterialconsumption,data.fossilenergyandotherproducts,249.6
2014,data.domesticmaterialconsumptionpercapita,,29.1
2014,data.domesticmaterialconsumptionpercapita,data.biomass,7.6
2014,data.domesticmaterialconsumptionpercapita,data.metallicminerals,0.1
2014,data.domesticmaterialconsumptionpercapita,data.non-metallicminerals,16.3
2014,data.domesticmaterialconsumptionpercapita,data.fossilenergyandotherproducts,5.2
2014,data.domesticmaterialconsumptionperunitofgdp,,86.4
2014,data.domesticmaterialconsumptionperunitofgdp,data.biomass,22.4
2014,data.domesticmaterialconsumptionperunitofgdp,data.metallicminerals,0.4
2014,data.domesticmaterialconsumptionperunitofgdp,data.non-metallicminerals,48.3
2014,data.domesticmaterialconsumptionperunitofgdp,data.fossilenergyandotherproducts,15.3
2015,data.domesticmaterialconsumption,,1132.6
2015,data.domesticmaterialconsumption,data.biomass,404.2
2015,data.domesticmaterialconsumption,data.metallicminerals,2.0
2015,data.domesticmaterialconsumption,data.non-metallicminerals,463.2
2015,data.domesticmaterialconsumption,data.fossilenergyandotherproducts,263.2
2015,data.domesticmaterialconsumptionpercapita,,23.2
2015,data.domesticmaterialconsumptionpercapita,data.biomass,8.3
2015,data.domesticmaterialconsumptionpercapita,data.metallicminerals,0.0
2015,data.domesticmaterialconsumptionpercapita,data.non-metallicminerals,9.5
2015,data.domesticmaterialconsumptionpercapita,data.fossilenergyandotherproducts,5.4
2015,data.domesticmaterialconsumptionperunitofgdp,,65.7
2015,data.domesticmaterialconsumptionperunitofgdp,data.biomass,23.5
2015,data.domesticmaterialconsumptionperunitofgdp,data.metallicminerals,0.1
2015,data.domesticmaterialconsumptionperunitofgdp,data.non-metallicminerals,26.9
2015,data.domesticmaterialconsumptionperunitofgdp,data.fossilenergyandotherproducts,15.3
2016,data.domesticmaterialconsumption,,1251.4
2016,data.domesticmaterialconsumption,data.biomass,304.9
2016,data.domesticmaterialconsumption,data.metallicminerals,18.7
2016,data.domesticmaterialconsumption,data.non-metallicminerals,675.1
2016,data.domesticmaterialconsumption,data.fossilenergyandotherproducts,252.8
2016,data.domesticmaterialconsumptionpercapita,,25.3
2016,data.domesticmaterialconsumptionpercapita,data.biomass,6.2
2016,data.domesticmaterialconsumptionpercapita,data.metallicminerals,0.4
2016,data.domesticmaterialconsumptionpercapita,data.non-metallicminerals,13.7
2016,data.domesticmaterialconsumptionpercapita,data.fossilenergyandotherproducts,5.1
2016,data.domesticmaterialconsumptionperunitofgdp,,66.3
2016,data.domesticmaterialconsumptionperunitofgdp,data.biomass,16.1
2016,data.domesticmaterialconsumptionperunitofgdp,data.metallicminerals,1.0
2016,data.domesticmaterialconsumptionperunitofgdp,data.non-metallicminerals,35.8
2016,data.domesticmaterialconsumptionperunitofgdp,data.fossilenergyandotherproducts,13.4
2017,data.domesticmaterialconsumption,,1524.7
2017,data.domesticmaterialconsumption,data.biomass,442.7
2017,data.domesticmaterialconsumption,data.metallicminerals,46.6
2017,data.domesticmaterialconsumption,data.non-metallicminerals,757.4
2017,data.domesticmaterialconsumption,data.fossilenergyandotherproducts,278.0
2017,data.domesticmaterialconsumptionpercapita,,30.4
2017,data.domesticmaterialconsumptionpercapita,data.biomass,8.8
2017,data.domesticmaterialconsumptionpercapita,data.metallicminerals,0.9
2017,data.domesticmaterialconsumptionpercapita,data.non-metallicminerals,15.1
2017,data.domesticmaterialconsumptionpercapita,data.fossilenergyandotherproducts,5.5
2017,data.domesticmaterialconsumptionperunitofgdp,,77.8
2017,data.domesticmaterialconsumptionperunitofgdp,data.biomass,22.6
2017,data.domesticmaterialconsumptionperunitofgdp,data.metallicminerals,2.4
2017,data.domesticmaterialconsumptionperunitofgdp,data.non-metallicminerals,38.6
2017,data.domesticmaterialconsumptionperunitofgdp,data.fossilenergyandotherproducts,14.2
2018,data.domesticmaterialconsumption,,1520.7
2018,data.domesticmaterialconsumption,data.biomass,409.0
2018,data.domesticmaterialconsumption,data.metallicminerals,47.3
2018,data.domesticmaterialconsumption,data.non-metallicminerals,764.8
2018,data.domesticmaterialconsumption,data.fossilenergyandotherproducts,299.7
2018,data.domesticmaterialconsumptionpercapita,,29.9
2018,data.domesticmaterialconsumptionpercapita,data.biomass,8.0
2018,data.domesticmaterialconsumptionpercapita,data.metallicminerals,0.9
2018,data.domesticmaterialconsumptionpercapita,data.non-metallicminerals,15.0
2018,data.domesticmaterialconsumptionpercapita,data.fossilenergyandotherproducts,5.9
2018,data.domesticmaterialconsumptionperunitofgdp,,75.7
2018,data.domesticmaterialconsumptionperunitofgdp,data.biomass,20.4
2018,data.domesticmaterialconsumptionperunitofgdp,data.metallicminerals,2.4
2018,data.domesticmaterialconsumptionperunitofgdp,data.non-metallicminerals,38.1
2018,data.domesticmaterialconsumptionperunitofgdp,data.fossilenergyandotherproducts,14.9
2019,data.domesticmaterialconsumption,,1557.7
2019,data.domesticmaterialconsumption,data.biomass,374.5
2019,data.domesticmaterialconsumption,data.metallicminerals,26.2
2019,data.domesticmaterialconsumption,data.non-metallicminerals,872.6
2019,data.domesticmaterialconsumption,data.fossilenergyandotherproducts,284.4
2019,data.domesticmaterialconsumptionpercapita,,30.1
2019,data.domesticmaterialconsumptionpercapita,data.biomass,7.2
2019,data.domesticmaterialconsumptionpercapita,data.metallicminerals,0.5
2019,data.domesticmaterialconsumptionpercapita,data.non-metallicminerals,16.9
2019,data.domesticmaterialconsumptionpercapita,data.fossilenergyandotherproducts,5.5
2019,data.domesticmaterialconsumptionperunitofgdp,,71.4
2019,data.domesticmaterialconsumptionperunitofgdp,data.biomass,17.2
2019,data.domesticmaterialconsumptionperunitofgdp,data.metallicminerals,1.2
2019,data.domesticmaterialconsumptionperunitofgdp,data.non-metallicminerals,40.0
2019,data.domesticmaterialconsumptionperunitofgdp,data.fossilenergyandotherproducts,13.0
2020,data.domesticmaterialconsumption,,1788.9
2020,data.domesticmaterialconsumption,data.biomass,415.6
2020,data.domesticmaterialconsumption,data.metallicminerals,24.1
2020,data.domesticmaterialconsumption,data.non-metallicminerals,1042.0
2020,data.domesticmaterialconsumption,data.fossilenergyandotherproducts,307.3
2020,data.domesticmaterialconsumptionpercapita,,34.1
2020,data.domesticmaterialconsumptionpercapita,data.biomass,7.9
2020,data.domesticmaterialconsumptionpercapita,data.metallicminerals,0.5
2020,data.domesticmaterialconsumptionpercapita,data.non-metallicminerals,19.8
2020,data.domesticmaterialconsumptionpercapita,data.fossilenergyandotherproducts,5.9
2020,data.domesticmaterialconsumptionperunitofgdp,,84.4
2020,data.domesticmaterialconsumptionperunitofgdp,data.biomass,19.6
2020,data.domesticmaterialconsumptionperunitofgdp,data.metallicminerals,1.1
2020,data.domesticmaterialconsumptionperunitofgdp,data.non-metallicminerals,49.1
2020,data.domesticmaterialconsumptionperunitofgdp,data.fossilenergyandotherproducts,14.5
