Year,Series,Units,occupation,data.occupation,Value
2010,DAD,FTE,ISCO08_221,,116.9
2010,DAD,FTE,ISCO08_222_322,,629.8
2010,DAD,FTE,ISCO08_2262,,62.0
2010,DAD,FTE,ISCO08_2261,,39.0
2011,DAD,FTE,ISCO08_221,,117.5
2011,DAD,FTE,ISCO08_222_322,,625.8
2011,DAD,FTE,ISCO08_2262,,56.0
2011,DAD,FTE,ISCO08_2261,,39.0
2012,DAD,FTE,ISCO08_221,,121.4
2012,DAD,FTE,ISCO08_222_322,,627.1
2012,DAD,FTE,ISCO08_2262,,58.0
2012,DAD,FTE,ISCO08_2261,,44.0
2013,DAD,FTE,ISCO08_221,,127.0
2013,DAD,FTE,ISCO08_222_322,,621.9
2013,DAD,FTE,ISCO08_2262,,57.7
2013,DAD,FTE,ISCO08_2261,,44.0
2014,DAD,FTE,ISCO08_221,,130.1
2014,DAD,FTE,ISCO08_222_322,,613.3
2014,DAD,FTE,ISCO08_2262,,61.0
2014,DAD,FTE,ISCO08_2261,,46.0
2015,DAD,FTE,ISCO08_221,,135.9
2015,DAD,FTE,ISCO08_222_322,,631.8
2015,DAD,FTE,ISCO08_2262,,64.7
2016,DAD,FTE,ISCO08_221,,139.1
2016,DAD,FTE,ISCO08_222_322,,653.6
2016,DAD,FTE,ISCO08_2262,,63.7
2017,DAD,FTE,ISCO08_221,,137.0
2017,DAD,FTE,ISCO08_222_322,,642.2
2017,DAD,FTE,ISCO08_2262,,68.9
2018,DAD,FTE,ISCO08_221,,149.1
2018,DAD,FTE,ISCO08_222_322,,681.6
2018,DAD,FTE,ISCO08_2262,,65.6
2019,DAD,FTE,ISCO08_221,,154.4
2019,DAD,FTE,ISCO08_222_322,,689.0
2019,DAD,FTE,ISCO08_2262,,69.1
2020,DAD,FTE,ISCO08_221,,158.6
2020,DAD,FTE,ISCO08_222_322,,688.0
2020,DAD,FTE,ISCO08_2262,,66.7
2020,DAD,FTE,ISCO08_2261,,51.0
2021,DAD,FTE,ISCO08_221,,169.3
2021,DAD,FTE,ISCO08_222_322,,711.7
2021,DAD,FTE,ISCO08_2262,,67.8
2021,DAD,FTE,ISCO08_2261,,51.0
2010,DAD,SH_MED_HWRKDIS,ISCO08_221,,24.1239836559495
2010,DAD,SH_MED_HWRKDIS,ISCO08_222_322,,129.968219901771
2010,DAD,SH_MED_HWRKDIS,ISCO08_2262,,12.7945850014446
2010,DAD,SH_MED_HWRKDIS,ISCO08_2261,,8.0482066944571
2011,DAD,SH_MED_HWRKDIS,ISCO08_221,,24.3256112456783
2011,DAD,SH_MED_HWRKDIS,ISCO08_222_322,,129.557170362089
2011,DAD,SH_MED_HWRKDIS,ISCO08_2262,,11.5934828064509
2011,DAD,SH_MED_HWRKDIS,ISCO08_2261,,8.0740326687783
2012,DAD,SH_MED_HWRKDIS,ISCO08_221,,25.2385605288871
2012,DAD,SH_MED_HWRKDIS,ISCO08_222_322,,130.371509947818
2012,DAD,SH_MED_HWRKDIS,ISCO08_2262,,12.0579613729444
2012,DAD,SH_MED_HWRKDIS,ISCO08_2261,,9.1474189725785
2013,DAD,SH_MED_HWRKDIS,ISCO08_221,,26.4178809531239
2013,DAD,SH_MED_HWRKDIS,ISCO08_222_322,,129.364410746045
2013,DAD,SH_MED_HWRKDIS,ISCO08_2262,,12.0024545747657
2013,DAD,SH_MED_HWRKDIS,ISCO08_2261,,9.1526516687988
2014,DAD,SH_MED_HWRKDIS,ISCO08_221,,26.9051804363561
2014,DAD,SH_MED_HWRKDIS,ISCO08_222_322,,126.832799090063
2014,DAD,SH_MED_HWRKDIS,ISCO08_2262,,12.6150346396443
2014,DAD,SH_MED_HWRKDIS,ISCO08_2261,,9.5129769413711
2015,DAD,SH_MED_HWRKDIS,ISCO08_221,,27.8238437442418
2015,DAD,SH_MED_HWRKDIS,ISCO08_222_322,,129.353233830846
2015,DAD,SH_MED_HWRKDIS,ISCO08_2262,,13.2465245787523
2016,DAD,SH_MED_HWRKDIS,ISCO08_221,,28.1351132686084
2016,DAD,SH_MED_HWRKDIS,ISCO08_222_322,,132.200647249191
2016,DAD,SH_MED_HWRKDIS,ISCO08_2262,,12.8843042071197
2017,DAD,SH_MED_HWRKDIS,ISCO08_221,,27.3343974461293
2017,DAD,SH_MED_HWRKDIS,ISCO08_222_322,,128.132482043097
2017,DAD,SH_MED_HWRKDIS,ISCO08_2262,,13.7470071827614
2018,DAD,SH_MED_HWRKDIS,ISCO08_221,,29.3174980828598
2018,DAD,SH_MED_HWRKDIS,ISCO08_222_322,,134.022848378788
2018,DAD,SH_MED_HWRKDIS,ISCO08_2262,,12.898912637395
2019,DAD,SH_MED_HWRKDIS,ISCO08_221,,29.8816539418043
2019,DAD,SH_MED_HWRKDIS,ISCO08_222_322,,133.344945375021
2019,DAD,SH_MED_HWRKDIS,ISCO08_2262,,13.3732013431262
2020,DAD,SH_MED_HWRKDIS,ISCO08_221,,30.2279484638256
2020,DAD,SH_MED_HWRKDIS,ISCO08_222_322,,131.12754440802
2020,DAD,SH_MED_HWRKDIS,ISCO08_2262,,12.7125104825799
2020,DAD,SH_MED_HWRKDIS,ISCO08_2261,,9.7202104139666
2021,DAD,SH_MED_HWRKDIS,ISCO08_221,,31.8230091822445
2021,DAD,SH_MED_HWRKDIS,ISCO08_222_322,,133.776938186671
2021,DAD,SH_MED_HWRKDIS,ISCO08_2262,,12.7442411255533
2021,DAD,SH_MED_HWRKDIS,ISCO08_2261,,9.5863760678941
2010,,data.fulltimeequivalent,,,847.7
2010,,data.fulltimeequivalent,,data.medicaldoctors,116.9
2010,,data.fulltimeequivalent,,data.nursingandmidwiferypersonnel,629.8
2010,,data.fulltimeequivalent,,data.pharmacists,62.0
2010,,data.fulltimeequivalent,,data.dentists,39.0
2010,,data.per10000population,,,174.9
2010,,data.per10000population,,data.medicaldoctors,24.1
2010,,data.per10000population,,data.nursingandmidwiferypersonnel,130.0
2010,,data.per10000population,,data.pharmacists,12.8
2010,,data.per10000population,,data.dentists,8.0
2011,,data.fulltimeequivalent,,,838.3
2011,,data.fulltimeequivalent,,data.medicaldoctors,117.5
2011,,data.fulltimeequivalent,,data.nursingandmidwiferypersonnel,625.8
2011,,data.fulltimeequivalent,,data.pharmacists,56.0
2011,,data.fulltimeequivalent,,data.dentists,39.0
2011,,data.per10000population,,,173.6
2011,,data.per10000population,,data.medicaldoctors,24.3
2011,,data.per10000population,,data.nursingandmidwiferypersonnel,129.6
2011,,data.per10000population,,data.pharmacists,11.6
2011,,data.per10000population,,data.dentists,8.1
2012,,data.fulltimeequivalent,,,850.5
2012,,data.fulltimeequivalent,,data.medicaldoctors,121.4
2012,,data.fulltimeequivalent,,data.nursingandmidwiferypersonnel,627.1
2012,,data.fulltimeequivalent,,data.pharmacists,58.0
2012,,data.fulltimeequivalent,,data.dentists,44.0
2012,,data.per10000population,,,176.8
2012,,data.per10000population,,data.medicaldoctors,25.2
2012,,data.per10000population,,data.nursingandmidwiferypersonnel,130.4
2012,,data.per10000population,,data.pharmacists,12.1
2012,,data.per10000population,,data.dentists,9.1
2013,,data.fulltimeequivalent,,,850.6
2013,,data.fulltimeequivalent,,data.medicaldoctors,127.0
2013,,data.fulltimeequivalent,,data.nursingandmidwiferypersonnel,621.9
2013,,data.fulltimeequivalent,,data.pharmacists,57.7
2013,,data.fulltimeequivalent,,data.dentists,44.0
2013,,data.per10000population,,,176.9
2013,,data.per10000population,,data.medicaldoctors,26.4
2013,,data.per10000population,,data.nursingandmidwiferypersonnel,129.4
2013,,data.per10000population,,data.pharmacists,12.0
2013,,data.per10000population,,data.dentists,9.2
2014,,data.fulltimeequivalent,,,850.4
2014,,data.fulltimeequivalent,,data.medicaldoctors,130.1
2014,,data.fulltimeequivalent,,data.nursingandmidwiferypersonnel,613.3
2014,,data.fulltimeequivalent,,data.pharmacists,61.0
2014,,data.fulltimeequivalent,,data.dentists,46.0
2014,,data.per10000population,,,175.9
2014,,data.per10000population,,data.medicaldoctors,26.9
2014,,data.per10000population,,data.nursingandmidwiferypersonnel,126.8
2014,,data.per10000population,,data.pharmacists,12.6
2014,,data.per10000population,,data.dentists,9.5
2015,,data.fulltimeequivalent,,,832.4
2015,,data.fulltimeequivalent,,data.medicaldoctors,135.9
2015,,data.fulltimeequivalent,,data.nursingandmidwiferypersonnel,631.8
2015,,data.fulltimeequivalent,,data.pharmacists,64.7
2015,,data.fulltimeequivalent,,data.dentists,
2015,,data.per10000population,,,170.4
2015,,data.per10000population,,data.medicaldoctors,27.8
2015,,data.per10000population,,data.nursingandmidwiferypersonnel,129.4
2015,,data.per10000population,,data.pharmacists,13.2
2015,,data.per10000population,,data.dentists,
2016,,data.fulltimeequivalent,,,856.4
2016,,data.fulltimeequivalent,,data.medicaldoctors,139.1
2016,,data.fulltimeequivalent,,data.nursingandmidwiferypersonnel,653.6
2016,,data.fulltimeequivalent,,data.pharmacists,63.7
2016,,data.fulltimeequivalent,,data.dentists,
2016,,data.per10000population,,,173.2
2016,,data.per10000population,,data.medicaldoctors,28.1
2016,,data.per10000population,,data.nursingandmidwiferypersonnel,132.2
2016,,data.per10000population,,data.pharmacists,12.9
2016,,data.per10000population,,data.dentists,
2017,,data.fulltimeequivalent,,,848.1
2017,,data.fulltimeequivalent,,data.medicaldoctors,137.0
2017,,data.fulltimeequivalent,,data.nursingandmidwiferypersonnel,642.2
2017,,data.fulltimeequivalent,,data.pharmacists,68.9
2017,,data.fulltimeequivalent,,data.dentists,
2017,,data.per10000population,,,169.2
2017,,data.per10000population,,data.medicaldoctors,27.3
2017,,data.per10000population,,data.nursingandmidwiferypersonnel,128.1
2017,,data.per10000population,,data.pharmacists,13.7
2017,,data.per10000population,,data.dentists,
2018,,data.fulltimeequivalent,,,896.3
2018,,data.fulltimeequivalent,,data.medicaldoctors,149.1
2018,,data.fulltimeequivalent,,data.nursingandmidwiferypersonnel,681.6
2018,,data.fulltimeequivalent,,data.pharmacists,65.6
2018,,data.fulltimeequivalent,,data.dentists,
2018,,data.per10000population,,,176.2
2018,,data.per10000population,,data.medicaldoctors,29.3
2018,,data.per10000population,,data.nursingandmidwiferypersonnel,134.0
2018,,data.per10000population,,data.pharmacists,12.9
2018,,data.per10000population,,data.dentists,
2019,,data.fulltimeequivalent,,,912.5
2019,,data.fulltimeequivalent,,data.medicaldoctors,154.4
2019,,data.fulltimeequivalent,,data.nursingandmidwiferypersonnel,689.0
2019,,data.fulltimeequivalent,,data.pharmacists,69.1
2019,,data.fulltimeequivalent,,data.dentists,
2019,,data.per10000population,,,176.6
2019,,data.per10000population,,data.medicaldoctors,29.9
2019,,data.per10000population,,data.nursingandmidwiferypersonnel,133.3
2019,,data.per10000population,,data.pharmacists,13.4
2019,,data.per10000population,,data.dentists,
2020,,data.fulltimeequivalent,,,964.3
2020,,data.fulltimeequivalent,,data.medicaldoctors,
2020,,data.fulltimeequivalent,,data.nursingandmidwiferypersonnel,688.0
2020,,data.fulltimeequivalent,,data.pharmacists,66.7
2020,,data.fulltimeequivalent,,data.dentists,51.0
2020,,data.per10000population,,,183.8
2020,,data.per10000population,,data.medicaldoctors,
2020,,data.per10000population,,data.nursingandmidwiferypersonnel,
2020,,data.per10000population,,data.pharmacists,12.7
2020,,data.per10000population,,data.dentists,9.7
2021,,data.fulltimeequivalent,,,999.8
2021,,data.fulltimeequivalent,,data.medicaldoctors,169.3
2021,,data.fulltimeequivalent,,data.nursingandmidwiferypersonnel,711.7
2021,,data.fulltimeequivalent,,data.pharmacists,67.8
2021,,data.fulltimeequivalent,,data.dentists,51.0
2021,,data.per10000population,,,187.9
2021,,data.per10000population,,data.medicaldoctors,31.8
2021,,data.per10000population,,data.nursingandmidwiferypersonnel,133.8
2021,,data.per10000population,,data.pharmacists,12.7
2021,,data.per10000population,,data.dentists,9.6
